level_id,session_date,year,side,entry_time,exit_time,entry_price,exit_price,level,anchor,cap,vxn_prev_close,exit_reason,pnl,gap_through
0_upper,2018-01-03,2018,upper,2018-01-03 04:06:00-05:00,2018-01-03 04:53:00-05:00,6529.134910517963,6529.134910517963,6529.134910517963,5.75,8.625,14.15999984741211,BE,-0.0,False
1_upper,2018-01-04,2018,upper,2018-01-03 19:09:00-05:00,2018-01-03 20:12:00-05:00,6591.363648739487,6582.363648739487,6591.363648739487,6.0,9.0,13.970000267028809,TP,9.0,False
4_upper,2018-01-09,2018,upper,2018-01-09 08:26:00-05:00,2018-01-09 09:35:00-05:00,6700.852925468027,6692.227925468027,6700.852925468027,5.75,8.625,14.630000114440918,TP,8.625,False
5_lower,2018-01-10,2018,lower,2018-01-10 05:59:00-05:00,2018-01-10 06:24:00-05:00,6644.365418961772,6654.865418961772,6644.365418961772,7.0,10.5,15.279999732971191,TP,10.5,False
5_upper,2018-01-12,2018,upper,2018-01-12 03:25:00-05:00,2018-01-12 04:13:00-05:00,6741.759581038228,6741.759581038228,6741.759581038228,6.25,9.375,14.56999969482422,BE,-0.0,False
9_upper,2018-01-16,2018,upper,2018-01-16 05:23:00-05:00,2018-01-16 09:35:00-05:00,6809.770647884909,6826.270647884909,6809.770647884909,11.0,16.5,16.34000015258789,SL,-16.5,False
46_upper,2018-03-08,2018,upper,2018-03-08 02:11:00-05:00,2018-03-08 07:16:00-05:00,6945.66025015068,6962.16025015068,6945.66025015068,11.0,16.5,19.26000022888184,SL,-16.5,False
42_upper,2018-03-08,2018,upper,2018-03-08 09:08:00-05:00,2018-03-08 09:57:00-05:00,6967.241668711537,6967.241668711537,6967.241668711537,12.25,18.375,19.26000022888184,BE,-0.0,False
45_upper,2018-03-09,2018,upper,2018-03-08 19:00:00-05:00,2018-03-08 19:46:00-05:00,7000.75,7000.75,6989.60835460164,16.0,24.0,17.299999237060547,BE,-0.0,True
41_upper,2018-03-09,2018,upper,2018-03-08 20:09:00-05:00,2018-03-08 23:35:00-05:00,7013.153575857334,6991.778575857334,7013.153575857334,14.25,21.375,17.299999237060547,TP,21.375,False
40_upper,2018-03-09,2018,upper,2018-03-09 08:36:00-05:00,2018-03-09 08:38:00-05:00,7057.28680551017,7047.53680551017,7057.28680551017,6.5,9.75,17.299999237060547,TP,9.75,False
49_upper,2018-03-13,2018,upper,2018-03-13 09:42:00-04:00,2018-03-13 10:55:00-04:00,7211.202029295153,7160.202029295153,7211.202029295153,34.0,51.0,19.239999771118164,TP,51.0,False
51_lower,2018-03-15,2018,lower,2018-03-14 21:10:00-04:00,2018-03-15 11:25:00-04:00,7027.927462033644,7095.802462033644,7027.927462033644,45.25,67.875,18.450000762939453,TP,67.875,False
71_upper,2018-04-17,2018,upper,2018-04-17 02:19:00-04:00,2018-04-17 04:18:00-04:00,6742.225463751627,6729.475463751627,6742.225463751627,8.5,12.75,19.43000030517578,TP,12.75,False
73_upper,2018-04-17,2018,upper,2018-04-17 06:13:00-04:00,2018-04-17 07:41:00-04:00,6747.283059462454,6747.283059462454,6747.283059462454,11.25,16.875,19.43000030517578,BE,-0.0,False
77_upper,2018-05-07,2018,upper,2018-05-07 00:30:00-04:00,2018-05-07 02:53:00-04:00,6828.16377343615,6815.41377343615,6828.16377343615,8.5,12.75,18.709999084472656,TP,12.75,False
93_lower,2018-05-15,2018,lower,2018-05-15 08:39:00-04:00,2018-05-15 09:32:00-04:00,6928.543047509258,6897.043047509258,6928.543047509258,21.0,31.5,17.510000228881836,SL,-31.5,False
91_lower,2018-05-15,2018,lower,2018-05-15 09:55:00-04:00,2018-05-15 11:10:00-04:00,6870.515226696004,6870.515226696004,6870.515226696004,47.75,71.625,17.510000228881836,BE,0.0,False
98_lower,2018-05-23,2018,lower,2018-05-22 21:51:00-04:00,2018-05-22 22:40:00-04:00,6878.121273342689,6878.121273342689,6878.121273342689,10.25,15.375,16.270000457763672,BE,0.0,False
99_lower,2018-05-23,2018,lower,2018-05-22 23:06:00-04:00,2018-05-23 03:20:00-04:00,6869.126676304564,6869.126676304564,6869.126676304564,10.25,15.375,16.270000457763672,BE,0.0,False
96_lower,2018-05-23,2018,lower,2018-05-23 03:24:00-04:00,2018-05-23 04:16:00-04:00,6862.149696078842,6844.149696078842,6862.149696078842,12.0,18.0,16.270000457763672,SL,-18.0,False
94_lower,2018-05-23,2018,lower,2018-05-23 05:42:00-04:00,2018-05-23 09:31:00-04:00,6829.859454475612,6856.859454475612,6829.859454475612,18.0,27.0,16.270000457763672,TP,27.0,False
94_upper,2018-05-24,2018,upper,2018-05-24 03:19:00-04:00,2018-05-24 04:48:00-04:00,6971.765545524388,6971.765545524388,6971.765545524388,16.5,24.75,15.81999969482422,BE,-0.0,False
98_upper,2018-05-25,2018,upper,2018-05-24 21:33:00-04:00,2018-05-24 22:19:00-04:00,6988.503726657311,6988.503726657311,6988.503726657311,11.75,17.625,16.059999465942383,BE,-0.0,False
103_lower,2018-05-29,2018,lower,2018-05-29 02:47:00-04:00,2018-05-29 03:15:00-04:00,6935.904766379892,6955.029766379892,6935.904766379892,12.75,19.125,18.420000076293945,TP,19.125,False
102_lower,2018-05-29,2018,lower,2018-05-29 04:32:00-04:00,2018-05-29 09:42:00-04:00,6899.922722627305,6943.797722627305,6899.922722627305,29.25,43.875,18.420000076293945,TP,43.875,False
93_upper,2018-06-01,2018,upper,2018-06-01 09:55:00-04:00,2018-06-01 10:55:00-04:00,7036.581952490742,7069.206952490742,7036.581952490742,21.75,32.625,15.109999656677246,SL,-32.625,False
107_upper,2018-06-04,2018,upper,2018-06-03 20:18:00-04:00,2018-06-04 03:53:00-04:00,7092.43659505992,7115.68659505992,7092.43659505992,15.5,23.25,15.489999771118164,SL,-23.25,False
108_upper,2018-06-05,2018,upper,2018-06-05 04:00:00-04:00,2018-06-05 10:04:00-04:00,7156.635231374005,7180.635231374005,7156.635231374005,16.0,24.0,15.329999923706056,SL,-24.0,False
110_upper,2018-06-07,2018,upper,2018-06-07 02:32:00-04:00,2018-06-07 03:05:00-04:00,7231.326699234774,7226.451699234774,7231.326699234774,3.25,4.875,16.450000762939453,TP,4.875,False
110_lower,2018-06-08,2018,lower,2018-06-08 04:10:00-04:00,2018-06-08 05:03:00-04:00,7113.548300765226,7113.548300765226,7113.548300765226,27.25,40.875,16.510000228881836,BE,0.0,False
112_upper,2018-06-11,2018,upper,2018-06-11 09:46:00-04:00,2018-06-11 10:18:00-04:00,7194.487916844135,7177.987916844135,7194.487916844135,11.0,16.5,16.450000762939453,TP,16.5,False
114_upper,2018-06-13,2018,upper,2018-06-12 20:23:00-04:00,2018-06-12 21:10:00-04:00,7254.301705073458,7254.301705073458,7254.301705073458,5.25,7.875,16.31999969482422,BE,-0.0,False
117_lower,2018-06-18,2018,lower,2018-06-18 09:34:00-04:00,2018-06-18 09:48:00-04:00,7214.541889345101,7237.041889345101,7214.541889345101,15.0,22.5,16.81999969482422,TP,22.5,False
116_lower,2018-06-19,2018,lower,2018-06-18 21:55:00-04:00,2018-06-19 02:00:00-04:00,7207.821104982877,7187.946104982877,7207.821104982877,13.25,19.875,17.290000915527344,SL,-19.875,False
118_lower,2018-06-19,2018,lower,2018-06-19 03:07:00-04:00,2018-06-19 04:26:00-04:00,7172.345652503716,7172.345652503716,7172.345652503716,18.0,27.0,17.290000915527344,BE,0.0,False
119_upper,2018-06-20,2018,upper,2018-06-19 20:02:00-04:00,2018-06-19 21:03:00-04:00,7262.911183414944,7241.536183414944,7262.911183414944,14.25,21.375,16.889999389648438,TP,21.375,False
118_upper,2018-06-20,2018,upper,2018-06-20 08:54:00-04:00,2018-06-20 09:42:00-04:00,7287.904347496284,7303.279347496284,7287.904347496284,10.25,15.375,16.889999389648438,SL,-15.375,False
116_upper,2018-06-21,2018,upper,2018-06-20 21:57:00-04:00,2018-06-20 22:19:00-04:00,7342.428895017123,7357.053895017123,7342.428895017123,9.75,14.625,18.88999938964844,SL,-14.625,False
131_upper,2018-07-06,2018,upper,2018-07-06 01:32:00-04:00,2018-07-06 09:40:00-04:00,7154.980786813723,7154.980786813723,7154.980786813723,37.5,56.25,18.71999931335449,BE,-0.0,False
123_upper,2018-07-09,2018,upper,2018-07-08 20:08:00-04:00,2018-07-08 21:14:00-04:00,7245.184324224052,7257.559324224052,7245.184324224052,8.25,12.375,17.90999984741211,SL,-12.375,False
133_upper,2018-07-10,2018,upper,2018-07-09 20:54:00-04:00,2018-07-09 21:44:00-04:00,7333.438705783388,7322.938705783388,7333.438705783388,7.0,10.5,17.899999618530273,TP,10.5,False
121_upper,2018-07-13,2018,upper,2018-07-12 23:46:00-04:00,2018-07-13 04:20:00-04:00,7406.569912336632,7397.944912336632,7406.569912336632,5.75,8.625,16.8799991607666,TP,8.625,False
140_lower,2018-07-23,2018,lower,2018-07-22 21:00:00-04:00,2018-07-23 09:40:00-04:00,7346.6858821268015,7318.9358821268015,7346.6858821268015,18.5,27.75,16.489999771118164,SL,-27.75,False
142_upper,2018-07-24,2018,upper,2018-07-23 19:52:00-04:00,2018-07-23 21:31:00-04:00,7438.102087580435,7438.102087580435,7438.102087580435,10.5,15.75,17.1299991607666,BE,-0.0,False
137_upper,2018-07-24,2018,upper,2018-07-23 21:45:00-04:00,2018-07-24 03:00:00-04:00,7442.534348931817,7431.284348931817,7442.534348931817,7.5,11.25,17.1299991607666,TP,11.25,False
140_upper,2018-07-24,2018,upper,2018-07-24 09:36:00-04:00,2018-07-24 11:03:00-04:00,7478.0641178731985,7449.9391178731985,7478.0641178731985,18.75,28.125,17.1299991607666,TP,28.125,False
153_upper,2018-08-07,2018,upper,2018-08-06 23:02:00-04:00,2018-08-07 00:41:00-04:00,7459.432390640652,7459.432390640652,7459.432390640652,5.5,8.25,14.760000228881836,BE,-0.0,False
146_upper,2018-08-07,2018,upper,2018-08-07 09:35:00-04:00,2018-08-07 09:44:00-04:00,7482.682503501307,7475.182503501307,7482.682503501307,5.0,7.5,14.760000228881836,TP,7.5,False
156_lower,2018-08-10,2018,lower,2018-08-10 06:04:00-04:00,2018-08-10 09:02:00-04:00,7424.720023865139,7424.720023865139,7424.720023865139,21.0,31.5,16.219999313354492,BE,0.0,False
161_lower,2018-08-17,2018,lower,2018-08-17 08:08:00-04:00,2018-08-17 09:28:00-04:00,7360.173904777643,7360.173904777643,7360.173904777643,10.25,15.375,15.859999656677246,BE,0.0,False
164_lower,2018-08-22,2018,lower,2018-08-21 19:14:00-04:00,2018-08-21 23:12:00-04:00,7352.896833553673,7380.646833553673,7352.896833553673,18.5,27.75,15.640000343322754,TP,27.75,False
165_upper,2018-08-23,2018,upper,2018-08-23 09:42:00-04:00,2018-08-23 09:49:00-04:00,7452.447510363063,7463.322510363063,7452.447510363063,7.25,10.875,15.789999961853027,SL,-10.875,False
161_upper,2018-08-23,2018,upper,2018-08-23 09:53:00-04:00,2018-08-23 10:57:00-04:00,7466.576095222357,7455.701095222357,7466.576095222357,7.25,10.875,15.789999961853027,TP,10.875,False
154_upper,2018-08-27,2018,upper,2018-08-26 19:44:00-04:00,2018-08-26 21:10:00-04:00,7522.8484656051105,7522.8484656051105,7522.8484656051105,18.75,28.125,15.600000381469728,BE,-0.0,False
156_upper,2018-08-27,2018,upper,2018-08-27 09:30:00-04:00,2018-08-27 09:38:00-04:00,7534.904976134861,7522.529976134861,7534.904976134861,8.25,12.375,15.600000381469728,TP,12.375,False
168_upper,2018-08-29,2018,upper,2018-08-28 22:28:00-04:00,2018-08-29 00:32:00-04:00,7599.9516883498845,7599.9516883498845,7599.9516883498845,5.25,7.875,15.270000457763672,BE,-0.0,False
173_lower,2018-09-04,2018,lower,2018-09-04 07:41:00-04:00,2018-09-04 09:30:00-04:00,7633.061168833607,7633.061168833607,7633.061168833607,14.5,21.75,17.100000381469727,BE,0.0,False
171_lower,2018-09-04,2018,lower,2018-09-04 09:39:00-04:00,2018-09-04 09:42:00-04:00,7604.500703523443,7590.250703523443,7604.500703523443,9.5,14.25,17.100000381469727,SL,-14.25,False
167_lower,2018-09-07,2018,lower,2018-09-07 09:00:00-04:00,2018-09-07 09:53:00-04:00,7401.824362995334,7462.199362995334,7401.824362995334,40.25,60.375,19.76000022888184,TP,60.375,False
179_upper,2018-09-12,2018,upper,2018-09-12 03:47:00-04:00,2018-09-12 04:00:00-04:00,7527.395003291416,7537.895003291416,7527.395003291416,7.0,10.5,17.469999313354492,SL,-10.5,False
178_upper,2018-09-13,2018,upper,2018-09-13 09:32:00-04:00,2018-09-13 09:45:00-04:00,7547.622652900693,7578.372652900693,7547.622652900693,20.5,30.75,16.450000762939453,SL,-30.75,False
176_upper,2018-09-14,2018,upper,2018-09-14 02:25:00-04:00,2018-09-14 09:30:00-04:00,7612.28905045813,7596.53905045813,7612.28905045813,10.5,15.75,16.1200008392334,TP,15.75,False
182_lower,2018-09-17,2018,lower,2018-09-17 09:36:00-04:00,2018-09-17 09:37:00-04:00,7544.14004620946,7531.01504620946,7544.14004620946,8.75,13.125,18.5,SL,-13.125,False
184_upper,2018-09-20,2018,upper,2018-09-20 09:43:00-04:00,2018-09-20 15:00:00-04:00,7584.795092564204,7607.25,7584.795092564204,21.5,32.25,16.200000762939453,cutoff,-22.454907435795576,False
183_upper,2018-09-21,2018,upper,2018-09-21 02:47:00-04:00,2018-09-21 05:28:00-04:00,7631.354115860666,7618.229115860666,7631.354115860666,8.75,13.125,16.84000015258789,TP,13.125,False
186_lower,2018-09-24,2018,lower,2018-09-24 09:31:00-04:00,2018-09-24 09:32:00-04:00,7499.12113621541,7485.24613621541,7499.12113621541,9.25,13.875,17.25,SL,-13.875,False
187_upper,2018-10-01,2018,upper,2018-09-30 19:08:00-04:00,2018-09-30 20:14:00-04:00,7688.758399715875,7688.758399715875,7688.758399715875,16.0,24.0,17.09000015258789,BE,-0.0,False
175_upper,2018-10-01,2018,upper,2018-09-30 22:17:00-04:00,2018-10-01 03:48:00-04:00,7702.894612183031,7714.894612183031,7702.894612183031,8.0,12.0,17.09000015258789,SL,-12.0,False
193_lower,2018-10-02,2018,lower,2018-10-02 04:46:00-04:00,2018-10-02 09:30:00-04:00,7641.621028945046,7664.496028945046,7641.621028945046,15.25,22.875,17.549999237060547,TP,22.875,False
286_upper,2019-02-13,2019,upper,2019-02-12 19:12:00-05:00,2019-02-12 20:01:00-05:00,7043.27827199871,7043.27827199871,7043.27827199871,13.5,20.25,19.0,BE,-0.0,False
281_upper,2019-02-13,2019,upper,2019-02-13 01:18:00-05:00,2019-02-13 03:58:00-05:00,7058.524825242923,7046.149825242923,7058.524825242923,8.25,12.375,19.0,TP,12.375,False
287_lower,2019-02-14,2019,lower,2019-02-14 09:31:00-05:00,2019-02-14 15:00:00-05:00,6981.2659991287555,7036.0,6981.2659991287555,58.0,87.0,19.020000457763672,cutoff,54.73400087124446,False
288_upper,2019-02-15,2019,upper,2019-02-15 09:28:00-05:00,2019-02-15 10:41:00-05:00,7071.945814887033,7071.945814887033,7071.945814887033,27.5,41.25,17.700000762939453,BE,-0.0,False
290_upper,2019-02-21,2019,upper,2019-02-20 22:40:00-05:00,2019-02-21 07:31:00-05:00,7110.376430518732,7066.876430518732,7110.376430518732,29.0,43.5,18.190000534057617,TP,43.5,False
290_lower,2019-02-21,2019,lower,2019-02-21 09:45:00-05:00,2019-02-21 11:58:00-05:00,7026.498569481268,7057.623569481268,7026.498569481268,20.75,31.125,18.190000534057617,TP,31.125,False
292_upper,2019-02-25,2019,upper,2019-02-25 06:24:00-05:00,2019-02-25 07:54:00-05:00,7137.312499692195,7137.312499692195,7137.312499692195,10.75,16.125,17.809999465942383,BE,-0.0,False
289_upper,2019-02-25,2019,upper,2019-02-25 08:47:00-05:00,2019-02-25 09:35:00-05:00,7144.790488080103,7157.165488080103,7144.790488080103,8.25,12.375,17.809999465942383,SL,-12.375,False
295_lower,2019-02-26,2019,lower,2019-02-25 20:28:00-05:00,2019-02-25 21:27:00-05:00,7101.039941058964,7083.414941058964,7101.039941058964,11.75,17.625,18.11000061035156,SL,-17.625,False
302_lower,2019-03-07,2019,lower,2019-03-06 19:05:00-05:00,2019-03-06 19:56:00-05:00,7097.747854027111,7097.747854027111,7097.747854027111,12.5,18.75,19.59000015258789,BE,0.0,False
301_lower,2019-03-07,2019,lower,2019-03-07 02:04:00-05:00,2019-03-07 05:59:00-05:00,7088.7027966258065,7096.2027966258065,7088.7027966258065,5.0,7.5,19.59000015258789,TP,7.5,False
296_lower,2019-03-07,2019,lower,2019-03-07 09:52:00-05:00,2019-03-07 11:34:00-05:00,7038.961093836613,7070.836093836613,7038.961093836613,21.25,31.875,19.59000015258789,TP,31.875,False
289_lower,2019-03-08,2019,lower,2019-03-08 08:30:00-05:00,2019-03-08 09:00:00-05:00,6998.584511919897,6980.959511919897,6998.584511919897,11.75,17.625,19.1200008392334,SL,-17.625,False
306_upper,2019-03-13,2019,upper,2019-03-13 08:00:00-04:00,2019-03-13 09:12:00-04:00,7262.804382013026,7262.804382013026,7262.804382013026,15.5,23.25,15.380000114440918,BE,-0.0,False
308_upper,2019-03-15,2019,upper,2019-03-15 09:56:00-04:00,2019-03-15 11:16:00-04:00,7332.254555376385,7332.254555376385,7332.254555376385,17.5,26.25,15.119999885559082,BE,-0.0,False
309_upper,2019-03-18,2019,upper,2019-03-18 09:58:00-04:00,2019-03-18 11:23:00-04:00,7364.223578148492,7347.723578148492,7364.223578148492,11.0,16.5,16.18000030517578,TP,16.5,False
311_lower,2019-03-25,2019,lower,2019-03-24 20:24:00-04:00,2019-03-24 20:37:00-04:00,7337.82254636648,7322.82254636648,7337.82254636648,10.0,15.0,19.440000534057617,SL,-15.0,False
315_upper,2019-03-26,2019,upper,2019-03-26 09:57:00-04:00,2019-03-26 10:32:00-04:00,7433.512851730817,7409.512851730817,7433.512851730817,16.0,24.0,18.6299991607666,TP,24.0,False
317_upper,2019-04-01,2019,upper,2019-03-31 19:05:00-04:00,2019-03-31 19:53:00-04:00,7455.804037375222,7455.804037375222,7455.804037375222,26.0,39.0,16.309999465942383,BE,-0.0,False
321_upper,2019-04-03,2019,upper,2019-04-02 21:45:00-04:00,2019-04-03 15:00:00-04:00,7556.688231456711,7564.5,7556.688231456711,41.5,62.25,16.6200008392334,cutoff,-7.811768543288963,False
326_upper,2019-04-11,2019,upper,2019-04-10 19:42:00-04:00,2019-04-10 21:31:00-04:00,7658.0460071098805,7658.0460071098805,7658.0460071098805,6.75,10.125,16.65999984741211,BE,-0.0,False
328_upper,2019-04-17,2019,upper,2019-04-16 21:59:00-04:00,2019-04-17 05:35:00-04:00,7699.333072790703,7699.333072790703,7699.333072790703,16.25,24.375,15.859999656677246,BE,-0.0,False
330_upper,2019-04-17,2019,upper,2019-04-17 08:03:00-04:00,2019-04-17 08:46:00-04:00,7708.943373859822,7722.068373859822,7708.943373859822,8.75,13.125,15.859999656677246,SL,-13.125,False
331_upper,2019-04-17,2019,upper,2019-04-17 09:23:00-04:00,2019-04-17 09:58:00-04:00,7730.394273932708,7704.519273932708,7730.394273932708,17.25,25.875,15.859999656677246,TP,25.875,False
333_upper,2019-04-23,2019,upper,2019-04-23 09:44:00-04:00,2019-04-23 10:03:00-04:00,7772.171559230863,7786.421559230863,7772.171559230863,9.5,14.25,16.149999618530273,SL,-14.25,False
336_lower,2019-04-26,2019,lower,2019-04-26 09:43:00-04:00,2019-04-26 15:00:00-04:00,7773.931429214922,7822.75,7773.931429214922,38.5,57.75,15.789999961853027,cutoff,48.81857078507801,False
339_lower,2019-04-30,2019,lower,2019-04-29 21:00:00-04:00,2019-04-30 03:01:00-04:00,7787.768622292595,7802.393622292595,7787.768622292595,9.75,14.625,16.600000381469727,TP,14.625,False
347_upper,2019-05-10,2019,upper,2019-05-09 20:24:00-04:00,2019-05-09 20:28:00-04:00,7651.573096473161,7609.198096473161,7651.573096473161,28.25,42.375,19.100000381469727,TP,42.375,False
367_upper,2019-06-07,2019,upper,2019-06-07 04:08:00-04:00,2019-06-07 08:50:00-04:00,7306.2149127648445,7329.0899127648445,7306.2149127648445,15.25,22.875,19.93000030517578,SL,-22.875,False
354_upper,2019-06-10,2019,upper,2019-06-10 09:33:00-04:00,2019-06-10 09:41:00-04:00,7490.945550165439,7514.195550165439,7490.945550165439,15.5,23.25,19.979999542236328,SL,-23.25,False
356_upper,2019-06-10,2019,upper,2019-06-10 09:42:00-04:00,2019-06-10 10:17:00-04:00,7514.957749626323,7538.207749626323,7514.957749626323,15.5,23.25,19.979999542236328,SL,-23.25,False
372_upper,2019-06-18,2019,upper,2019-06-18 04:18:00-04:00,2019-06-18 06:46:00-04:00,7584.937138920871,7623.562138920871,7584.937138920871,25.75,38.625,19.51000022888184,SL,-38.625,False
370_upper,2019-06-18,2019,upper,2019-06-18 09:40:00-04:00,2019-06-18 09:42:00-04:00,7662.43816592718,7682.68816592718,7662.43816592718,13.5,20.25,19.51000022888184,SL,-20.25,False
376_upper,2019-06-20,2019,upper,2019-06-19 21:09:00-04:00,2019-06-19 21:55:00-04:00,7748.238854969065,7748.238854969065,7748.238854969065,15.0,22.5,18.709999084472656,BE,-0.0,False
375_upper,2019-06-20,2019,upper,2019-06-19 23:49:00-04:00,2019-06-20 02:26:00-04:00,7765.55530926014,7765.55530926014,7765.55530926014,16.5,24.75,18.709999084472656,BE,-0.0,False
379_upper,2019-07-01,2019,upper,2019-07-01 03:03:00-04:00,2019-07-01 06:15:00-04:00,7829.290057770993,7829.290057770993,7829.290057770993,13.75,20.625,17.639999389648438,BE,-0.0,False
385_upper,2019-07-03,2019,upper,2019-07-03 03:15:00-04:00,2019-07-03 03:34:00-04:00,7845.729041524407,7856.604041524407,7845.729041524407,7.25,10.875,16.149999618530273,SL,-10.875,False
377_upper,2019-07-03,2019,upper,2019-07-03 04:55:00-04:00,2019-07-03 13:14:00-04:00,7864.7414727131645,7888.25,7864.7414727131645,24.75,37.125,16.149999618530273,cutoff,-23.508527286835488,False
387_lower,2019-07-05,2019,lower,2019-07-05 08:30:00-04:00,2019-07-05 08:31:00-04:00,7857.780845939943,7873.905845939943,7857.780845939943,10.75,16.125,16.469999313354492,TP,16.125,False
386_lower,2019-07-08,2019,lower,2019-07-08 09:37:00-04:00,2019-07-08 10:30:00-04:00,7791.326459544721,7791.326459544721,7791.326459544721,9.25,13.875,17.770000457763672,BE,0.0,False
388_lower,2019-07-09,2019,lower,2019-07-08 23:23:00-04:00,2019-07-09 03:50:00-04:00,7762.717990386845,7744.717990386845,7762.717990386845,12.0,18.0,17.420000076293945,SL,-18.0,False
389_upper,2019-07-10,2019,upper,2019-07-10 08:33:00-04:00,2019-07-10 08:36:00-04:00,7873.192209136437,7889.317209136437,7873.192209136437,10.75,16.125,16.43000030517578,SL,-16.125,False
384_upper,2019-07-10,2019,upper,2019-07-10 09:32:00-04:00,2019-07-10 15:00:00-04:00,7913.106717944328,7916.5,7913.106717944328,84.75,127.125,16.43000030517578,cutoff,-3.393282055671989,False
392_upper,2019-07-16,2019,upper,2019-07-15 19:54:00-04:00,2019-07-15 20:41:00-04:00,7994.358280096334,7994.358280096334,7994.358280096334,5.25,7.875,16.65999984741211,BE,-0.0,False
399_upper,2019-07-23,2019,upper,2019-07-23 08:08:00-04:00,2019-07-23 09:38:00-04:00,7959.990078487765,7944.615078487765,7959.990078487765,10.25,15.375,16.06999969482422,TP,15.375,False
403_lower,2019-07-30,2019,lower,2019-07-30 07:31:00-04:00,2019-07-30 08:35:00-04:00,7941.555932796677,7941.555932796677,7941.555932796677,13.75,20.625,17.530000686645508,BE,0.0,False
429_upper,2019-09-05,2019,upper,2019-09-04 20:04:00-04:00,2019-09-04 20:09:00-04:00,7734.292320353883,7744.792320353883,7734.292320353883,7.0,10.5,19.90999984741211,SL,-10.5,False
430_upper,2019-09-05,2019,upper,2019-09-04 21:02:00-04:00,2019-09-04 21:31:00-04:00,7749.207958554301,7790.082958554301,7749.207958554301,27.25,40.875,19.90999984741211,SL,-40.875,False
413_upper,2019-09-05,2019,upper,2019-09-04 21:37:00-04:00,2019-09-04 22:10:00-04:00,7793.271226938899,7834.146226938899,7793.271226938899,27.25,40.875,19.90999984741211,SL,-40.875,False
422_upper,2019-09-05,2019,upper,2019-09-05 09:52:00-04:00,2019-09-05 10:15:00-04:00,7843.3480679495615,7867.7230679495615,7843.3480679495615,16.25,24.375,19.90999984741211,SL,-24.375,False
433_lower,2019-09-10,2019,lower,2019-09-10 03:41:00-04:00,2019-09-10 06:27:00-04:00,7792.904046735641,7815.029046735641,7792.904046735641,14.75,22.125,19.56999969482422,TP,22.125,False
436_upper,2019-09-12,2019,upper,2019-09-11 19:22:00-04:00,2019-09-11 19:24:00-04:00,7921.3221564805135,7933.6971564805135,7921.3221564805135,8.25,12.375,17.8799991607666,SL,-12.375,False
432_upper,2019-09-12,2019,upper,2019-09-11 19:25:00-04:00,2019-09-11 19:26:00-04:00,7938.40261158739,7950.77761158739,7938.40261158739,8.25,12.375,17.8799991607666,SL,-12.375,False
439_upper,2019-09-19,2019,upper,2019-09-19 09:32:00-04:00,2019-09-19 15:00:00-04:00,7939.129790605412,7930.75,7939.129790605412,39.25,58.875,17.549999237060547,cutoff,8.379790605412381,False
435_lower,2019-09-25,2019,lower,2019-09-25 04:49:00-04:00,2019-09-25 10:54:00-04:00,7698.761779676393,7744.511779676393,7698.761779676393,30.5,45.75,19.13999938964844,TP,45.75,False
454_upper,2019-10-11,2019,upper,2019-10-11 04:10:00-04:00,2019-10-11 05:02:00-04:00,7817.0371943287655,7845.1621943287655,7817.0371943287655,18.75,28.125,19.440000534057617,SL,-28.125,False
447_upper,2019-10-11,2019,upper,2019-10-11 09:49:00-04:00,2019-10-11 11:31:00-04:00,7884.881813648036,7903.631813648036,7884.881813648036,12.5,18.75,19.440000534057617,SL,-18.75,False
460_upper,2019-10-17,2019,upper,2019-10-17 05:31:00-04:00,2019-10-17 10:49:00-04:00,7971.955612648202,7943.830612648202,7971.955612648202,18.75,28.125,17.389999389648438,TP,28.125,False
464_upper,2019-10-22,2019,upper,2019-10-22 09:34:00-04:00,2019-10-22 09:36:00-04:00,7986.401104246743,7971.026104246743,7986.401104246743,10.25,15.375,18.34000015258789,TP,15.375,False
466_upper,2019-10-24,2019,upper,2019-10-24 03:15:00-04:00,2019-10-24 06:12:00-04:00,7934.28716641723,7934.28716641723,7934.28716641723,14.0,21.0,17.350000381469727,BE,-0.0,False
469_upper,2019-11-01,2019,upper,2019-11-01 09:54:00-04:00,2019-11-01 15:00:00-04:00,8143.651822073346,8146.25,8143.651822073346,35.5,53.25,16.270000457763672,cutoff,-2.598177926653989,False
472_upper,2019-11-04,2019,upper,2019-11-03 21:37:00-05:00,2019-11-03 21:37:00-05:00,8184.4999706264025,8184.75,8184.4999706264025,10.25,15.375,16.559999465942383,cutoff,-0.2500293735974992,False
473_upper,2019-11-04,2019,upper,2019-11-04 05:02:00-05:00,2019-11-04 08:31:00-05:00,8206.423598005367,8223.298598005367,8206.423598005367,11.25,16.875,16.559999465942383,SL,-16.875,False
482_upper,2019-11-15,2019,upper,2019-11-14 20:15:00-05:00,2019-11-14 21:56:00-05:00,8303.323514829619,8303.323514829619,8303.323514829619,34.5,51.75,14.56999969482422,BE,-0.0,False
481_upper,2019-11-15,2019,upper,2019-11-15 08:48:00-05:00,2019-11-15 09:59:00-05:00,8308.599787545481,8290.974787545481,8308.599787545481,11.75,17.625,14.56999969482422,TP,17.625,False
480_upper,2019-11-18,2019,upper,2019-11-18 02:16:00-05:00,2019-11-18 02:17:00-05:00,8325.258197873129,8332.758197873129,8325.258197873129,5.0,7.5,14.9399995803833,SL,-7.5,False
484_upper,2019-11-19,2019,upper,2019-11-19 03:23:00-05:00,2019-11-19 03:32:00-05:00,8363.69098040014,8354.31598040014,8363.69098040014,6.25,9.375,15.25,TP,9.375,False
485_lower,2019-11-20,2019,lower,2019-11-20 03:54:00-05:00,2019-11-20 05:15:00-05:00,8296.92587972569,8296.92587972569,8296.92587972569,24.75,37.125,15.609999656677246,BE,0.0,False
487_upper,2019-11-25,2019,upper,2019-11-25 09:34:00-05:00,2019-11-25 10:10:00-05:00,8337.282692203938,8359.032692203938,8337.282692203938,14.5,21.75,15.079999923706056,SL,-21.75,False
485_upper,2019-11-26,2019,upper,2019-11-25 20:46:00-05:00,2019-11-25 21:47:00-05:00,8414.82412027431,8382.94912027431,8414.82412027431,21.25,31.875,14.779999732971191,TP,31.875,False
492_lower,2019-12-02,2019,lower,2019-12-02 09:30:00-05:00,2019-12-02 09:39:00-05:00,8403.609446385071,8373.984446385071,8403.609446385071,19.75,29.625,18.06999969482422,SL,-29.625,False
491_lower,2019-12-02,2019,lower,2019-12-02 09:40:00-05:00,2019-12-02 10:00:00-05:00,8363.173461706589,8333.548461706589,8363.173461706589,19.75,29.625,18.06999969482422,SL,-29.625,False
494_lower,2019-12-03,2019,lower,2019-12-03 07:45:00-05:00,2019-12-03 08:32:00-05:00,8261.172082087238,8229.672082087238,8261.172082087238,21.0,31.5,19.15999984741211,SL,-31.5,False
487_lower,2019-12-03,2019,lower,2019-12-03 09:04:00-05:00,2019-12-03 15:00:00-05:00,8216.717307796062,8230.5,8216.717307796062,40.0,60.0,19.15999984741211,cutoff,13.782692203938495,False
495_upper,2019-12-04,2019,upper,2019-12-04 04:07:00-05:00,2019-12-04 15:00:00-05:00,8288.801957918473,8313.5,8288.801957918473,27.25,40.875,18.32999992370605,cutoff,-24.698042081527092,False
496_upper,2019-12-06,2019,upper,2019-12-06 08:41:00-05:00,2019-12-06 10:50:00-05:00,8372.8689328482,8393.1189328482,8372.8689328482,13.5,20.25,16.440000534057617,SL,-20.25,False
499_lower,2019-12-10,2019,lower,2019-12-10 03:52:00-05:00,2019-12-10 03:55:00-05:00,8329.83248049312,8320.83248049312,8329.83248049312,6.0,9.0,18.020000457763672,SL,-9.0,False
498_lower,2019-12-10,2019,lower,2019-12-10 06:27:00-05:00,2019-12-10 08:15:00-05:00,8313.651757845686,8335.776757845686,8313.651757845686,14.75,22.125,18.020000457763672,TP,22.125,False
498_upper,2019-12-12,2019,upper,2019-12-12 09:38:00-05:00,2019-12-12 10:00:00-05:00,8437.348242154314,8470.348242154314,8437.348242154314,22.0,33.0,16.549999237060547,SL,-33.0,False
502_upper,2019-12-13,2019,upper,2019-12-13 05:31:00-05:00,2019-12-13 07:01:00-05:00,8544.400039693046,8530.900039693046,8544.400039693046,9.0,13.5,15.09000015258789,TP,13.5,False
503_upper,2019-12-16,2019,upper,2019-12-16 09:45:00-05:00,2019-12-16 10:23:00-05:00,8594.903059526845,8609.153059526845,8594.903059526845,9.5,14.25,14.020000457763672,SL,-14.25,False
508_upper,2019-12-26,2019,upper,2019-12-26 09:45:00-05:00,2019-12-26 11:20:00-05:00,8756.55477276877,8775.67977276877,8756.55477276877,12.75,19.125,15.06999969482422,SL,-19.125,False
512_lower,2019-12-30,2019,lower,2019-12-30 09:38:00-05:00,2019-12-30 09:45:00-05:00,8742.97249466529,8723.09749466529,8742.97249466529,13.25,19.875,17.899999618530273,SL,-19.875,False
514_lower,2020-01-03,2020,lower,2020-01-03 05:56:00-05:00,2020-01-03 08:13:00-05:00,8743.715344071625,8793.965344071625,8743.715344071625,33.5,50.25,16.950000762939453,TP,50.25,False
515_upper,2020-01-07,2020,upper,2020-01-06 21:23:00-05:00,2020-01-06 23:25:00-05:00,8881.00840595395,8881.00840595395,8881.00840595395,14.0,21.0,17.149999618530273,BE,-0.0,False
515_lower,2020-01-08,2020,lower,2020-01-07 19:32:00-05:00,2020-01-08 06:28:00-05:00,8696.61659404605,8876.99159404605,8696.61659404605,120.25,180.375,16.93000030517578,TP,180.375,False
524_upper,2020-01-17,2020,upper,2020-01-17 04:51:00-05:00,2020-01-17 11:13:00-05:00,9163.275526241003,9136.650526241003,9163.275526241003,17.75,26.625,14.970000267028809,TP,26.625,False
526_lower,2020-01-21,2020,lower,2020-01-20 21:35:00-05:00,2020-01-21 01:42:00-05:00,9121.972242453598,9121.972242453598,9121.972242453598,39.75,59.625,16.219999313354492,BE,0.0,False
526_upper,2020-01-22,2020,upper,2020-01-21 21:51:00-05:00,2020-01-21 21:57:00-05:00,9212.777757546402,9230.027757546402,9212.777757546402,11.5,17.25,16.489999771118164,SL,-17.25,False
525_upper,2020-01-22,2020,upper,2020-01-22 01:06:00-05:00,2020-01-22 03:47:00-05:00,9236.007077102986,9224.757077102986,9236.007077102986,7.5,11.25,16.489999771118164,TP,11.25,False
528_lower,2020-01-23,2020,lower,2020-01-23 09:35:00-05:00,2020-01-23 09:58:00-05:00,9157.475099792833,9184.100099792833,9157.475099792833,17.75,26.625,16.229999542236328,TP,26.625,False
529_upper,2020-01-24,2020,upper,2020-01-24 03:07:00-05:00,2020-01-24 03:35:00-05:00,9274.55896358009,9285.05896358009,9274.55896358009,7.0,10.5,18.06999969482422,SL,-10.5,False
533_lower,2020-01-30,2020,lower,2020-01-30 02:06:00-05:00,2020-01-30 03:03:00-05:00,9012.488205660382,9012.488205660382,9012.488205660382,19.5,29.25,17.75,BE,0.0,False
536_upper,2020-02-04,2020,upper,2020-02-04 03:23:00-05:00,2020-02-04 04:26:00-05:00,9218.804595713065,9218.804595713065,9218.804595713065,28.0,42.0,18.450000762939453,BE,-0.0,False
533_upper,2020-02-04,2020,upper,2020-02-04 07:40:00-05:00,2020-02-04 10:29:00-05:00,9252.011794339618,9280.511794339618,9252.011794339618,19.0,28.5,18.450000762939453,SL,-28.5,False
538_upper,2020-02-11,2020,upper,2020-02-10 20:45:00-05:00,2020-02-11 15:00:00-05:00,9567.69569543655,9536.0,9567.69569543655,32.5,48.75,19.65999984741211,cutoff,31.695695436550523,False
544_upper,2020-02-14,2020,upper,2020-02-13 22:02:00-05:00,2020-02-13 22:49:00-05:00,9650.077889608092,9650.077889608092,9650.077889608092,21.0,31.5,17.950000762939453,BE,-0.0,False
543_upper,2020-02-17,2020,upper,2020-02-16 20:47:00-05:00,2020-02-16 21:44:00-05:00,9673.031877068039,9673.031877068039,9673.031877068039,13.25,19.875,17.950000762939453,BE,-0.0,False
542_upper,2020-02-17,2020,upper,2020-02-17 00:41:00-05:00,2020-02-17 01:19:00-05:00,9676.808177323495,9683.183177323495,9676.808177323495,4.25,6.375,17.950000762939453,SL,-6.375,False
547_upper,2020-02-19,2020,upper,2020-02-19 07:58:00-05:00,2020-02-19 08:47:00-05:00,9684.604784625351,9684.604784625351,9684.604784625351,9.5,14.25,18.57999992370605,BE,-0.0,False
545_upper,2020-02-19,2020,upper,2020-02-19 09:36:00-05:00,2020-02-19 10:20:00-05:00,9706.908512159982,9720.033512159982,9706.908512159982,8.75,13.125,18.57999992370605,SL,-13.125,False
876_upper,2021-06-10,2021,upper,2021-06-10 09:46:00-04:00,2021-06-10 15:00:00-04:00,13935.08558585964,13952.75,13935.08558585964,109.5,164.25,19.979999542236328,cutoff,-17.66441414035944,False
891_upper,2021-06-23,2021,upper,2021-06-22 20:10:00-04:00,2021-06-22 23:04:00-04:00,14282.770750377364,14297.395750377364,14282.770750377364,9.75,14.625,19.81999969482422,SL,-14.625,False
896_upper,2021-07-02,2021,upper,2021-07-02 09:01:00-04:00,2021-07-02 15:00:00-04:00,14643.198381504113,14689.5,14643.198381504113,56.75,85.125,19.280000686645508,cutoff,-46.30161849588694,False
904_upper,2021-07-12,2021,upper,2021-07-12 08:20:00-04:00,2021-07-12 09:39:00-04:00,14868.276518067436,14842.026518067436,14868.276518067436,17.5,26.25,19.68000030517578,TP,26.25,False
912_upper,2021-07-22,2021,upper,2021-07-22 09:42:00-04:00,2021-07-22 10:41:00-04:00,14882.366829089071,14919.116829089071,14882.366829089071,24.5,36.75,19.780000686645508,SL,-36.75,False
913_upper,2021-07-23,2021,upper,2021-07-23 05:39:00-04:00,2021-07-23 07:25:00-04:00,15012.191094334647,14983.316094334647,15012.191094334647,19.25,28.875,19.059999465942383,TP,28.875,False
925_lower,2021-08-12,2021,lower,2021-08-12 09:36:00-04:00,2021-08-12 10:29:00-04:00,14956.42257734829,15020.17257734829,14956.42257734829,42.5,63.75,19.39999961853028,TP,63.75,False
932_upper,2021-08-23,2021,upper,2021-08-23 01:11:00-04:00,2021-08-23 01:16:00-04:00,15153.221444576327,15144.221444576327,15153.221444576327,6.0,9.0,19.799999237060547,TP,9.0,False
928_upper,2021-08-23,2021,upper,2021-08-23 09:32:00-04:00,2021-08-23 09:40:00-04:00,15160.25267047382,15185.37767047382,15160.25267047382,16.75,25.125,19.799999237060547,SL,-25.125,False
922_upper,2021-08-23,2021,upper,2021-08-23 09:46:00-04:00,2021-08-23 10:02:00-04:00,15196.921396699883,15222.046396699883,15196.921396699883,16.75,25.125,19.799999237060547,SL,-25.125,False
935_upper,2021-08-24,2021,upper,2021-08-24 02:36:00-04:00,2021-08-24 07:52:00-04:00,15364.265950275054,15334.265950275054,15364.265950275054,20.0,30.0,19.86000061035156,TP,30.0,False
936_upper,2021-08-30,2021,upper,2021-08-30 09:33:00-04:00,2021-08-30 09:38:00-04:00,15484.655610356942,15506.780610356942,15484.655610356942,14.75,22.125,19.07999992370605,SL,-22.125,False
940_upper,2021-08-31,2021,upper,2021-08-31 02:14:00-04:00,2021-08-31 05:39:00-04:00,15671.691483257986,15631.941483257986,15671.691483257986,26.5,39.75,19.479999542236328,TP,39.75,False
972_upper,2021-10-14,2021,upper,2021-10-14 08:30:00-04:00,2021-10-14 09:43:00-04:00,14938.793156548334,14938.793156548334,14938.793156548334,45.75,68.625,19.09000015258789,BE,-0.0,False
971_upper,2021-10-14,2021,upper,2021-10-14 09:52:00-04:00,2021-10-14 11:58:00-04:00,14953.877863206815,15015.752863206815,14953.877863206815,41.25,61.875,19.09000015258789,SL,-61.875,False
969_upper,2021-10-15,2021,upper,2021-10-15 01:58:00-04:00,2021-10-15 02:20:00-04:00,15107.52000177922,15068.52000177922,15107.52000177922,26.0,39.0,18.51000022888184,TP,39.0,False
977_upper,2021-10-26,2021,upper,2021-10-25 20:09:00-04:00,2021-10-25 21:21:00-04:00,15555.53419964312,15582.53419964312,15555.53419964312,18.0,27.0,19.3799991607666,SL,-27.0,False
1369_upper,2023-05-10,2023,upper,2023-05-10 09:32:00-04:00,2023-05-10 15:00:00-04:00,13410.064913270078,13390.0,13410.064913270078,139.25,200.0,19.76000022888184,cutoff,20.06491327007825,False
1371_upper,2023-05-11,2023,upper,2023-05-11 03:46:00-04:00,2023-05-11 04:32:00-04:00,13454.855520657635,13454.855520657635,13454.855520657635,22.0,33.0,19.39999961853028,BE,-0.0,False
1392_upper,2023-06-02,2023,upper,2023-06-02 05:14:00-04:00,2023-06-02 06:18:00-04:00,14550.866559532675,14550.866559532675,14550.866559532675,26.75,40.125,19.290000915527344,BE,-0.0,False
1404_lower,2023-06-20,2023,lower,2023-06-20 01:20:00-04:00,2023-06-20 02:06:00-04:00,15222.97180417187,15222.97180417187,15222.97180417187,8.25,12.375,19.950000762939453,BE,0.0,False
1406_lower,2023-06-22,2023,lower,2023-06-22 02:13:00-04:00,2023-06-22 03:02:00-04:00,14975.540735129565,14975.540735129565,14975.540735129565,26.5,39.75,18.81999969482422,BE,0.0,False
1412_upper,2023-06-30,2023,upper,2023-06-30 08:38:00-04:00,2023-06-30 09:24:00-04:00,15254.069572783555,15254.069572783555,15254.069572783555,19.25,28.875,19.549999237060547,BE,-0.0,False
1413_upper,2023-06-30,2023,upper,2023-06-30 09:43:00-04:00,2023-06-30 15:00:00-04:00,15290.171958931223,15336.75,15290.171958931223,87.5,131.25,19.549999237060547,cutoff,-46.578041068776656,False
1407_upper,2023-07-03,2023,upper,2023-07-03 04:11:00-04:00,2023-07-03 06:05:00-04:00,15385.778277982936,15358.403277982936,15385.778277982936,18.25,27.375,19.8700008392334,TP,27.375,False
1418_upper,2023-07-12,2023,upper,2023-07-12 08:30:00-04:00,2023-07-12 08:31:00-04:00,15359.868794196565,15407.118794196565,15359.868794196565,31.5,47.25,19.479999542236328,SL,-47.25,False
1406_upper,2023-07-12,2023,upper,2023-07-12 09:48:00-04:00,2023-07-12 15:00:00-04:00,15454.584264870435,15454.25,15454.584264870435,124.75,187.125,19.479999542236328,cutoff,0.3342648704347084,False
1417_upper,2023-07-13,2023,upper,2023-07-13 00:13:00-04:00,2023-07-13 00:56:00-04:00,15527.892235680834,15500.142235680834,15527.892235680834,18.5,27.75,19.780000686645508,TP,27.75,False
1430_upper,2023-07-27,2023,upper,2023-07-27 03:49:00-04:00,2023-07-27 05:49:00-04:00,15770.652112320444,15808.152112320444,15770.652112320444,25.0,37.5,19.82999992370605,SL,-37.5,False
1429_upper,2023-07-27,2023,upper,2023-07-27 09:45:00-04:00,2023-07-27 10:08:00-04:00,15897.89369544417,15843.14369544417,15897.89369544417,36.5,54.75,19.82999992370605,TP,54.75,False
1442_upper,2023-08-31,2023,upper,2023-08-31 08:16:00-04:00,2023-08-31 09:31:00-04:00,15532.052676827978,15532.052676827978,15532.052676827978,57.5,86.25,18.739999771118164,BE,-0.0,False
1441_upper,2023-08-31,2023,upper,2023-08-31 09:45:00-04:00,2023-08-31 15:00:00-04:00,15557.31326838668,15566.75,15557.31326838668,51.5,77.25,18.739999771118164,cutoff,-9.436731613319353,False
1440_upper,2023-09-01,2023,upper,2023-09-01 08:32:00-04:00,2023-09-01 08:33:00-04:00,15629.551658579476,15594.676658579476,15629.551658579476,23.25,34.875,18.40999984741211,TP,34.875,False
1460_lower,2023-09-05,2023,lower,2023-09-05 04:12:00-04:00,2023-09-05 08:39:00-04:00,15439.378375806675,15439.378375806675,15439.378375806675,46.25,69.375,19.39999961853028,BE,0.0,False
1462_lower,2023-09-07,2023,lower,2023-09-07 08:14:00-04:00,2023-09-07 08:38:00-04:00,15268.239324433607,15211.614324433607,15268.239324433607,37.75,56.625,19.950000762939453,SL,-56.625,False
1463_upper,2023-09-08,2023,upper,2023-09-08 09:50:00-04:00,2023-09-08 10:36:00-04:00,15365.185919182659,15365.185919182659,15365.185919182659,50.0,75.0,19.14999961853028,BE,-0.0,False
1464_upper,2023-09-11,2023,upper,2023-09-10 20:00:00-04:00,2023-09-10 21:20:00-04:00,15522.5,15499.625,15496.462916416425,15.25,22.875,18.84000015258789,TP,22.875,True
1461_upper,2023-09-11,2023,upper,2023-09-11 09:33:00-04:00,2023-09-11 09:39:00-04:00,15639.465689431374,15590.340689431374,15639.465689431374,32.75,49.125,18.84000015258789,TP,49.125,False
1465_lower,2023-09-13,2023,lower,2023-09-13 08:30:00-04:00,2023-09-13 08:37:00-04:00,15421.240815329766,15496.240815329766,15421.240815329766,50.0,75.0,18.06999969482422,TP,75.0,False
1467_lower,2023-09-19,2023,lower,2023-09-19 09:50:00-04:00,2023-09-19 10:39:00-04:00,15323.86663134196,15255.24163134196,15323.86663134196,45.75,68.625,19.209999084472656,SL,-68.625,False
1497_upper,2023-11-02,2023,upper,2023-11-02 08:30:00-04:00,2023-11-02 09:30:00-04:00,14935.534575520875,14935.534575520875,14935.534575520875,29.25,43.875,19.540000915527344,BE,-0.0,False
1494_upper,2023-11-03,2023,upper,2023-11-03 09:31:00-04:00,2023-11-03 15:00:00-04:00,15070.892577085335,15212.75,15070.892577085335,125.5,188.25,18.6200008392334,cutoff,-141.85742291466522,False
1504_upper,2023-11-07,2023,upper,2023-11-07 09:17:00-05:00,2023-11-07 10:00:00-05:00,15268.539634336601,15319.164634336601,15268.539634336601,33.75,50.625,18.450000762939453,SL,-50.625,False
1510_upper,2023-11-14,2023,upper,2023-11-14 08:30:00-05:00,2023-11-14 08:30:00-05:00,15665.251049723287,15694.876049723287,15665.251049723287,19.75,29.625,17.889999389648438,SL,-29.625,False
1511_upper,2023-11-15,2023,upper,2023-11-15 08:25:00-05:00,2023-11-15 08:30:00-05:00,15999.786834905073,16035.786834905073,15999.786834905073,24.0,36.0,18.09000015258789,SL,-36.0,False
1514_upper,2023-11-20,2023,upper,2023-11-20 09:58:00-05:00,2023-11-20 10:23:00-05:00,15994.229960445984,15945.479960445984,15994.229960445984,32.5,48.75,17.139999389648438,TP,48.75,False
1516_upper,2023-11-22,2023,upper,2023-11-22 09:36:00-05:00,2023-11-22 09:50:00-05:00,16158.55957440403,16118.43457440403,16158.55957440403,26.75,40.125,16.65999984741211,TP,40.125,False
1518_lower,2023-11-27,2023,lower,2023-11-26 21:04:00-05:00,2023-11-27 03:03:00-05:00,15958.763632343205,15987.638632343205,15958.763632343205,19.25,28.875,16.440000534057617,TP,28.875,False
1521_upper,2023-11-29,2023,upper,2023-11-29 04:23:00-05:00,2023-11-29 08:30:00-05:00,16103.147216602607,16169.147216602607,16103.147216602607,44.0,66.0,16.520000457763672,SL,-66.0,False
1522_lower,2023-11-30,2023,lower,2023-11-30 09:42:00-05:00,2023-11-30 10:46:00-05:00,15967.453281160262,15893.203281160262,15967.453281160262,49.5,74.25,16.719999313354492,SL,-74.25,False
1521_lower,2023-12-04,2023,lower,2023-12-04 09:24:00-05:00,2023-12-04 10:26:00-05:00,15854.352783397393,15756.852783397393,15854.352783397393,65.0,97.5,17.209999084472656,SL,-97.5,False
1525_upper,2023-12-06,2023,upper,2023-12-06 09:00:00-05:00,2023-12-06 10:25:00-05:00,16019.860859026965,15892.735859026965,16019.860859026965,84.75,127.125,17.030000686645508,TP,127.125,False
1517_upper,2023-12-11,2023,upper,2023-12-10 19:00:00-05:00,2023-12-10 21:30:00-05:00,16313.0,16264.625,16300.91155252398,32.25,48.375,16.270000457763672,TP,48.375,True
1522_upper,2023-12-11,2023,upper,2023-12-11 09:33:00-05:00,2023-12-11 09:46:00-05:00,16326.546718839738,16366.671718839738,16326.546718839738,26.75,40.125,16.270000457763672,SL,-40.125,False
1530_upper,2023-12-12,2023,upper,2023-12-11 19:21:00-05:00,2023-12-12 00:42:00-05:00,16478.359105597912,16478.359105597912,16478.359105597912,15.25,22.875,15.380000114440918,BE,-0.0,False
1533_upper,2023-12-19,2023,upper,2023-12-19 07:17:00-05:00,2023-12-19 09:31:00-05:00,16980.404600724352,16980.404600724352,16980.404600724352,24.75,37.125,15.800000190734863,BE,-0.0,False
1539_upper,2023-12-28,2023,upper,2023-12-27 20:09:00-05:00,2023-12-28 09:38:00-05:00,17145.732745703783,17122.482745703783,17145.732745703783,15.5,23.25,16.360000610351562,TP,23.25,False
1540_lower,2024-01-02,2024,lower,2024-01-02 06:27:00-05:00,2024-01-02 07:50:00-05:00,16886.198162072822,16842.323162072822,16886.198162072822,29.25,43.875,17.59000015258789,SL,-43.875,False
1538_lower,2024-01-02,2024,lower,2024-01-02 09:56:00-05:00,2024-01-02 10:02:00-05:00,16727.620588496313,16785.370588496313,16727.620588496313,38.5,57.75,17.59000015258789,TP,57.75,False
1544_lower,2024-01-03,2024,lower,2024-01-03 07:35:00-05:00,2024-01-03 09:08:00-05:00,16606.828216044698,16606.828216044698,16606.828216044698,29.75,44.625,18.020000457763672,BE,0.0,False
1532_lower,2024-01-04,2024,lower,2024-01-04 08:21:00-05:00,2024-01-04 10:49:00-05:00,16488.54939710143,16535.42439710143,16488.54939710143,31.25,46.875,17.889999389648438,TP,46.875,False
1545_lower,2024-01-05,2024,lower,2024-01-05 00:20:00-05:00,2024-01-05 01:34:00-05:00,16435.46891329104,16411.84391329104,16435.46891329104,15.75,23.625,17.1299991607666,SL,-23.625,False
1550_upper,2024-01-11,2024,upper,2024-01-10 20:07:00-05:00,2024-01-10 21:00:00-05:00,16987.228593438093,16987.228593438093,16987.228593438093,27.5,41.25,16.399999618530273,BE,-0.0,False
1544_upper,2024-01-11,2024,upper,2024-01-11 03:26:00-05:00,2024-01-11 04:09:00-05:00,17043.921783955302,17025.171783955302,17043.921783955302,12.5,18.75,16.399999618530273,TP,18.75,False
1553_lower,2024-01-16,2024,lower,2024-01-16 03:03:00-05:00,2024-01-16 03:49:00-05:00,16837.32090714007,16837.32090714007,16837.32090714007,27.75,41.625,17.8700008392334,BE,0.0,False
1554_lower,2024-01-17,2024,lower,2024-01-17 09:48:00-05:00,2024-01-17 15:00:00-05:00,16716.46127168041,16825.75,16716.46127168041,85.25,127.875,18.700000762939453,cutoff,109.2887283195887,False
1555_upper,2024-01-18,2024,upper,2024-01-18 07:37:00-05:00,2024-01-18 11:32:00-05:00,17013.626595573453,17100.626595573453,17013.626595573453,58.0,87.0,17.950000762939453,SL,-87.0,False
1556_upper,2024-01-19,2024,upper,2024-01-18 21:48:00-05:00,2024-01-18 22:37:00-05:00,17169.014278191687,17169.014278191687,17169.014278191687,27.75,41.625,17.399999618530273,BE,-0.0,False
1543_upper,2024-01-19,2024,upper,2024-01-19 03:59:00-05:00,2024-01-19 04:49:00-05:00,17209.447723507175,17209.447723507175,17209.447723507175,39.0,58.5,17.399999618530273,BE,-0.0,False
1541_upper,2024-01-19,2024,upper,2024-01-19 05:51:00-05:00,2024-01-19 09:29:00-05:00,17241.52214873588,17188.64714873588,17241.52214873588,35.25,52.875,17.399999618530273,TP,52.875,False
1559_upper,2024-01-24,2024,upper,2024-01-24 01:52:00-05:00,2024-01-24 04:24:00-05:00,17629.672967767547,17658.172967767547,17629.672967767547,19.0,28.5,16.959999084472656,SL,-28.5,False
1560_lower,2024-01-26,2024,lower,2024-01-25 20:00:00-05:00,2024-01-25 23:42:00-05:00,17524.716559417848,17492.841559417848,17524.716559417848,21.25,31.875,17.030000686645508,SL,-31.875,False
1563_lower,2024-01-31,2024,lower,2024-01-31 04:15:00-05:00,2024-01-31 04:20:00-05:00,17406.34184385252,17365.09184385252,17406.34184385252,27.5,41.25,18.25,SL,-41.25,False
1558_lower,2024-01-31,2024,lower,2024-01-31 06:01:00-05:00,2024-01-31 06:24:00-05:00,17338.545866728375,17379.420866728375,17338.545866728375,27.25,40.875,18.25,TP,40.875,False
1568_upper,2024-02-09,2024,upper,2024-02-09 03:02:00-05:00,2024-02-09 08:31:00-05:00,17902.655592144743,17940.905592144743,17902.655592144743,25.5,38.25,16.860000610351562,SL,-38.25,False
1573_lower,2024-02-13,2024,lower,2024-02-13 03:46:00-05:00,2024-02-13 04:47:00-05:00,17892.693496105894,17864.193496105894,17892.693496105894,19.0,28.5,19.489999771118164,SL,-28.5,False
1572_lower,2024-02-13,2024,lower,2024-02-13 08:30:00-05:00,2024-02-13 08:32:00-05:00,17738.414944922893,17682.164944922893,17738.414944922893,37.5,56.25,19.489999771118164,SL,-56.25,False
1575_upper,2024-02-16,2024,upper,2024-02-16 03:18:00-05:00,2024-02-16 08:30:00-05:00,17990.626370761616,17949.751370761616,17990.626370761616,27.25,40.875,18.600000381469727,TP,40.875,False
1576_lower,2024-02-20,2024,lower,2024-02-19 21:00:00-05:00,2024-02-19 22:13:00-05:00,17676.52460225718,17676.52460225718,17676.52460225718,74.75,112.125,19.780000686645508,BE,0.0,False
1578_lower,2024-02-20,2024,lower,2024-02-20 03:21:00-05:00,2024-02-20 04:02:00-05:00,17652.603222612077,17694.228222612077,17652.603222612077,27.75,41.625,19.780000686645508,TP,41.625,False
1575_lower,2024-02-20,2024,lower,2024-02-20 09:40:00-05:00,2024-02-20 10:03:00-05:00,17593.123629238384,17528.623629238384,17593.123629238384,43.0,64.5,19.780000686645508,SL,-64.5,False
1578_upper,2024-02-22,2024,upper,2024-02-22 09:45:00-05:00,2024-02-22 12:20:00-05:00,17928.521777387923,17982.896777387923,17928.521777387923,36.25,54.375,18.38999938964844,SL,-54.375,False
1581_upper,2024-02-23,2024,upper,2024-02-23 09:20:00-05:00,2024-02-23 10:43:00-05:00,18108.59940195433,18032.09940195433,18108.59940195433,51.0,76.5,17.700000762939453,TP,76.5,False
1582_lower,2024-02-28,2024,lower,2024-02-28 04:41:00-05:00,2024-02-28 09:34:00-05:00,17902.034269207063,17902.034269207063,17902.034269207063,48.25,72.375,17.860000610351562,BE,0.0,False
1583_lower,2024-02-29,2024,lower,2024-02-29 03:10:00-05:00,2024-02-29 06:06:00-05:00,17839.442824688555,17887.442824688555,17839.442824688555,32.0,48.0,17.209999084472656,TP,48.0,False
1577_upper,2024-03-01,2024,upper,2024-03-01 02:03:00-05:00,2024-03-01 03:48:00-05:00,18145.110202593296,18121.110202593296,18145.110202593296,16.0,24.0,17.200000762939453,TP,24.0,False
1588_lower,2024-03-05,2024,lower,2024-03-05 01:31:00-05:00,2024-03-05 02:18:00-05:00,18169.62004403596,18169.62004403596,18169.62004403596,26.0,39.0,18.459999084472656,BE,0.0,False
1596_lower,2024-03-15,2024,lower,2024-03-15 09:45:00-04:00,2024-03-15 10:48:00-04:00,18078.053768774233,18154.553768774233,18078.053768774233,51.0,76.5,19.25,TP,76.5,False
1597_upper,2024-03-18,2024,upper,2024-03-18 09:46:00-04:00,2024-03-18 09:52:00-04:00,18353.50334997892,18313.37834997892,18353.50334997892,26.75,40.125,19.39999961853028,TP,40.125,False
1598_lower,2024-03-19,2024,lower,2024-03-19 07:37:00-04:00,2024-03-19 09:43:00-04:00,18106.176019092043,18055.551019092043,18106.176019092043,33.75,50.625,18.780000686645508,SL,-50.625,False
1599_upper,2024-03-20,2024,upper,2024-03-20 07:29:00-04:00,2024-03-20 09:30:00-04:00,18320.328722424594,18320.328722424594,18320.328722424594,38.25,57.375,17.549999237060547,BE,-0.0,False
1592_upper,2024-03-21,2024,upper,2024-03-20 19:07:00-04:00,2024-03-21 02:27:00-04:00,18569.96596831918,18624.34096831918,18569.96596831918,36.25,54.375,17.3799991607666,SL,-54.375,False
1601_lower,2024-03-22,2024,lower,2024-03-22 08:17:00-04:00,2024-03-22 09:47:00-04:00,18500.875677885975,18500.875677885975,18500.875677885975,78.25,117.375,17.040000915527344,BE,0.0,False
1602_lower,2024-04-02,2024,lower,2024-04-02 08:40:00-04:00,2024-04-02 09:08:00-04:00,18375.152865133503,18309.152865133503,18375.152865133503,44.0,66.0,18.18000030517578,SL,-66.0,False
1603_lower,2024-04-02,2024,lower,2024-04-02 09:33:00-04:00,2024-04-02 15:00:00-04:00,18265.28429594975,18277.25,18265.28429594975,86.75,130.125,18.18000030517578,cutoff,11.96570405024977,False
1609_upper,2024-04-04,2024,upper,2024-04-04 09:00:00-04:00,2024-04-04 09:46:00-04:00,18542.060069309577,18542.060069309577,18542.060069309577,99.5,149.25,19.950000762939453,BE,-0.0,False
1612_lower,2024-04-10,2024,lower,2024-04-10 08:36:00-04:00,2024-04-10 08:36:00-04:00,18099.594831948525,18074.094831948525,18099.594831948525,17.0,25.5,18.989999771118164,SL,-25.5,False
1622_upper,2024-04-23,2024,upper,2024-04-23 09:56:00-04:00,2024-04-23 13:49:00-04:00,17525.21619148364,17626.84119148364,17525.21619148364,67.75,101.625,19.84000015258789,SL,-101.625,False
1624_upper,2024-04-29,2024,upper,2024-04-29 08:54:00-04:00,2024-04-29 09:40:00-04:00,17928.001554531023,17871.751554531023,17928.001554531023,37.5,56.25,19.21999931335449,TP,56.25,False
1630_upper,2024-05-03,2024,upper,2024-05-03 08:30:00-04:00,2024-05-03 08:30:00-04:00,17819.63219946777,17867.25719946777,17819.63219946777,31.75,47.625,17.399999618530273,SL,-47.625,False
1626_upper,2024-05-03,2024,upper,2024-05-03 09:45:00-04:00,2024-05-03 10:44:00-04:00,17980.92676687437,17980.92676687437,17980.92676687437,219.0,200.0,17.399999618530273,BE,-0.0,False
1618_upper,2024-05-06,2024,upper,2024-05-06 09:38:00-04:00,2024-05-06 10:24:00-04:00,18099.553537313353,18099.553537313353,18099.553537313353,35.25,52.875,17.420000076293945,BE,-0.0,False
1634_upper,2024-05-10,2024,upper,2024-05-10 09:35:00-04:00,2024-05-10 10:21:00-04:00,18318.397605320453,18240.022605320453,18318.397605320453,52.25,78.375,16.459999084472656,TP,78.375,False
1636_upper,2024-05-15,2024,upper,2024-05-15 08:30:00-04:00,2024-05-15 08:30:00-04:00,18479.93747753404,18501.31247753404,18479.93747753404,14.25,21.375,16.34000015258789,SL,-21.375,False
1644_upper,2024-05-23,2024,upper,2024-05-22 22:59:00-04:00,2024-05-23 08:32:00-04:00,18941.475837723636,19012.350837723636,18941.475837723636,47.25,70.875,16.459999084472656,SL,-70.875,False
1646_upper,2024-05-28,2024,upper,2024-05-28 04:14:00-04:00,2024-05-28 07:00:00-04:00,18958.714051933915,18912.214051933915,18958.714051933915,31.0,46.5,16.56999969482422,TP,46.5,False
1647_lower,2024-05-29,2024,lower,2024-05-29 09:27:00-04:00,2024-05-29 10:24:00-04:00,18759.350668282255,18853.100668282255,18759.350668282255,62.5,93.75,17.489999771118164,TP,93.75,False
1641_lower,2024-05-31,2024,lower,2024-05-30 20:35:00-04:00,2024-05-30 21:02:00-04:00,18508.723924773964,18544.348924773964,18508.723924773964,23.75,35.625,16.700000762939453,TP,35.625,False
1653_upper,2024-06-05,2024,upper,2024-06-05 07:40:00-04:00,2024-06-05 08:39:00-04:00,18807.187537455473,18807.187537455473,18807.187537455473,23.5,35.25,16.6299991607666,BE,-0.0,False
1651_upper,2024-06-05,2024,upper,2024-06-05 09:29:00-04:00,2024-06-05 10:21:00-04:00,18848.519801691473,18848.519801691473,18848.519801691473,50.25,75.375,16.6299991607666,BE,-0.0,False
1655_upper,2024-06-12,2024,upper,2024-06-11 19:00:00-04:00,2024-06-12 08:29:00-04:00,19260.324238183544,19299.324238183544,19260.324238183544,26.0,39.0,13.59000015258789,SL,-39.0,False
1659_upper,2024-06-13,2024,upper,2024-06-13 03:14:00-04:00,2024-06-13 05:29:00-04:00,19663.67406997938,19616.79906997938,19663.67406997938,31.25,46.875,15.100000381469728,TP,46.875,False
1660_upper,2024-06-17,2024,upper,2024-06-16 20:00:00-04:00,2024-06-17 02:01:00-04:00,19973.0,19944.125,19803.81760183625,19.25,28.875,16.829999923706055,TP,28.875,True
1663_upper,2024-06-20,2024,upper,2024-06-20 03:30:00-04:00,2024-06-20 04:31:00-04:00,20350.794364611073,20311.794364611073,20350.794364611073,26.0,39.0,17.260000228881836,TP,39.0,False
1668_upper,2024-06-26,2024,upper,2024-06-26 03:24:00-04:00,2024-06-26 03:54:00-04:00,20035.72334406313,20062.72334406313,20035.72334406313,18.0,27.0,16.5,SL,-27.0,False
1667_upper,2024-06-28,2024,upper,2024-06-28 08:16:00-04:00,2024-06-28 08:30:00-04:00,20140.576519285627,20156.701519285627,20140.576519285627,10.75,16.125,16.239999771118164,SL,-16.125,False
1665_upper,2024-07-05,2024,upper,2024-07-05 02:19:00-04:00,2024-07-05 08:30:00-04:00,20444.240953614135,20465.990953614135,20444.240953614135,14.5,21.75,16.760000228881836,SL,-21.75,False
1679_upper,2024-07-11,2024,upper,2024-07-11 08:30:00-04:00,2024-07-11 08:30:00-04:00,20938.09926077548,20949.72426077548,20938.09926077548,7.75,11.625,17.920000076293945,SL,-11.625,False
1705_upper,2024-08-16,2024,upper,2024-08-15 22:19:00-04:00,2024-08-15 23:40:00-04:00,19643.32445003435,19643.32445003435,19643.32445003435,36.5,54.75,19.940000534057617,BE,-0.0,False
1732_upper,2024-09-26,2024,upper,2024-09-25 20:01:00-04:00,2024-09-25 23:39:00-04:00,20288.360122640388,20352.110122640388,20288.360122640388,42.5,63.75,19.290000915527344,SL,-63.75,False
1733_upper,2024-09-26,2024,upper,2024-09-26 00:53:00-04:00,2024-09-26 02:07:00-04:00,20378.651620315424,20445.401620315424,20378.651620315424,44.5,66.75,19.290000915527344,SL,-66.75,False
1762_upper,2024-11-06,2024,upper,2024-11-05 21:09:00-05:00,2024-11-05 21:36:00-05:00,20430.183873389637,20499.558873389637,20430.183873389637,46.25,69.375,18.86000061035156,SL,-69.375,False
1760_upper,2024-11-06,2024,upper,2024-11-06 01:37:00-05:00,2024-11-06 13:30:00-05:00,20662.143906139332,20862.143906139332,20662.143906139332,143.75,200.0,18.86000061035156,SL,-200.0,False
1764_upper,2024-11-07,2024,upper,2024-11-07 08:10:00-05:00,2024-11-07 09:02:00-05:00,20993.111733587757,20993.111733587757,20993.111733587757,36.5,54.75,18.350000381469727,BE,-0.0,False
1769_lower,2024-11-15,2024,lower,2024-11-14 20:07:00-05:00,2024-11-15 01:24:00-05:00,20908.426789910554,20843.926789910554,20908.426789910554,43.0,64.5,19.82999992370605,SL,-64.5,False
1765_lower,2024-11-15,2024,lower,2024-11-15 03:24:00-05:00,2024-11-15 06:13:00-05:00,20802.5159054236,20854.2659054236,20802.5159054236,34.5,51.75,19.82999992370605,TP,51.75,False
1771_upper,2024-11-25,2024,upper,2024-11-25 08:45:00-05:00,2024-11-25 09:12:00-05:00,20990.661921935727,21034.536921935727,20990.661921935727,29.25,43.875,17.59000015258789,SL,-43.875,False
1774_upper,2024-11-25,2024,upper,2024-11-25 09:16:00-05:00,2024-11-25 10:00:00-05:00,21041.58280563,20915.58280563,21041.58280563,84.0,126.0,17.59000015258789,TP,126.0,False
1780_upper,2024-12-02,2024,upper,2024-12-02 08:11:00-05:00,2024-12-02 08:58:00-05:00,21023.332330874753,21023.332330874753,21023.332330874753,46.5,69.75,16.1200008392334,BE,-0.0,False
1781_upper,2024-12-02,2024,upper,2024-12-02 09:32:00-05:00,2024-12-02 09:54:00-05:00,21107.046660596272,21163.671660596272,21107.046660596272,37.75,56.625,16.1200008392334,SL,-56.625,False
1770_upper,2024-12-04,2024,upper,2024-12-03 23:56:00-05:00,2024-12-04 03:54:00-05:00,21353.263619206915,21382.138619206915,21353.263619206915,19.25,28.875,15.6899995803833,SL,-28.875,False
1768_upper,2024-12-04,2024,upper,2024-12-04 05:50:00-05:00,2024-12-04 08:57:00-05:00,21406.807232979983,21446.182232979983,21406.807232979983,26.25,39.375,15.6899995803833,SL,-39.375,False
1784_upper,2024-12-06,2024,upper,2024-12-06 09:49:00-05:00,2024-12-06 15:00:00-05:00,21596.018806749427,21628.25,21596.018806749427,89.5,134.25,15.149999618530272,cutoff,-32.23119325057269,False
1785_upper,2024-12-09,2024,upper,2024-12-09 02:36:00-05:00,2024-12-09 02:47:00-05:00,21687.530920669866,21700.280920669866,21687.530920669866,8.5,12.75,16.549999237060547,SL,-12.75,False
1789_upper,2024-12-13,2024,upper,2024-12-13 09:43:00-05:00,2024-12-13 10:08:00-05:00,21869.341110276982,21824.716110276982,21869.341110276982,29.75,44.625,16.610000610351562,TP,44.625,False
1798_upper,2024-12-26,2024,upper,2024-12-25 22:23:00-05:00,2024-12-26 02:01:00-05:00,22102.530090185646,22066.530090185646,22102.530090185646,24.0,36.0,17.530000686645508,TP,36.0,False
1799_lower,2024-12-27,2024,lower,2024-12-27 09:39:00-05:00,2024-12-27 10:01:00-05:00,21715.499624103435,21632.249624103435,21715.499624103435,55.5,83.25,18.540000915527344,SL,-83.25,False
1800_lower,2024-12-30,2024,lower,2024-12-30 08:54:00-05:00,2024-12-30 13:16:00-05:00,21369.223516791924,21569.223516791924,21369.223516791924,211.75,200.0,19.790000915527344,TP,200.0,False
1803_upper,2025-01-06,2025,upper,2025-01-06 03:47:00-05:00,2025-01-06 04:58:00-05:00,21612.9893337931,21668.1143337931,21612.9893337931,36.75,55.125,19.0,SL,-55.125,False
1802_upper,2025-01-06,2025,upper,2025-01-06 05:19:00-05:00,2025-01-06 06:09:00-05:00,21686.300340523907,21686.300340523907,21686.300340523907,56.5,84.75,19.0,BE,-0.0,False
1807_upper,2025-01-16,2025,upper,2025-01-16 02:30:00-05:00,2025-01-16 03:16:00-05:00,21513.00745261229,21513.00745261229,21513.00745261229,103.75,155.625,19.61000061035156,BE,-0.0,False
1810_upper,2025-01-17,2025,upper,2025-01-17 09:12:00-05:00,2025-01-17 11:21:00-05:00,21603.9698663063,21603.9698663063,21603.9698663063,201.5,200.0,18.959999084472656,BE,-0.0,False
1811_upper,2025-01-20,2025,upper,2025-01-20 09:26:00-05:00,2025-01-20 10:13:00-05:00,21724.619794802715,21724.619794802715,21724.619794802715,155.25,200.0,18.959999084472656,BE,-0.0,False
1813_lower,2025-01-21,2025,lower,2025-01-20 19:53:00-05:00,2025-01-20 20:00:00-05:00,21503.086594849883,21402.586594849883,21503.086594849883,67.0,100.5,18.63999938964844,SL,-100.5,False
1812_upper,2025-01-22,2025,upper,2025-01-22 03:47:00-05:00,2025-01-22 08:32:00-05:00,21888.13218343735,21927.88218343735,21888.13218343735,26.5,39.75,18.68000030517578,SL,-39.75,False
1813_upper,2025-01-22,2025,upper,2025-01-22 09:31:00-05:00,2025-01-22 09:51:00-05:00,21948.538405150117,21994.288405150117,21948.538405150117,30.5,45.75,18.68000030517578,SL,-45.75,False
1816_upper,2025-01-24,2025,upper,2025-01-24 09:53:00-05:00,2025-01-24 10:04:00-05:00,22074.607099461522,22020.607099461522,22074.607099461522,36.0,54.0,18.21999931335449,TP,54.0,False
1819_upper,2025-01-30,2025,upper,2025-01-30 09:49:00-05:00,2025-01-30 10:02:00-05:00,21718.871737055117,21623.621737055117,21718.871737055117,63.5,95.25,19.799999237060547,TP,95.25,False
1828_lower,2025-02-12,2025,lower,2025-02-12 08:36:00-05:00,2025-02-12 09:31:00-05:00,21540.774109111204,21540.774109111204,21540.774109111204,51.75,77.625,18.690000534057617,BE,0.0,False
1831_upper,2025-02-14,2025,upper,2025-02-14 02:16:00-05:00,2025-02-14 03:08:00-05:00,22159.305308485862,22133.430308485862,22159.305308485862,17.25,25.875,18.030000686645508,TP,25.875,False
1817_upper,2025-02-17,2025,upper,2025-02-16 20:36:00-05:00,2025-02-17 09:35:00-05:00,22250.5219911343,22210.3969911343,22250.5219911343,26.75,40.125,18.030000686645508,TP,40.125,False
1832_upper,2025-02-18,2025,upper,2025-02-18 02:07:00-05:00,2025-02-18 02:58:00-05:00,22313.494446651624,22313.494446651624,22313.494446651624,52.75,79.125,19.229999542236328,BE,-0.0,False
1833_lower,2025-02-20,2025,lower,2025-02-20 09:53:00-05:00,2025-02-20 09:59:00-05:00,22049.49225012711,22010.11725012711,22049.49225012711,26.25,39.375,18.89999961853028,SL,-39.375,False
1922_upper,2025-06-24,2025,upper,2025-06-23 19:18:00-04:00,2025-06-23 20:07:00-04:00,22243.279916919673,22243.279916919673,22243.279916919673,151.25,200.0,19.459999084472656,BE,-0.0,False
1919_upper,2025-06-24,2025,upper,2025-06-24 01:45:00-04:00,2025-06-24 02:26:00-04:00,22302.46465015223,22345.96465015223,22302.46465015223,29.0,43.5,19.459999084472656,SL,-43.5,False
1917_upper,2025-06-24,2025,upper,2025-06-24 03:07:00-04:00,2025-06-24 03:53:00-04:00,22381.23631341568,22266.48631341568,22381.23631341568,76.5,114.75,19.459999084472656,TP,114.75,False
1923_upper,2025-06-25,2025,upper,2025-06-25 09:30:00-04:00,2025-06-25 10:14:00-04:00,22516.453264443597,22472.953264443597,22516.453264443597,29.0,43.5,19.0,TP,43.5,False
1924_upper,2025-06-27,2025,upper,2025-06-27 02:11:00-04:00,2025-06-27 07:35:00-04:00,22722.758394924076,22768.133394924076,22722.758394924076,30.25,45.375,18.88999938964844,SL,-45.375,False
1925_upper,2025-06-27,2025,upper,2025-06-27 07:38:00-04:00,2025-06-27 08:30:00-04:00,22773.328162960443,22773.328162960443,22773.328162960443,23.5,35.25,18.88999938964844,BE,-0.0,False
1929_upper,2025-07-03,2025,upper,2025-07-03 09:30:00-04:00,2025-07-03 11:40:00-04:00,22963.565131112424,23091.065131112424,22963.565131112424,85.0,127.5,19.46999931335449,SL,-127.5,False
1931_upper,2025-07-15,2025,upper,2025-07-14 21:50:00-04:00,2025-07-14 21:52:00-04:00,23120.43003053195,23153.80503053195,23120.43003053195,22.25,33.375,19.739999771118164,SL,-33.375,False
1936_upper,2025-07-15,2025,upper,2025-07-15 06:31:00-04:00,2025-07-15 07:17:00-04:00,23184.128315938666,23184.128315938666,23184.128315938666,30.0,45.0,19.739999771118164,BE,-0.0,False
1937_upper,2025-07-15,2025,upper,2025-07-15 08:30:00-04:00,2025-07-15 09:16:00-04:00,23195.73563913029,23195.73563913029,23195.73563913029,38.0,57.0,19.739999771118164,BE,-0.0,False
1938_lower,2025-07-16,2025,lower,2025-07-16 03:07:00-04:00,2025-07-16 04:43:00-04:00,22944.324729310974,23008.074729310974,22944.324729310974,42.5,63.75,19.540000915527344,TP,63.75,False
1939_upper,2025-07-18,2025,upper,2025-07-18 09:28:00-04:00,2025-07-18 09:29:00-04:00,23315.830634039354,23288.455634039354,23315.830634039354,18.25,27.375,18.61000061035156,TP,27.375,False
1935_upper,2025-07-21,2025,upper,2025-07-21 09:39:00-04:00,2025-07-21 10:01:00-04:00,23329.70872407908,23401.33372407908,23329.70872407908,47.75,71.625,18.709999084472656,SL,-71.625,False
1938_upper,2025-07-25,2025,upper,2025-07-24 21:43:00-04:00,2025-07-25 00:56:00-04:00,23427.550270689026,23393.425270689026,23427.550270689026,22.75,34.125,17.15999984741211,TP,34.125,False
1942_upper,2025-07-28,2025,upper,2025-07-28 01:53:00-04:00,2025-07-28 03:11:00-04:00,23574.398521302704,23544.023521302704,23574.398521302704,20.25,30.375,17.270000457763672,TP,30.375,False
1945_upper,2025-07-29,2025,upper,2025-07-29 03:46:00-04:00,2025-07-29 04:32:00-04:00,23588.220500917443,23588.220500917443,23588.220500917443,13.5,20.25,18.209999084472656,BE,-0.0,False
1943_upper,2025-07-29,2025,upper,2025-07-29 09:31:00-04:00,2025-07-29 09:50:00-04:00,23624.97526779357,23563.47526779357,23624.97526779357,41.0,61.5,18.209999084472656,TP,61.5,False
1948_upper,2025-07-31,2025,upper,2025-07-31 03:41:00-04:00,2025-07-31 06:00:00-04:00,23825.434098859478,23781.559098859478,23825.434098859478,29.25,43.875,19.229999542236328,TP,43.875,False
1951_upper,2025-08-05,2025,upper,2025-08-05 08:14:00-04:00,2025-08-05 08:19:00-04:00,23398.54778671259,23347.17278671259,23398.54778671259,34.25,51.375,19.8700008392334,TP,51.375,False
1953_upper,2025-08-07,2025,upper,2025-08-07 05:56:00-04:00,2025-08-07 11:27:00-04:00,23601.613878410044,23500.738878410044,23601.613878410044,67.25,100.875,18.81999969482422,TP,100.875,False
1950_upper,2025-08-13,2025,upper,2025-08-12 19:49:00-04:00,2025-08-12 19:53:00-04:00,23967.18508415141,23937.93508415141,23967.18508415141,19.5,29.25,16.729999542236328,TP,29.25,False
1958_upper,2025-08-13,2025,upper,2025-08-13 08:36:00-04:00,2025-08-13 09:30:00-04:00,24017.78030730159,24047.03030730159,24017.78030730159,19.5,29.25,16.729999542236328,SL,-29.25,False
1959_lower,2025-08-15,2025,lower,2025-08-15 09:49:00-04:00,2025-08-15 10:03:00-04:00,23791.33191477614,23845.70691477614,23791.33191477614,36.25,54.375,17.5,TP,54.375,False
1960_lower,2025-08-19,2025,lower,2025-08-19 09:47:00-04:00,2025-08-19 10:04:00-04:00,23646.978338376586,23712.978338376586,23646.978338376586,44.0,66.0,19.38999938964844,TP,66.0,False
1956_lower,2025-08-20,2025,lower,2025-08-20 09:45:00-04:00,2025-08-20 09:51:00-04:00,23299.313203460883,23239.688203460883,23299.313203460883,39.75,59.625,20.0,SL,-59.625,False
1968_upper,2025-08-28,2025,upper,2025-08-28 09:31:00-04:00,2025-08-28 09:50:00-04:00,23724.339417208048,23633.964417208048,23724.339417208048,60.25,90.375,17.6200008392334,TP,90.375,False
1975_upper,2025-09-05,2025,upper,2025-09-05 00:25:00-04:00,2025-09-05 01:16:00-04:00,23749.775744290502,23749.775744290502,23749.775744290502,16.75,25.125,18.440000534057617,BE,-0.0,False
1966_upper,2025-09-05,2025,upper,2025-09-05 08:35:00-04:00,2025-09-05 09:03:00-04:00,23834.97845614906,23882.60345614906,23834.97845614906,31.75,47.625,18.440000534057617,SL,-47.625,False
1971_upper,2025-09-10,2025,upper,2025-09-10 01:30:00-04:00,2025-09-10 01:32:00-04:00,23928.329204595364,23915.954204595364,23928.329204595364,8.25,12.375,18.6200008392334,TP,12.375,False
1970_upper,2025-09-10,2025,upper,2025-09-10 02:22:00-04:00,2025-09-10 04:23:00-04:00,23934.331686108046,23909.206686108046,23934.331686108046,16.75,25.125,18.6200008392334,TP,25.125,False
1962_upper,2025-09-10,2025,upper,2025-09-10 08:30:00-04:00,2025-09-10 08:30:00-04:00,23988.887704685447,24041.387704685447,23988.887704685447,35.0,52.5,18.6200008392334,SL,-52.5,False
1976_upper,2025-09-15,2025,upper,2025-09-14 20:00:00-04:00,2025-09-14 20:56:00-04:00,24349.0,24349.0,24186.124086410302,28.5,42.75,19.1200008392334,BE,-0.0,True
1982_upper,2025-09-18,2025,upper,2025-09-18 03:55:00-04:00,2025-09-18 04:55:00-04:00,24669.905354290502,24728.780354290502,24669.905354290502,39.25,58.875,18.86000061035156,SL,-58.875,False
1984_upper,2025-09-18,2025,upper,2025-09-18 08:26:00-04:00,2025-09-18 09:02:00-04:00,24757.18340133589,24674.30840133589,24757.18340133589,55.25,82.875,18.86000061035156,TP,82.875,False
1990_upper,2025-09-29,2025,upper,2025-09-29 05:28:00-04:00,2025-09-29 06:22:00-04:00,24895.717462472956,24895.717462472956,24895.717462472956,43.75,65.625,19.8700008392334,BE,-0.0,False
2042_lower,2025-12-11,2025,lower,2025-12-10 22:07:00-05:00,2025-12-11 07:04:00-05:00,25438.648571256614,25638.648571256614,25438.648571256614,137.5,200.0,18.39999961853028,TP,200.0,False
2049_upper,2025-12-22,2025,upper,2025-12-22 04:40:00-05:00,2025-12-22 07:10:00-05:00,25722.585118518815,25722.585118518815,25722.585118518815,35.5,53.25,17.850000381469727,BE,-0.0,False
2051_upper,2025-12-22,2025,upper,2025-12-22 09:31:00-05:00,2025-12-22 09:33:00-05:00,25793.515304493496,25754.140304493496,25793.515304493496,26.25,39.375,17.850000381469727,TP,39.375,False
2044_upper,2025-12-26,2025,upper,2025-12-25 19:13:00-05:00,2025-12-25 20:00:00-05:00,25906.252331580763,25906.252331580763,25906.252331580763,33.5,50.25,17.3799991607666,BE,-0.0,False
2046_upper,2025-12-26,2025,upper,2025-12-26 08:40:00-05:00,2025-12-26 09:30:00-05:00,25921.416602568104,25879.416602568104,25921.416602568104,28.0,42.0,17.3799991607666,TP,42.0,False
2053_upper,2025-12-26,2025,upper,2025-12-26 09:36:00-05:00,2025-12-26 10:00:00-05:00,25923.7220721326,25868.9720721326,25923.7220721326,36.5,54.75,17.3799991607666,TP,54.75,False
2054_lower,2025-12-31,2025,lower,2025-12-30 20:00:00-05:00,2025-12-31 00:53:00-05:00,25599.45271544758,25599.45271544758,25599.45271544758,52.25,78.375,19.559999465942383,BE,0.0,False
