base,filter,candidate,year,n_trades,net_pts,PF_pts,total_R,PF_R,avg_R_per_trade,win_rate,avg_winner,avg_loser,payoff_ratio,max_dd_pts,max_dd_R
OG_PRIMARY_150R,NO_VXN_FILTER,OG_PRIMARY_150R__NO_VXN_FILTER,2018,113,620.93,1.6764,20.1915,1.5656,0.1787,0.3363,40.5,-25.5,1.5882,-154.69,-5.0
OG_PRIMARY_150R,NO_VXN_FILTER,OG_PRIMARY_150R__NO_VXN_FILTER,2019,124,-415.82,0.7206,-22.6113,0.6266,-0.1823,0.2339,36.98,-22.55,1.64,-601.37,-25.864
OG_PRIMARY_150R,NO_VXN_FILTER,OG_PRIMARY_150R__NO_VXN_FILTER,2020,137,1401.01,1.5454,2.7241,1.0569,0.0199,0.2701,107.29,-49.4,2.1719,-713.25,-8.5015
OG_PRIMARY_150R,NO_VXN_FILTER,OG_PRIMARY_150R__NO_VXN_FILTER,2021,131,941.74,1.3782,17.0524,1.3568,0.1302,0.3435,76.27,-47.89,1.5926,-346.5,-6.5
OG_PRIMARY_150R,NO_VXN_FILTER,OG_PRIMARY_150R__NO_VXN_FILTER,2022,125,1303.0,1.4338,4.8785,1.1078,0.039,0.28,123.06,-65.3,1.8844,-604.78,-8.9087
OG_PRIMARY_150R,NO_VXN_FILTER,OG_PRIMARY_150R__NO_VXN_FILTER,2023,99,645.14,1.3628,14.3272,1.4879,0.1447,0.3232,75.73,-55.57,1.3628,-407.06,-5.6204
OG_PRIMARY_150R,NO_VXN_FILTER,OG_PRIMARY_150R__NO_VXN_FILTER,2024,117,-441.8,0.8766,-12.9832,0.768,-0.111,0.265,101.23,-62.81,1.6118,-800.56,-15.6292
OG_PRIMARY_150R,NO_VXN_FILTER,OG_PRIMARY_150R__NO_VXN_FILTER,2025,133,330.29,1.0906,2.8139,1.0582,0.0212,0.2632,113.61,-74.41,1.5268,-640.98,-9.1861
OG_PRIMARY_150R,NO_VXN_FILTER,OG_PRIMARY_150R__NO_VXN_FILTER,2026,55,1932.07,2.2112,10.2309,1.5926,0.186,0.3636,176.36,-88.62,1.9901,-571.12,-7.3423
OG_PRIMARY_150R,VXN_PREV_CLOSE_GE_20,OG_PRIMARY_150R__VXN_PREV_CLOSE_GE_20,2018,43,366.75,1.6981,12.0,1.8,0.2791,0.4186,49.56,-35.02,1.4151,-154.69,-3.0
OG_PRIMARY_150R,VXN_PREV_CLOSE_GE_20,OG_PRIMARY_150R__VXN_PREV_CLOSE_GE_20,2019,41,-295.9,0.5592,-10.9068,0.5258,-0.266,0.2195,41.71,-29.18,1.429,-330.4,-12.4068
OG_PRIMARY_150R,VXN_PREV_CLOSE_GE_20,OG_PRIMARY_150R__VXN_PREV_CLOSE_GE_20,2020,119,1053.72,1.4227,1.0083,1.0235,0.0085,0.2605,114.41,-53.04,2.1569,-713.25,-8.5015
OG_PRIMARY_150R,VXN_PREV_CLOSE_GE_20,OG_PRIMARY_150R__VXN_PREV_CLOSE_GE_20,2021,114,863.4,1.39,14.2039,1.3539,0.1246,0.3333,80.97,-51.48,1.5729,-346.5,-6.5
OG_PRIMARY_150R,VXN_PREV_CLOSE_GE_20,OG_PRIMARY_150R__VXN_PREV_CLOSE_GE_20,2022,125,1303.0,1.4338,4.8785,1.1078,0.039,0.28,123.06,-65.3,1.8844,-604.78,-8.9087
OG_PRIMARY_150R,VXN_PREV_CLOSE_GE_20,OG_PRIMARY_150R__VXN_PREV_CLOSE_GE_20,2023,60,734.94,1.7232,12.263,1.6762,0.2044,0.35,83.39,-53.49,1.5591,-472.12,-8.0
OG_PRIMARY_150R,VXN_PREV_CLOSE_GE_20,OG_PRIMARY_150R__VXN_PREV_CLOSE_GE_20,2024,36,-135.87,0.918,-3.7294,0.8009,-0.1036,0.2778,152.06,-87.18,1.7442,-355.25,-5.5
OG_PRIMARY_150R,VXN_PREV_CLOSE_GE_20,OG_PRIMARY_150R__VXN_PREV_CLOSE_GE_20,2025,78,-193.48,0.9306,-8.0667,0.7578,-0.1034,0.2179,152.73,-82.06,1.8613,-920.79,-14.0667
OG_PRIMARY_150R,VXN_PREV_CLOSE_GE_20,OG_PRIMARY_150R__VXN_PREV_CLOSE_GE_20,2026,55,1932.07,2.2112,10.2309,1.5926,0.186,0.3636,176.36,-88.62,1.9901,-571.12,-7.3423
OG_PRIMARY_150R,VXN_PREV_CLOSE_GE_25,OG_PRIMARY_150R__VXN_PREV_CLOSE_GE_25,2018,21,211.69,1.6809,5.0,1.7143,0.2381,0.381,65.32,-44.41,1.4708,-121.69,-2.0
OG_PRIMARY_150R,VXN_PREV_CLOSE_GE_25,OG_PRIMARY_150R__VXN_PREV_CLOSE_GE_25,2019,5,-83.81,0.4356,-2.5,0.375,-0.5,0.2,64.69,-37.12,1.7424,-105.38,-3.0
OG_PRIMARY_150R,VXN_PREV_CLOSE_GE_25,OG_PRIMARY_150R__VXN_PREV_CLOSE_GE_25,2020,117,1071.66,1.433,1.2576,1.0295,0.0107,0.265,114.41,-53.81,2.1263,-713.25,-8.5015
OG_PRIMARY_150R,VXN_PREV_CLOSE_GE_25,OG_PRIMARY_150R__VXN_PREV_CLOSE_GE_25,2021,57,240.38,1.1488,-0.8961,0.9661,-0.0157,0.2982,109.19,-57.71,1.8921,-597.02,-11.0216
OG_PRIMARY_150R,VXN_PREV_CLOSE_GE_25,OG_PRIMARY_150R__VXN_PREV_CLOSE_GE_25,2022,123,1090.94,1.3632,1.8785,1.0415,0.0153,0.2683,124.09,-65.3,1.9002,-604.78,-8.9087
OG_PRIMARY_150R,VXN_PREV_CLOSE_GE_25,OG_PRIMARY_150R__VXN_PREV_CLOSE_GE_25,2023,20,229.69,1.98,7.365,3.3493,0.3683,0.35,66.29,-58.59,1.1315,-76.12,-1.0
OG_PRIMARY_150R,VXN_PREV_CLOSE_GE_25,OG_PRIMARY_150R__VXN_PREV_CLOSE_GE_25,2024,5,140.88,1.7044,2.0,3.0,0.4,0.4,170.44,-200.0,0.8522,-200.0,-1.0
OG_PRIMARY_150R,VXN_PREV_CLOSE_GE_25,OG_PRIMARY_150R__VXN_PREV_CLOSE_GE_25,2025,20,426.38,1.7714,1.5,1.25,0.075,0.25,195.82,-92.12,2.1256,-224.25,-2.0
OG_PRIMARY_150R,VXN_PREV_CLOSE_GE_25,OG_PRIMARY_150R__VXN_PREV_CLOSE_GE_25,2026,18,848.88,2.5826,6.0773,2.3741,0.3376,0.3889,197.89,-107.27,1.8447,-372.5,-2.4227
OG_PRIMARY_150R,VXN_PREV_CLOSE_GE_30,OG_PRIMARY_150R__VXN_PREV_CLOSE_GE_30,2018,2,104.62,inf,3.0,inf,1.5,1.0,52.31,0.0,,0.0,0.0
OG_PRIMARY_150R,VXN_PREV_CLOSE_GE_30,OG_PRIMARY_150R__VXN_PREV_CLOSE_GE_30,2019,2,21.56,1.5,0.5,1.5,0.25,0.5,64.69,-43.12,1.5,0.0,0.0
OG_PRIMARY_150R,VXN_PREV_CLOSE_GE_30,OG_PRIMARY_150R__VXN_PREV_CLOSE_GE_30,2020,79,953.7,1.4775,2.225,1.0774,0.0282,0.2785,134.14,-66.58,2.0147,-713.25,-8.0
OG_PRIMARY_150R,VXN_PREV_CLOSE_GE_30,OG_PRIMARY_150R__VXN_PREV_CLOSE_GE_30,2021,12,225.0,1.4914,1.5,1.25,0.125,0.4167,136.57,-76.31,1.7897,-253.88,-3.0
OG_PRIMARY_150R,VXN_PREV_CLOSE_GE_30,OG_PRIMARY_150R__VXN_PREV_CLOSE_GE_30,2022,73,784.75,1.423,-0.1215,0.9954,-0.0017,0.2603,138.93,-68.7,2.0222,-604.78,-8.8589
OG_PRIMARY_150R,VXN_PREV_CLOSE_GE_30,OG_PRIMARY_150R__VXN_PREV_CLOSE_GE_30,2023,0,0.0,,0.0,,0.0,0.0,,,,0.0,0.0
OG_PRIMARY_150R,VXN_PREV_CLOSE_GE_30,OG_PRIMARY_150R__VXN_PREV_CLOSE_GE_30,2024,1,-200.0,0.0,-1.0,0.0,-1.0,0.0,0.0,-200.0,0.0,0.0,0.0
OG_PRIMARY_150R,VXN_PREV_CLOSE_GE_30,OG_PRIMARY_150R__VXN_PREV_CLOSE_GE_30,2025,7,-303.75,0.0,-3.0,0.0,-0.4286,0.0,0.0,-101.25,0.0,-200.25,-2.0
OG_PRIMARY_150R,VXN_PREV_CLOSE_GE_30,OG_PRIMARY_150R__VXN_PREV_CLOSE_GE_30,2026,3,-172.5,0.0,-1.0,0.0,-0.3333,0.0,0.0,-172.5,0.0,-172.5,-1.0
OG_PRIMARY_150R,VXN_PREV_CLOSE_LE_20,OG_PRIMARY_150R__VXN_PREV_CLOSE_LE_20,2018,70,254.18,1.6475,8.1915,1.3958,0.117,0.2857,32.34,-18.69,1.7298,-79.88,-4.0
OG_PRIMARY_150R,VXN_PREV_CLOSE_LE_20,OG_PRIMARY_150R__VXN_PREV_CLOSE_LE_20,2019,83,-119.92,0.8532,-11.7045,0.6883,-0.141,0.241,34.86,-19.0,1.8345,-370.91,-17.9572
OG_PRIMARY_150R,VXN_PREV_CLOSE_LE_20,OG_PRIMARY_150R__VXN_PREV_CLOSE_LE_20,2020,18,347.29,5.5847,1.7158,1.3432,0.0953,0.3333,70.51,-15.15,4.6539,-39.0,-3.3498
OG_PRIMARY_150R,VXN_PREV_CLOSE_LE_20,OG_PRIMARY_150R__VXN_PREV_CLOSE_LE_20,2021,17,78.35,1.2833,2.8485,1.3723,0.1676,0.4118,50.71,-30.73,1.6499,-61.88,-2.0
OG_PRIMARY_150R,VXN_PREV_CLOSE_LE_20,OG_PRIMARY_150R__VXN_PREV_CLOSE_LE_20,2022,0,0.0,,0.0,,0.0,0.0,,,,0.0,0.0
OG_PRIMARY_150R,VXN_PREV_CLOSE_LE_20,OG_PRIMARY_150R__VXN_PREV_CLOSE_LE_20,2023,39,-89.8,0.8821,2.0641,1.1838,0.0529,0.2821,61.1,-58.61,1.0425,-460.98,-4.7536
OG_PRIMARY_150R,VXN_PREV_CLOSE_LE_20,OG_PRIMARY_150R__VXN_PREV_CLOSE_LE_20,2024,81,-305.93,0.841,-9.2538,0.7515,-0.1142,0.2593,77.03,-50.62,1.5217,-603.51,-12.8999
OG_PRIMARY_150R,VXN_PREV_CLOSE_LE_20,OG_PRIMARY_150R__VXN_PREV_CLOSE_LE_20,2025,56,464.15,1.5068,9.8806,1.6175,0.1764,0.3214,76.66,-57.23,1.3394,-289.12,-5.0
OG_PRIMARY_150R,VXN_PREV_CLOSE_LE_20,OG_PRIMARY_150R__VXN_PREV_CLOSE_LE_20,2026,0,0.0,,0.0,,0.0,0.0,,,,0.0,0.0
OG_PRIMARY_150R,VXN_PREV_CLOSE_LE_25,OG_PRIMARY_150R__VXN_PREV_CLOSE_LE_25,2018,92,409.24,1.6741,15.1915,1.5294,0.1651,0.3261,33.88,-20.93,1.6183,-122.06,-5.0
OG_PRIMARY_150R,VXN_PREV_CLOSE_LE_25,OG_PRIMARY_150R__VXN_PREV_CLOSE_LE_25,2019,119,-332.01,0.7522,-20.1113,0.6444,-0.169,0.2353,36.0,-21.61,1.6656,-518.87,-23.864
OG_PRIMARY_150R,VXN_PREV_CLOSE_LE_25,OG_PRIMARY_150R__VXN_PREV_CLOSE_LE_25,2020,20,329.35,4.515,1.4666,1.2794,0.0733,0.3,70.51,-15.62,4.515,-56.95,-3.5991
OG_PRIMARY_150R,VXN_PREV_CLOSE_LE_25,OG_PRIMARY_150R__VXN_PREV_CLOSE_LE_25,2021,74,701.36,1.8022,17.9485,1.8389,0.2425,0.3784,56.28,-36.43,1.5447,-94.68,-2.0439
OG_PRIMARY_150R,VXN_PREV_CLOSE_LE_25,OG_PRIMARY_150R__VXN_PREV_CLOSE_LE_25,2022,2,212.06,inf,3.0,inf,1.5,1.0,106.03,0.0,,0.0,0.0
OG_PRIMARY_150R,VXN_PREV_CLOSE_LE_25,OG_PRIMARY_150R__VXN_PREV_CLOSE_LE_25,2023,79,415.44,1.2691,6.9621,1.2654,0.0881,0.3165,78.37,-55.13,1.4214,-407.06,-5.6204
OG_PRIMARY_150R,VXN_PREV_CLOSE_LE_25,OG_PRIMARY_150R__VXN_PREV_CLOSE_LE_25,2024,112,-582.67,0.8276,-14.9832,0.7274,-0.1338,0.2589,96.46,-60.36,1.5981,-824.76,-17.6292
OG_PRIMARY_150R,VXN_PREV_CLOSE_LE_25,OG_PRIMARY_150R__VXN_PREV_CLOSE_LE_25,2025,113,-96.08,0.9689,1.3139,1.0311,0.0116,0.2655,99.91,-71.94,1.3888,-815.52,-9.6861
OG_PRIMARY_150R,VXN_PREV_CLOSE_LE_25,OG_PRIMARY_150R__VXN_PREV_CLOSE_LE_25,2026,37,1083.19,2.023,4.1536,1.3234,0.1123,0.3514,164.77,-81.45,2.023,-571.12,-8.855
OG_PRIMARY_150R,VXN_PREV_CLOSE_LE_30,OG_PRIMARY_150R__VXN_PREV_CLOSE_LE_30,2018,111,516.31,1.5625,17.1915,1.4816,0.1549,0.3243,39.84,-25.5,1.5625,-154.69,-5.0
OG_PRIMARY_150R,VXN_PREV_CLOSE_LE_30,OG_PRIMARY_150R__VXN_PREV_CLOSE_LE_30,2019,122,-437.38,0.6974,-23.1113,0.6119,-0.1894,0.2295,36.0,-22.23,1.6189,-601.37,-25.864
OG_PRIMARY_150R,VXN_PREV_CLOSE_LE_30,OG_PRIMARY_150R__VXN_PREV_CLOSE_LE_30,2020,58,447.31,1.7829,0.4992,1.0262,0.0086,0.2586,67.91,-25.97,2.6149,-261.27,-7.9058
OG_PRIMARY_150R,VXN_PREV_CLOSE_LE_30,OG_PRIMARY_150R__VXN_PREV_CLOSE_LE_30,2021,119,716.74,1.3527,15.5524,1.3721,0.1307,0.3361,68.73,-44.18,1.5556,-346.5,-6.5
OG_PRIMARY_150R,VXN_PREV_CLOSE_LE_30,OG_PRIMARY_150R__VXN_PREV_CLOSE_LE_30,2022,52,518.25,1.451,5.0,1.2632,0.0962,0.3077,104.2,-60.47,1.7231,-269.62,-5.0
OG_PRIMARY_150R,VXN_PREV_CLOSE_LE_30,OG_PRIMARY_150R__VXN_PREV_CLOSE_LE_30,2023,99,645.14,1.3628,14.3272,1.4879,0.1447,0.3232,75.73,-55.57,1.3628,-407.06,-5.6204
OG_PRIMARY_150R,VXN_PREV_CLOSE_LE_30,OG_PRIMARY_150R__VXN_PREV_CLOSE_LE_30,2024,116,-241.8,0.9285,-11.9832,0.782,-0.1033,0.2672,101.23,-60.36,1.6772,-800.56,-14.6292
OG_PRIMARY_150R,VXN_PREV_CLOSE_LE_30,OG_PRIMARY_150R__VXN_PREV_CLOSE_LE_30,2025,126,634.04,1.1897,5.8139,1.1283,0.0461,0.2778,113.61,-72.66,1.5636,-619.6,-7.8103
OG_PRIMARY_150R,VXN_PREV_CLOSE_LE_30,OG_PRIMARY_150R__VXN_PREV_CLOSE_LE_30,2026,52,2104.57,2.4793,11.2309,1.6905,0.216,0.3846,176.36,-83.69,2.1074,-571.12,-7.3423
OG_OPERATIONAL_100R,NO_VXN_FILTER,OG_OPERATIONAL_100R__NO_VXN_FILTER,2018,113,319.92,1.3565,14.3037,1.4245,0.1266,0.4248,25.36,-26.39,0.9609,-177.38,-5.6963
OG_OPERATIONAL_100R,NO_VXN_FILTER,OG_OPERATIONAL_100R__NO_VXN_FILTER,2019,124,-500.01,0.6463,-24.515,0.5733,-0.1977,0.2903,25.38,-22.8,1.1131,-665.87,-25.864
OG_OPERATIONAL_100R,NO_VXN_FILTER,OG_OPERATIONAL_100R__NO_VXN_FILTER,2020,137,1345.31,1.5744,0.7581,1.0166,0.0055,0.3431,78.45,-48.79,1.6079,-721.54,-8.0
OG_OPERATIONAL_100R,NO_VXN_FILTER,OG_OPERATIONAL_100R__NO_VXN_FILTER,2021,133,559.9,1.2325,5.4139,1.1157,0.0407,0.3985,56.01,-47.23,1.186,-388.12,-8.0
OG_OPERATIONAL_100R,NO_VXN_FILTER,OG_OPERATIONAL_100R__NO_VXN_FILTER,2022,125,1499.88,1.5463,7.7375,1.1875,0.0619,0.392,86.64,-65.37,1.3254,-412.88,-8.0
OG_OPERATIONAL_100R,NO_VXN_FILTER,OG_OPERATIONAL_100R__NO_VXN_FILTER,2023,100,494.53,1.2872,9.7365,1.3316,0.0974,0.41,54.06,-53.81,1.0046,-378.11,-3.7536
OG_OPERATIONAL_100R,NO_VXN_FILTER,OG_OPERATIONAL_100R__NO_VXN_FILTER,2024,117,-433.72,0.8699,-12.0228,0.7687,-0.1028,0.3504,70.75,-62.91,1.1245,-907.23,-14.8775
OG_OPERATIONAL_100R,NO_VXN_FILTER,OG_OPERATIONAL_100R__NO_VXN_FILTER,2025,134,687.24,1.1981,7.6897,1.1697,0.0574,0.3955,78.42,-75.41,1.0399,-633.64,-7.3103
OG_OPERATIONAL_100R,NO_VXN_FILTER,OG_OPERATIONAL_100R__NO_VXN_FILTER,2026,57,2533.0,3.2937,19.6536,2.6596,0.3448,0.5789,110.22,-92.03,1.1977,-355.12,-4.0
OG_OPERATIONAL_100R,VXN_PREV_CLOSE_GE_20,OG_OPERATIONAL_100R__VXN_PREV_CLOSE_GE_20,2018,43,112.12,1.2168,6.0,1.4286,0.1395,0.4651,31.46,-36.94,0.8518,-177.38,-3.0
OG_OPERATIONAL_100R,VXN_PREV_CLOSE_GE_20,OG_OPERATIONAL_100R__VXN_PREV_CLOSE_GE_20,2019,41,-346.71,0.4646,-11.9068,0.4588,-0.2904,0.2683,27.36,-29.44,0.9293,-371.84,-13.9068
OG_OPERATIONAL_100R,VXN_PREV_CLOSE_GE_20,OG_OPERATIONAL_100R__VXN_PREV_CLOSE_GE_20,2020,119,1094.24,1.4829,0.1079,1.0027,0.0009,0.3445,81.96,-52.7,1.5552,-721.54,-8.0
OG_OPERATIONAL_100R,VXN_PREV_CLOSE_GE_20,OG_OPERATIONAL_100R__VXN_PREV_CLOSE_GE_20,2021,116,599.86,1.2814,6.0653,1.155,0.0523,0.3966,59.39,-50.76,1.17,-388.12,-8.0
OG_OPERATIONAL_100R,VXN_PREV_CLOSE_GE_20,OG_OPERATIONAL_100R__VXN_PREV_CLOSE_GE_20,2022,125,1499.88,1.5463,7.7375,1.1875,0.0619,0.392,86.64,-65.37,1.3254,-412.88,-8.0
OG_OPERATIONAL_100R,VXN_PREV_CLOSE_GE_20,OG_OPERATIONAL_100R__VXN_PREV_CLOSE_GE_20,2023,60,667.88,1.7261,8.865,1.5174,0.1478,0.4333,61.07,-51.1,1.195,-305.62,-6.0
OG_OPERATIONAL_100R,VXN_PREV_CLOSE_GE_20,OG_OPERATIONAL_100R__VXN_PREV_CLOSE_GE_20,2024,36,-190.5,0.8748,-2.7294,0.8369,-0.0758,0.3889,95.07,-89.5,1.0623,-404.25,-6.0
OG_OPERATIONAL_100R,VXN_PREV_CLOSE_GE_20,OG_OPERATIONAL_100R__VXN_PREV_CLOSE_GE_20,2025,78,-5.89,0.9978,-3.3103,0.8943,-0.0424,0.359,95.46,-83.72,1.1403,-965.14,-12.3103
OG_OPERATIONAL_100R,VXN_PREV_CLOSE_GE_20,OG_OPERATIONAL_100R__VXN_PREV_CLOSE_GE_20,2026,57,2533.0,3.2937,19.6536,2.6596,0.3448,0.5789,110.22,-92.03,1.1977,-355.12,-4.0
OG_OPERATIONAL_100R,VXN_PREV_CLOSE_GE_25,OG_OPERATIONAL_100R__VXN_PREV_CLOSE_GE_25,2018,21,63.75,1.2051,2.0,1.2857,0.0952,0.4286,41.62,-44.41,0.9373,-154.88,-2.0
OG_OPERATIONAL_100R,VXN_PREV_CLOSE_GE_25,OG_OPERATIONAL_100R__VXN_PREV_CLOSE_GE_25,2019,5,-105.38,0.2904,-3.0,0.25,-0.6,0.2,43.12,-37.12,1.1616,-105.38,-3.0
OG_OPERATIONAL_100R,VXN_PREV_CLOSE_GE_25,OG_OPERATIONAL_100R__VXN_PREV_CLOSE_GE_25,2020,117,1079.93,1.4803,-0.6428,0.9841,-0.0055,0.3419,83.2,-53.53,1.5544,-721.54,-8.0
OG_OPERATIONAL_100R,VXN_PREV_CLOSE_GE_25,OG_OPERATIONAL_100R__VXN_PREV_CLOSE_GE_25,2021,59,86.77,1.0566,-2.9604,0.8834,-0.0502,0.3898,70.47,-56.82,1.2403,-648.77,-12.0216
OG_OPERATIONAL_100R,VXN_PREV_CLOSE_GE_25,OG_OPERATIONAL_100R__VXN_PREV_CLOSE_GE_25,2022,123,1358.5,1.4948,5.7375,1.139,0.0466,0.3821,87.32,-65.37,1.3358,-412.88,-8.0
OG_OPERATIONAL_100R,VXN_PREV_CLOSE_GE_25,OG_OPERATIONAL_100R__VXN_PREV_CLOSE_GE_25,2023,20,291.38,2.2433,6.865,3.1898,0.3433,0.5,52.58,-58.59,0.8973,-91.88,-1.0
OG_OPERATIONAL_100R,VXN_PREV_CLOSE_GE_25,OG_OPERATIONAL_100R__VXN_PREV_CLOSE_GE_25,2024,5,209.5,2.0475,3.0,4.0,0.6,0.8,102.38,-200.0,0.5119,-200.0,-1.0
OG_OPERATIONAL_100R,VXN_PREV_CLOSE_GE_25,OG_OPERATIONAL_100R__VXN_PREV_CLOSE_GE_25,2025,20,350.12,1.6334,1.0,1.1667,0.05,0.35,128.98,-92.12,1.4001,-224.25,-2.0
OG_OPERATIONAL_100R,VXN_PREV_CLOSE_GE_25,OG_OPERATIONAL_100R__VXN_PREV_CLOSE_GE_25,2026,18,822.12,3.0579,7.0,3.3333,0.3889,0.5556,122.16,-133.17,0.9174,-372.5,-2.0
OG_OPERATIONAL_100R,VXN_PREV_CLOSE_GE_30,OG_OPERATIONAL_100R__VXN_PREV_CLOSE_GE_30,2018,2,69.75,inf,2.0,inf,1.0,1.0,34.88,0.0,,0.0,0.0
OG_OPERATIONAL_100R,VXN_PREV_CLOSE_GE_30,OG_OPERATIONAL_100R__VXN_PREV_CLOSE_GE_30,2019,2,0.0,1.0,0.0,1.0,0.0,0.5,43.12,-43.12,1.0,0.0,0.0
OG_OPERATIONAL_100R,VXN_PREV_CLOSE_GE_30,OG_OPERATIONAL_100R__VXN_PREV_CLOSE_GE_30,2020,79,987.38,1.5562,2.0943,1.0787,0.0265,0.3671,95.26,-65.75,1.4489,-721.54,-8.0
OG_OPERATIONAL_100R,VXN_PREV_CLOSE_GE_30,OG_OPERATIONAL_100R__VXN_PREV_CLOSE_GE_30,2021,13,201.52,1.5046,1.4357,1.2871,0.1104,0.5385,85.84,-79.88,1.0747,-253.88,-3.0
OG_OPERATIONAL_100R,VXN_PREV_CLOSE_GE_30,OG_OPERATIONAL_100R__VXN_PREV_CLOSE_GE_30,2022,73,922.38,1.5109,1.7375,1.0688,0.0238,0.3699,101.03,-69.44,1.4549,-412.88,-6.0
OG_OPERATIONAL_100R,VXN_PREV_CLOSE_GE_30,OG_OPERATIONAL_100R__VXN_PREV_CLOSE_GE_30,2023,0,0.0,,0.0,,0.0,0.0,,,,0.0,0.0
OG_OPERATIONAL_100R,VXN_PREV_CLOSE_GE_30,OG_OPERATIONAL_100R__VXN_PREV_CLOSE_GE_30,2024,1,-200.0,0.0,-1.0,0.0,-1.0,0.0,0.0,-200.0,0.0,0.0,0.0
OG_OPERATIONAL_100R,VXN_PREV_CLOSE_GE_30,OG_OPERATIONAL_100R__VXN_PREV_CLOSE_GE_30,2025,7,-303.75,0.0,-3.0,0.0,-0.4286,0.0,0.0,-101.25,0.0,-200.25,-2.0
OG_OPERATIONAL_100R,VXN_PREV_CLOSE_GE_30,OG_OPERATIONAL_100R__VXN_PREV_CLOSE_GE_30,2026,3,-172.5,0.0,-1.0,0.0,-0.3333,0.0,0.0,-172.5,0.0,-172.5,-1.0
OG_OPERATIONAL_100R,VXN_PREV_CLOSE_LE_20,OG_OPERATIONAL_100R__VXN_PREV_CLOSE_LE_20,2018,70,207.8,1.5465,8.3037,1.4216,0.1186,0.4,21.0,-19.01,1.1047,-85.5,-3.6963
OG_OPERATIONAL_100R,VXN_PREV_CLOSE_LE_20,OG_OPERATIONAL_100R__VXN_PREV_CLOSE_LE_20,2019,83,-153.29,0.7999,-12.6082,0.6444,-0.1519,0.3012,24.51,-19.15,1.2799,-408.79,-17.9572
OG_OPERATIONAL_100R,VXN_PREV_CLOSE_LE_20,OG_OPERATIONAL_100R__VXN_PREV_CLOSE_LE_20,2020,18,251.07,4.3145,0.6502,1.13,0.0361,0.3333,54.47,-15.15,3.5954,-39.0,-3.3498
OG_OPERATIONAL_100R,VXN_PREV_CLOSE_LE_20,OG_OPERATIONAL_100R__VXN_PREV_CLOSE_LE_20,2021,17,-39.97,0.8555,-0.6515,0.9149,-0.0383,0.4118,33.8,-30.73,1.0999,-71.43,-2.0
OG_OPERATIONAL_100R,VXN_PREV_CLOSE_LE_20,OG_OPERATIONAL_100R__VXN_PREV_CLOSE_LE_20,2022,0,0.0,,0.0,,0.0,0.0,,,,0.0,0.0
OG_OPERATIONAL_100R,VXN_PREV_CLOSE_LE_20,OG_OPERATIONAL_100R__VXN_PREV_CLOSE_LE_20,2023,40,-173.35,0.7839,0.8715,1.0713,0.0218,0.375,41.91,-57.29,0.7316,-446.73,-4.7536
OG_OPERATIONAL_100R,VXN_PREV_CLOSE_LE_20,OG_OPERATIONAL_100R__VXN_PREV_CLOSE_LE_20,2024,81,-243.23,0.8658,-9.2935,0.7363,-0.1147,0.3333,58.13,-50.36,1.1544,-619.27,-13.1481
OG_OPERATIONAL_100R,VXN_PREV_CLOSE_LE_20,OG_OPERATIONAL_100R__VXN_PREV_CLOSE_LE_20,2025,57,633.5,1.7455,10.0,1.6667,0.1754,0.4386,59.33,-56.65,1.0473,-206.25,-3.0
OG_OPERATIONAL_100R,VXN_PREV_CLOSE_LE_20,OG_OPERATIONAL_100R__VXN_PREV_CLOSE_LE_20,2026,0,0.0,,0.0,,0.0,0.0,,,,0.0,0.0
OG_OPERATIONAL_100R,VXN_PREV_CLOSE_LE_25,OG_OPERATIONAL_100R__VXN_PREV_CLOSE_LE_25,2018,92,256.17,1.4368,12.3037,1.4609,0.1337,0.4239,21.61,-21.72,0.9947,-136.83,-5.6963
OG_OPERATIONAL_100R,VXN_PREV_CLOSE_LE_25,OG_OPERATIONAL_100R__VXN_PREV_CLOSE_LE_25,2019,119,-394.63,0.6881,-21.515,0.5975,-0.1808,0.2941,24.88,-21.81,1.1403,-583.37,-23.864
OG_OPERATIONAL_100R,VXN_PREV_CLOSE_LE_25,OG_OPERATIONAL_100R__VXN_PREV_CLOSE_LE_25,2020,20,265.37,3.8323,1.4009,1.2669,0.07,0.35,51.3,-15.62,3.2848,-56.95,-3.5991
OG_OPERATIONAL_100R,VXN_PREV_CLOSE_LE_25,OG_OPERATIONAL_100R__VXN_PREV_CLOSE_LE_25,2021,74,473.13,1.5411,8.3742,1.3914,0.1132,0.4054,44.92,-36.43,1.2329,-114.0,-2.5439
OG_OPERATIONAL_100R,VXN_PREV_CLOSE_LE_25,OG_OPERATIONAL_100R__VXN_PREV_CLOSE_LE_25,2022,2,141.38,inf,2.0,inf,1.0,1.0,70.69,0.0,,0.0,0.0
OG_OPERATIONAL_100R,VXN_PREV_CLOSE_LE_25,OG_OPERATIONAL_100R__VXN_PREV_CLOSE_LE_25,2023,80,203.15,1.1366,2.8715,1.1095,0.0359,0.3875,54.54,-53.12,1.0266,-378.11,-4.0
OG_OPERATIONAL_100R,VXN_PREV_CLOSE_LE_25,OG_OPERATIONAL_100R__VXN_PREV_CLOSE_LE_25,2024,112,-643.22,0.7948,-15.0228,0.7053,-0.1341,0.3304,67.33,-60.28,1.117,-1019.26,-17.8775
OG_OPERATIONAL_100R,VXN_PREV_CLOSE_LE_25,OG_OPERATIONAL_100R__VXN_PREV_CLOSE_LE_25,2025,114,337.11,1.1156,6.6897,1.1702,0.0587,0.4035,70.73,-72.91,0.9701,-787.64,-8.3103
OG_OPERATIONAL_100R,VXN_PREV_CLOSE_LE_25,OG_OPERATIONAL_100R__VXN_PREV_CLOSE_LE_25,2026,39,1710.88,3.4274,12.6536,2.431,0.3245,0.5897,105.03,-78.31,1.3412,-355.12,-4.8423
OG_OPERATIONAL_100R,VXN_PREV_CLOSE_LE_30,OG_OPERATIONAL_100R__VXN_PREV_CLOSE_LE_30,2018,111,250.17,1.2788,12.3037,1.3651,0.1108,0.4144,24.95,-26.39,0.9452,-177.38,-5.6963
OG_OPERATIONAL_100R,VXN_PREV_CLOSE_LE_30,OG_OPERATIONAL_100R__VXN_PREV_CLOSE_LE_30,2019,122,-500.01,0.6352,-24.515,0.5658,-0.2009,0.2869,24.88,-22.47,1.1071,-665.87,-25.864
OG_OPERATIONAL_100R,VXN_PREV_CLOSE_LE_30,OG_OPERATIONAL_100R__VXN_PREV_CLOSE_LE_30,2020,58,357.92,1.6317,-1.3362,0.9296,-0.023,0.3103,51.37,-26.98,1.9036,-183.46,-7.3362
OG_OPERATIONAL_100R,VXN_PREV_CLOSE_LE_30,OG_OPERATIONAL_100R__VXN_PREV_CLOSE_LE_30,2021,120,358.38,1.1784,3.9782,1.0952,0.0332,0.3833,51.47,-43.68,1.1784,-388.12,-8.0
OG_OPERATIONAL_100R,VXN_PREV_CLOSE_LE_30,OG_OPERATIONAL_100R__VXN_PREV_CLOSE_LE_30,2022,52,577.5,1.6143,6.0,1.375,0.1154,0.4231,68.98,-58.76,1.174,-262.88,-5.0
OG_OPERATIONAL_100R,VXN_PREV_CLOSE_LE_30,OG_OPERATIONAL_100R__VXN_PREV_CLOSE_LE_30,2023,100,494.53,1.2872,9.7365,1.3316,0.0974,0.41,54.06,-53.81,1.0046,-378.11,-3.7536
OG_OPERATIONAL_100R,VXN_PREV_CLOSE_LE_30,OG_OPERATIONAL_100R__VXN_PREV_CLOSE_LE_30,2024,116,-233.72,0.9254,-11.0228,0.7837,-0.095,0.3534,70.75,-60.28,1.1737,-907.23,-13.8775
OG_OPERATIONAL_100R,VXN_PREV_CLOSE_LE_30,OG_OPERATIONAL_100R__VXN_PREV_CLOSE_LE_30,2025,127,990.99,1.3131,10.6897,1.2527,0.0842,0.4173,78.42,-73.61,1.0653,-633.64,-7.3103
OG_OPERATIONAL_100R,VXN_PREV_CLOSE_LE_30,OG_OPERATIONAL_100R__VXN_PREV_CLOSE_LE_30,2026,54,2705.5,3.9035,20.6536,2.9049,0.3825,0.6111,110.22,-84.71,1.3012,-355.12,-4.0
