sess_date,year,touched_at,pnl,exit
2018-01-03,2018,2018-01-03 04:06:00-05:00,-0.0,BE
2018-01-04,2018,2018-01-03 19:09:00-05:00,8.963648739487326,TR
2018-01-09,2018,2018-01-09 08:26:00-05:00,9.990425468026842,TR
2018-01-10,2018,2018-01-10 05:59:00-05:00,9.584581038227952,TR
2018-01-10,2018,2018-01-10 10:02:00-05:00,32.227925468027024,cutoff
2018-01-12,2018,2018-01-12 03:25:00-05:00,-0.0,BE
2018-01-16,2018,2018-01-16 05:23:00-05:00,-16.5,SL
2018-01-22,2018,2018-01-22 10:09:00-05:00,-35.625,SL
2018-01-24,2018,2018-01-24 10:14:00-05:00,43.01796979334358,TR
2018-01-30,2018,2018-01-29 22:52:00-05:00,7.808257076851987,TR
2018-01-30,2018,2018-01-30 10:05:00-05:00,54.014887490326146,TR
2018-02-02,2018,2018-02-02 04:21:00-05:00,-49.125,SL
2018-02-07,2018,2018-02-07 10:08:00-05:00,70.23208410735242,TR
2018-02-08,2018,2018-02-08 10:54:00-05:00,0.0,BE
2018-02-12,2018,2018-02-12 09:44:00-05:00,46.290521066134716,TR
2018-02-14,2018,2018-02-14 02:34:00-05:00,76.61971018643726,TR
2018-02-14,2018,2018-02-14 02:41:00-05:00,12.060020156329301,TR
2018-02-20,2018,2018-02-20 05:04:00-05:00,0.0,BE
2018-03-02,2018,2018-03-02 08:01:00-05:00,0.0,BE
2018-03-02,2018,2018-03-02 09:44:00-05:00,51.20428850873395,TR
2018-03-08,2018,2018-03-08 02:11:00-05:00,-16.5,SL
2018-03-09,2018,2018-03-08 19:00:00-05:00,-24.0,SL
2018-03-13,2018,2018-03-13 09:42:00-04:00,47.35202929515253,TR
2018-03-15,2018,2018-03-14 21:10:00-04:00,65.28503796635596,TR
2018-03-19,2018,2018-03-18 20:59:00-04:00,-13.125,SL
2018-03-22,2018,2018-03-22 03:59:00-04:00,0.0,BE
2018-03-22,2018,2018-03-22 03:59:00-04:00,0.0,BE
2018-03-22,2018,2018-03-22 06:50:00-04:00,0.0,BE
2018-03-27,2018,2018-03-26 20:01:00-04:00,-24.375,SL
2018-04-10,2018,2018-04-09 22:42:00-04:00,-0.0,BE
2018-04-12,2018,2018-04-12 09:59:00-04:00,17.858073515431897,TR
2018-04-12,2018,2018-04-12 10:22:00-04:00,12.253399853833798,cutoff
2018-04-17,2018,2018-04-17 02:19:00-04:00,12.450463751627467,TR
2018-04-17,2018,2018-04-17 06:13:00-04:00,-0.0,BE
2018-04-17,2018,2018-04-17 10:54:00-04:00,-44.25,SL
2018-04-20,2018,2018-04-20 03:30:00-04:00,21.37049387841853,TR
2018-04-20,2018,2018-04-20 03:35:00-04:00,0.0,BE
2018-04-24,2018,2018-04-24 10:24:00-04:00,-72.0,SL
2018-04-26,2018,2018-04-26 10:04:00-04:00,-53.625,SL
2018-04-27,2018,2018-04-27 08:47:00-04:00,25.157552421434957,TR
2018-05-04,2018,2018-05-04 10:25:00-04:00,-80.25,SL
2018-05-07,2018,2018-05-07 00:30:00-04:00,13.888773436150586,TR
2018-05-14,2018,2018-05-14 10:30:00-04:00,-0.0,BE
2018-05-15,2018,2018-05-15 08:39:00-04:00,-31.5,SL
2018-05-17,2018,2018-05-17 10:57:00-04:00,36.393010688973845,TR
2018-05-23,2018,2018-05-22 21:51:00-04:00,0.0,BE
2018-05-23,2018,2018-05-22 23:06:00-04:00,0.0,BE
2018-05-23,2018,2018-05-23 03:24:00-04:00,-18.0,SL
2018-05-24,2018,2018-05-24 03:19:00-04:00,27.000303921157865,TR
2018-05-24,2018,2018-05-24 03:19:00-04:00,-0.0,BE
2018-05-25,2018,2018-05-24 21:33:00-04:00,-0.0,BE
2018-05-25,2018,2018-05-24 21:34:00-04:00,16.36082369543601,TR
2018-05-29,2018,2018-05-29 02:47:00-04:00,18.932733620107683,TR
2018-05-29,2018,2018-05-29 04:32:00-04:00,41.18977737269506,TR
2018-06-01,2018,2018-06-01 09:55:00-04:00,-32.625,SL
2018-06-04,2018,2018-06-03 20:18:00-04:00,-23.25,SL
2018-06-05,2018,2018-06-05 04:00:00-04:00,-24.0,SL
2018-06-07,2018,2018-06-07 02:32:00-04:00,4.589199234774242,TR
2018-06-08,2018,2018-06-08 04:10:00-04:00,0.0,BE
2018-06-11,2018,2018-06-11 09:46:00-04:00,16.58791684413518,TR
2018-06-13,2018,2018-06-12 20:23:00-04:00,-0.0,BE
2018-06-13,2018,2018-06-13 10:20:00-04:00,22.427208812117897,TR
2018-06-14,2018,2018-06-14 10:20:00-04:00,-0.0,BE
2018-06-18,2018,2018-06-18 09:34:00-04:00,21.70811065489943,TR
2018-06-19,2018,2018-06-18 21:55:00-04:00,-19.875,SL
2018-06-20,2018,2018-06-19 20:02:00-04:00,24.52368341494457,TR
2018-06-20,2018,2018-06-20 08:54:00-04:00,-15.375,SL
2018-06-21,2018,2018-06-20 21:57:00-04:00,-14.625,SL
2018-06-22,2018,2018-06-22 10:34:00-04:00,41.944912336632115,cutoff
2018-06-25,2018,2018-06-25 05:03:00-04:00,-30.375,SL
2018-06-29,2018,2018-06-28 22:36:00-04:00,-27.75,SL
2018-07-02,2018,2018-07-02 02:24:00-04:00,34.923224448367364,TR
2018-07-03,2018,2018-07-03 07:36:00-04:00,28.33572444836682,TR
2018-07-06,2018,2018-07-06 01:32:00-04:00,-0.0,BE
2018-07-06,2018,2018-07-06 10:12:00-04:00,-54.9243217285275,cutoff
2018-07-09,2018,2018-07-08 20:08:00-04:00,-12.375,SL
2018-07-10,2018,2018-07-09 20:54:00-04:00,9.888705783388104,TR
2018-07-12,2018,2018-07-12 10:07:00-04:00,-46.5,SL
2018-07-13,2018,2018-07-12 23:46:00-04:00,8.957412336631933,TR
2018-07-23,2018,2018-07-22 21:00:00-04:00,-27.75,SL
2018-07-24,2018,2018-07-23 19:52:00-04:00,-0.0,BE
2018-07-24,2018,2018-07-23 21:45:00-04:00,13.15134713695079,TR
2018-07-24,2018,2018-07-23 21:45:00-04:00,12.409348931816567,TR
2018-07-24,2018,2018-07-23 22:59:00-04:00,21.93208405761834,TR
2018-07-24,2018,2018-07-24 09:36:00-04:00,28.251617873198484,TR
2018-07-30,2018,2018-07-30 09:44:00-04:00,0.0,BE
2018-07-30,2018,2018-07-30 09:44:00-04:00,0.0,BE
2018-08-07,2018,2018-08-06 23:02:00-04:00,-0.0,BE
2018-08-07,2018,2018-08-07 09:35:00-04:00,13.43250350130711,TR
2018-08-10,2018,2018-08-10 06:04:00-04:00,0.0,BE
2018-08-10,2018,2018-08-10 10:04:00-04:00,0.0,BE
2018-08-15,2018,2018-08-15 10:00:00-04:00,-20.67065241531236,cutoff
2018-08-17,2018,2018-08-17 08:08:00-04:00,0.0,BE
2018-08-22,2018,2018-08-21 19:14:00-04:00,27.828166446327486,TR
2018-08-23,2018,2018-08-23 09:42:00-04:00,-10.875,SL
2018-08-24,2018,2018-08-24 10:35:00-04:00,-12.420652415312361,cutoff
2018-08-27,2018,2018-08-26 19:44:00-04:00,-0.0,BE
2018-08-27,2018,2018-08-27 09:30:00-04:00,15.917476134860408,TR
2018-08-29,2018,2018-08-28 22:28:00-04:00,-0.0,BE
2018-08-29,2018,2018-08-29 10:41:00-04:00,-27.648160477377132,cutoff
2018-09-04,2018,2018-09-04 07:41:00-04:00,0.0,BE
2018-09-04,2018,2018-09-04 09:39:00-04:00,-14.25,SL
2018-09-05,2018,2018-09-05 10:01:00-04:00,-12.389832639235465,cutoff
2018-09-06,2018,2018-09-06 10:12:00-04:00,-26.923311650115465,cutoff
2018-09-07,2018,2018-09-07 09:00:00-04:00,67.38813700466562,TR
2018-09-12,2018,2018-09-12 03:47:00-04:00,-10.5,SL
2018-09-13,2018,2018-09-13 09:32:00-04:00,-30.75,SL
2018-09-14,2018,2018-09-14 02:25:00-04:00,19.46405045813026,TR
2018-09-14,2018,2018-09-14 02:28:00-04:00,14.364941853248638,TR
2018-09-17,2018,2018-09-17 09:36:00-04:00,-13.125,SL
2018-09-20,2018,2018-09-20 09:43:00-04:00,-22.454907435795576,cutoff
2018-09-21,2018,2018-09-21 02:47:00-04:00,14.041615860665843,TR
2018-09-24,2018,2018-09-24 09:31:00-04:00,-13.875,SL
2018-10-01,2018,2018-09-30 19:08:00-04:00,-0.0,BE
2018-10-01,2018,2018-09-30 19:24:00-04:00,-0.0,BE
2018-10-01,2018,2018-09-30 22:17:00-04:00,-12.0,SL
2018-10-02,2018,2018-10-02 04:46:00-04:00,27.591471054953217,TR
2018-10-04,2018,2018-10-03 21:36:00-04:00,-24.375,SL
2018-10-10,2018,2018-10-10 09:50:00-04:00,-35.25,SL
2018-10-23,2018,2018-10-23 05:17:00-04:00,28.77531845039448,TR
2018-10-23,2018,2018-10-23 09:30:00-04:00,34.663952942371,TR
2018-10-26,2018,2018-10-26 05:25:00-04:00,68.30159058576828,TR
2018-10-31,2018,2018-10-31 04:37:00-04:00,-0.0,BE
2018-11-02,2018,2018-11-02 01:04:00-04:00,102.25496229575128,TR
2018-11-02,2018,2018-11-02 02:06:00-04:00,56.99267575243175,TR
2018-11-05,2018,2018-11-05 09:44:00-05:00,-26.625,SL
2018-11-07,2018,2018-11-07 03:20:00-05:00,-33.0,SL
2018-11-09,2018,2018-11-09 06:37:00-05:00,0.0,BE
2018-11-12,2018,2018-11-12 09:32:00-05:00,-62.625,SL
2018-11-13,2018,2018-11-12 19:44:00-05:00,29.86726109425672,TR
2018-11-13,2018,2018-11-12 19:44:00-05:00,34.554962295751466,TR
2018-11-19,2018,2018-11-19 10:34:00-05:00,0.0,BE
2018-11-20,2018,2018-11-20 08:40:00-05:00,-81.375,SL
2018-11-21,2018,2018-11-21 09:31:00-05:00,45.738855974993385,TR
2018-11-23,2018,2018-11-23 08:43:00-05:00,25.985554132385005,TR
2018-11-26,2018,2018-11-26 03:15:00-05:00,-36.375,SL
2018-11-28,2018,2018-11-28 01:10:00-05:00,14.542929241805723,TR
2018-12-11,2018,2018-12-11 05:53:00-05:00,-44.25,SL
2018-12-14,2018,2018-12-13 21:06:00-05:00,0.0,BE
2018-12-14,2018,2018-12-13 21:07:00-05:00,0.0,BE
2018-12-17,2018,2018-12-17 09:53:00-05:00,39.06448602459932,TR
2018-12-28,2018,2018-12-27 23:30:00-05:00,26.404224240451185,TR
2019-01-02,2019,2019-01-02 03:03:00-05:00,-43.125,SL
2019-01-07,2019,2019-01-06 19:03:00-05:00,-22.875,SL
2019-01-15,2019,2019-01-15 09:36:00-05:00,-28.125,SL
2019-01-16,2019,2019-01-16 09:33:00-05:00,-12.375,SL
2019-01-17,2019,2019-01-17 03:16:00-05:00,28.462031698638384,TR
2019-01-18,2019,2019-01-18 09:28:00-05:00,18.649531698638384,TR
2019-01-25,2019,2019-01-25 10:02:00-05:00,-13.127232817691038,cutoff
2019-01-28,2019,2019-01-28 09:33:00-05:00,-19.125,SL
2019-01-29,2019,2019-01-29 10:57:00-05:00,7.499645331417923,cutoff
2019-02-07,2019,2019-02-07 09:30:00-05:00,0.0,BE
2019-02-12,2019,2019-02-12 10:58:00-05:00,-5.3013951186203485,cutoff
2019-02-13,2019,2019-02-12 19:12:00-05:00,-0.0,BE
2019-02-13,2019,2019-02-13 01:18:00-05:00,12.787325242922634,TR
2019-02-14,2019,2019-02-14 09:31:00-05:00,54.73400087124446,cutoff
2019-02-15,2019,2019-02-15 09:28:00-05:00,-0.0,BE
2019-02-20,2019,2019-02-20 10:40:00-05:00,33.34786366720891,TR
2019-02-21,2019,2019-02-20 22:40:00-05:00,45.77643051873201,TR
2019-02-21,2019,2019-02-20 22:40:00-05:00,39.68017365011292,TR
2019-02-21,2019,2019-02-21 09:45:00-05:00,28.888930518732195,TR
2019-02-21,2019,2019-02-21 09:45:00-05:00,28.32499969219498,TR
2019-02-25,2019,2019-02-25 06:24:00-05:00,-0.0,BE
2019-02-25,2019,2019-02-25 08:47:00-05:00,-12.375,SL
2019-02-26,2019,2019-02-25 20:28:00-05:00,-17.625,SL
2019-03-07,2019,2019-03-06 19:05:00-05:00,0.0,BE
2019-03-07,2019,2019-03-07 02:04:00-05:00,6.7972033741934865,TR
2019-03-07,2019,2019-03-07 09:52:00-05:00,28.851406163386855,TR
2019-03-07,2019,2019-03-07 09:52:00-05:00,30.50741196196941,TR
2019-03-08,2019,2019-03-08 08:30:00-05:00,-17.625,SL
2019-03-13,2019,2019-03-13 08:00:00-04:00,-0.0,BE
2019-03-15,2019,2019-03-15 09:56:00-04:00,-0.0,BE
2019-03-18,2019,2019-03-18 09:58:00-04:00,22.573578148492743,TR
2019-03-25,2019,2019-03-24 20:24:00-04:00,-15.0,SL
2019-03-26,2019,2019-03-26 09:57:00-04:00,24.612851730817056,TR
2019-04-01,2019,2019-03-31 19:05:00-04:00,-0.0,BE
2019-04-03,2019,2019-04-02 21:45:00-04:00,-7.811768543288963,cutoff
2019-04-11,2019,2019-04-10 19:42:00-04:00,-0.0,BE
2019-04-11,2019,2019-04-10 19:42:00-04:00,-0.0,BE
2019-04-15,2019,2019-04-15 10:43:00-04:00,26.371767490930324,TR
2019-04-17,2019,2019-04-16 21:59:00-04:00,-0.0,BE
2019-04-17,2019,2019-04-17 08:03:00-04:00,-13.125,SL
2019-04-23,2019,2019-04-23 09:44:00-04:00,-14.25,SL
2019-04-26,2019,2019-04-26 09:43:00-04:00,48.81857078507801,cutoff
2019-04-30,2019,2019-04-29 21:00:00-04:00,14.018877707405409,TR
2019-05-09,2019,2019-05-09 02:52:00-04:00,-34.125,SL
2019-05-10,2019,2019-05-09 20:24:00-04:00,57.33559647316088,TR
2019-05-13,2019,2019-05-13 08:14:00-04:00,-52.875,SL
2019-05-15,2019,2019-05-15 10:42:00-04:00,-39.96059708323719,cutoff
2019-05-20,2019,2019-05-20 06:14:00-04:00,-30.0,SL
2019-05-23,2019,2019-05-23 02:07:00-04:00,-20.625,SL
2019-05-28,2019,2019-05-28 09:39:00-04:00,34.63758448424778,TR
2019-05-29,2019,2019-05-28 20:09:00-04:00,-21.0,SL
2019-05-31,2019,2019-05-31 03:05:00-04:00,-23.625,SL
2019-06-05,2019,2019-06-05 05:27:00-04:00,-19.875,SL
2019-06-07,2019,2019-06-07 04:08:00-04:00,-22.875,SL
2019-06-10,2019,2019-06-10 09:33:00-04:00,-23.25,SL
2019-06-11,2019,2019-06-11 08:35:00-04:00,-16.125,SL
2019-06-17,2019,2019-06-17 09:53:00-04:00,2.4113085016415425,cutoff
2019-06-17,2019,2019-06-17 09:55:00-04:00,12.424729812347323,cutoff
2019-06-18,2019,2019-06-18 04:18:00-04:00,-38.625,SL
2019-06-20,2019,2019-06-19 21:09:00-04:00,-0.0,BE
2019-06-20,2019,2019-06-19 23:49:00-04:00,-0.0,BE
2019-06-25,2019,2019-06-25 10:22:00-04:00,-64.875,SL
2019-07-01,2019,2019-07-01 03:03:00-04:00,-0.0,BE
2019-07-03,2019,2019-07-03 03:15:00-04:00,-10.875,SL
2019-07-05,2019,2019-07-05 08:30:00-04:00,19.356654060056826,TR
2019-07-08,2019,2019-07-08 09:37:00-04:00,0.0,BE
2019-07-09,2019,2019-07-08 23:23:00-04:00,-18.0,SL
2019-07-10,2019,2019-07-10 08:33:00-04:00,-16.125,SL
2019-07-16,2019,2019-07-15 19:54:00-04:00,-0.0,BE
2019-07-23,2019,2019-07-23 08:08:00-04:00,17.202578487764185,TR
2019-07-30,2019,2019-07-30 07:31:00-04:00,0.0,BE
2019-08-02,2019,2019-08-02 03:50:00-04:00,0.0,BE
2019-08-02,2019,2019-08-02 10:08:00-04:00,-21.505158577310794,cutoff
2019-08-05,2019,2019-08-04 21:35:00-04:00,-29.625,SL
2019-08-08,2019,2019-08-07 21:24:00-04:00,-30.0,SL
2019-08-13,2019,2019-08-13 05:30:00-04:00,0.0,BE
2019-08-13,2019,2019-08-13 09:46:00-04:00,-38.25,SL
2019-08-16,2019,2019-08-16 10:59:00-04:00,-0.0,BE
2019-08-19,2019,2019-08-19 01:18:00-04:00,-0.0,BE
2019-08-19,2019,2019-08-19 03:03:00-04:00,-0.0,BE
2019-08-22,2019,2019-08-22 10:35:00-04:00,32.735734763471555,TR
2019-08-23,2019,2019-08-23 08:25:00-04:00,26.848067949561482,TR
2019-08-23,2019,2019-08-23 09:50:00-04:00,0.0,BE
2019-08-23,2019,2019-08-23 09:50:00-04:00,0.0,BE
2019-08-27,2019,2019-08-27 09:06:00-04:00,64.2586952583606,TR
2019-08-29,2019,2019-08-29 03:13:00-04:00,-16.125,SL
2019-08-30,2019,2019-08-30 05:30:00-04:00,-0.0,BE
2019-09-05,2019,2019-09-04 20:04:00-04:00,-10.5,SL
2019-09-10,2019,2019-09-10 03:41:00-04:00,20.88345326435956,TR
2019-09-11,2019,2019-09-11 10:33:00-04:00,-0.0,BE
2019-09-12,2019,2019-09-11 19:22:00-04:00,-12.375,SL
2019-09-19,2019,2019-09-19 09:32:00-04:00,8.379790605412381,cutoff
2019-09-19,2019,2019-09-19 09:32:00-04:00,13.940188223614314,cutoff
2019-09-19,2019,2019-09-19 09:36:00-04:00,23.674124244043924,cutoff
2019-09-24,2019,2019-09-23 19:02:00-04:00,18.915003267094107,TR
2019-09-25,2019,2019-09-25 04:49:00-04:00,45.663220323606765,TR
2019-10-01,2019,2019-09-30 21:02:00-04:00,39.35863760945176,TR
2019-10-02,2019,2019-10-02 03:10:00-04:00,-25.5,SL
2019-10-04,2019,2019-10-04 08:31:00-04:00,22.28195205236989,TR
2019-10-08,2019,2019-10-08 09:39:00-04:00,-28.5,SL
2019-10-10,2019,2019-10-10 10:54:00-04:00,22.544102950359047,cutoff
2019-10-10,2019,2019-10-10 10:57:00-04:00,32.19980793627474,cutoff
2019-10-11,2019,2019-10-11 04:10:00-04:00,-28.125,SL
2019-10-15,2019,2019-10-15 10:27:00-04:00,-46.125,SL
2019-10-17,2019,2019-10-17 05:31:00-04:00,28.893112648202077,TR
2019-10-17,2019,2019-10-17 05:34:00-04:00,33.178952461576046,TR
2019-10-17,2019,2019-10-17 05:34:00-04:00,25.638946281967947,TR
2019-10-18,2019,2019-10-18 10:35:00-04:00,0.0,BE
2019-10-22,2019,2019-10-22 09:34:00-04:00,14.113604246742398,TR
2019-10-24,2019,2019-10-24 03:15:00-04:00,-0.0,BE
2019-10-25,2019,2019-10-25 10:50:00-04:00,-16.49191049158071,cutoff
2019-10-30,2019,2019-10-30 10:03:00-04:00,0.0,BE
2019-10-30,2019,2019-10-30 10:04:00-04:00,54.11432207334565,TR
2019-11-01,2019,2019-11-01 09:54:00-04:00,-2.598177926653989,cutoff
2019-11-04,2019,2019-11-04 05:02:00-05:00,-16.875,SL
2019-11-07,2019,2019-11-07 10:16:00-05:00,37.65911284065078,TR
2019-11-12,2019,2019-11-12 10:19:00-05:00,29.815624415638013,TR
2019-11-12,2019,2019-11-12 10:20:00-05:00,30.59557071094605,TR
2019-11-12,2019,2019-11-12 10:37:00-05:00,29.48531021323288,TR
2019-11-15,2019,2019-11-14 20:15:00-05:00,-0.0,BE
2019-11-15,2019,2019-11-14 21:56:00-05:00,15.514226080602384,TR
2019-11-15,2019,2019-11-15 08:48:00-05:00,17.83728754548065,TR
2019-11-18,2019,2019-11-18 02:16:00-05:00,-7.5,SL
2019-11-19,2019,2019-11-19 03:23:00-05:00,9.003480400140688,TR
2019-11-20,2019,2019-11-20 03:54:00-05:00,0.0,BE
2019-11-25,2019,2019-11-25 09:34:00-05:00,-21.75,SL
2019-11-26,2019,2019-11-25 20:46:00-05:00,28.88662027431019,TR
2019-11-26,2019,2019-11-25 20:46:00-05:00,31.48916261773229,TR
2019-12-02,2019,2019-12-02 09:30:00-05:00,-29.625,SL
2019-12-03,2019,2019-12-03 07:45:00-05:00,-31.5,SL
2019-12-04,2019,2019-12-04 04:07:00-05:00,-24.698042081527092,cutoff
2019-12-06,2019,2019-12-06 08:41:00-05:00,-20.25,SL
2019-12-10,2019,2019-12-10 03:52:00-05:00,-9.0,SL
2019-12-12,2019,2019-12-12 09:38:00-05:00,-33.0,SL
2019-12-13,2019,2019-12-13 05:31:00-05:00,17.30003969304562,TR
2019-12-16,2019,2019-12-16 09:45:00-05:00,-14.25,SL
2019-12-26,2019,2019-12-26 09:45:00-05:00,-19.125,SL
2019-12-30,2019,2019-12-30 09:38:00-05:00,-19.875,SL
2020-01-03,2020,2020-01-03 05:56:00-05:00,46.75965592837565,TR
2020-01-07,2020,2020-01-06 21:23:00-05:00,-0.0,BE
2020-01-08,2020,2020-01-07 19:32:00-05:00,170.5959059539491,TR
2020-01-08,2020,2020-01-07 19:38:00-05:00,181.83963774954645,TR
2020-01-08,2020,2020-01-07 19:38:00-05:00,177.43651194831364,TR
2020-01-17,2020,2020-01-17 04:51:00-05:00,30.113026241002444,TR
2020-01-21,2020,2020-01-20 21:35:00-05:00,0.0,BE
2020-01-22,2020,2020-01-21 21:51:00-05:00,-17.25,SL
2020-01-23,2020,2020-01-23 09:35:00-05:00,29.612400207166502,TR
2020-01-24,2020,2020-01-24 03:07:00-05:00,-10.5,SL
2020-01-27,2020,2020-01-27 05:03:00-05:00,-17.94615645900194,cutoff
2020-01-28,2020,2020-01-28 10:25:00-05:00,-58.125,SL
2020-01-30,2020,2020-01-30 02:06:00-05:00,0.0,BE
2020-02-04,2020,2020-02-04 03:23:00-05:00,-0.0,BE
2020-02-04,2020,2020-02-04 07:40:00-05:00,-28.5,SL
2020-02-11,2020,2020-02-10 20:45:00-05:00,31.695695436550523,cutoff
2020-02-14,2020,2020-02-13 22:02:00-05:00,-0.0,BE
2020-02-17,2020,2020-02-16 20:47:00-05:00,-0.0,BE
2020-02-17,2020,2020-02-17 00:41:00-05:00,-6.375,SL
2020-02-19,2020,2020-02-19 07:58:00-05:00,-0.0,BE
2020-02-19,2020,2020-02-19 09:36:00-05:00,-13.125,SL
2020-02-21,2020,2020-02-21 09:49:00-05:00,33.12978462535102,TR
2020-02-21,2020,2020-02-21 09:49:00-05:00,31.431877068038375,TR
2020-02-24,2020,2020-02-23 21:27:00-05:00,-29.25,SL
2020-02-27,2020,2020-02-26 22:58:00-05:00,74.70503200745588,TR
2020-03-02,2020,2020-03-01 20:31:00-05:00,-109.875,SL
2020-03-06,2020,2020-03-05 22:53:00-05:00,-84.375,SL
2020-03-12,2020,2020-03-12 09:30:00-04:00,-6.375,SL
2020-03-20,2020,2020-03-20 03:26:00-04:00,192.45873650180692,TR
2020-03-20,2020,2020-03-20 03:44:00-04:00,198.22290808732214,TR
2020-03-24,2020,2020-03-24 04:07:00-04:00,-0.0,BE
2020-03-25,2020,2020-03-25 03:59:00-04:00,165.42869503760994,TR
2020-03-25,2020,2020-03-25 04:29:00-04:00,185.24164099325117,TR
2020-03-25,2020,2020-03-25 04:47:00-04:00,180.03941482899972,TR
2020-03-25,2020,2020-03-25 05:07:00-04:00,175.35616907242002,TR
2020-03-31,2020,2020-03-30 20:01:00-04:00,-0.0,BE
2020-03-31,2020,2020-03-30 21:02:00-04:00,-0.0,BE
2020-03-31,2020,2020-03-31 05:22:00-04:00,57.7494390298134,TR
2020-04-01,2020,2020-04-01 01:49:00-04:00,53.04544600698955,TR
2020-04-02,2020,2020-04-02 09:14:00-04:00,199.39417664632947,TR
2020-04-06,2020,2020-04-05 20:17:00-04:00,-48.75,SL
2020-04-07,2020,2020-04-07 02:58:00-04:00,-108.75,SL
2020-04-09,2020,2020-04-09 09:43:00-04:00,143.17188991283365,cutoff
2020-04-14,2020,2020-04-13 21:33:00-04:00,-70.5,SL
2020-04-16,2020,2020-04-16 10:58:00-04:00,86.52635432360512,TR
2020-04-21,2020,2020-04-20 22:38:00-04:00,73.9003808870093,TR
2020-04-21,2020,2020-04-21 09:37:00-04:00,-48.75,SL
2020-04-23,2020,2020-04-23 10:23:00-04:00,128.1150767397321,TR
2020-04-27,2020,2020-04-26 22:06:00-04:00,-0.0,BE
2020-04-27,2020,2020-04-27 00:00:00-04:00,-30.75,SL
2020-04-28,2020,2020-04-28 05:20:00-04:00,-32.625,SL
2020-05-05,2020,2020-05-05 03:30:00-04:00,-0.0,BE
2020-05-07,2020,2020-05-07 05:36:00-04:00,-0.0,BE
2020-05-08,2020,2020-05-07 20:00:00-04:00,-43.125,SL
2020-05-11,2020,2020-05-10 19:33:00-04:00,75.78303719781252,TR
2020-05-13,2020,2020-05-12 19:45:00-04:00,66.04225699011658,TR
2020-05-15,2020,2020-05-15 03:07:00-04:00,-0.0,BE
2020-05-18,2020,2020-05-17 19:04:00-04:00,-0.0,BE
2020-05-18,2020,2020-05-18 10:59:00-04:00,-0.0,BE
2020-05-20,2020,2020-05-20 09:30:00-04:00,-30.375,SL
2020-05-22,2020,2020-05-21 22:54:00-04:00,-66.0,SL
2020-05-25,2020,2020-05-25 06:50:00-04:00,-0.0,BE
2020-05-26,2020,2020-05-25 23:54:00-04:00,-22.875,SL
2020-05-27,2020,2020-05-27 10:46:00-04:00,0.0,BE
2020-05-27,2020,2020-05-27 10:49:00-04:00,182.3697309076215,TR
2020-06-02,2020,2020-06-02 02:29:00-04:00,-0.0,BE
2020-06-02,2020,2020-06-02 03:31:00-04:00,-0.0,BE
2020-06-02,2020,2020-06-02 04:18:00-04:00,53.202594220261744,TR
2020-06-03,2020,2020-06-02 20:45:00-04:00,-0.0,BE
2020-06-03,2020,2020-06-03 10:01:00-04:00,-0.0,BE
2020-06-04,2020,2020-06-04 09:50:00-04:00,63.507908253450296,TR
2020-06-09,2020,2020-06-09 10:45:00-04:00,-38.39987966732588,cutoff
2020-06-10,2020,2020-06-09 21:32:00-04:00,32.71148916823222,TR
2020-06-11,2020,2020-06-11 08:22:00-04:00,0.0,BE
2020-06-15,2020,2020-06-15 01:36:00-04:00,-64.5,SL
2020-06-16,2020,2020-06-16 08:57:00-04:00,49.96764199441532,TR
2020-06-19,2020,2020-06-19 08:36:00-04:00,-0.0,BE
2020-06-19,2020,2020-06-19 09:28:00-04:00,32.56935459612214,TR
2020-06-23,2020,2020-06-23 03:15:00-04:00,-85.125,SL
2020-06-29,2020,2020-06-29 09:41:00-04:00,59.056667514738365,TR
2020-06-30,2020,2020-06-30 01:21:00-04:00,9.737948323960154,TR
2020-07-01,2020,2020-07-01 09:33:00-04:00,-73.58083248526236,cutoff
2020-07-02,2020,2020-07-02 04:27:00-04:00,-0.0,BE
2020-07-02,2020,2020-07-02 08:30:00-04:00,-41.25,SL
2020-07-06,2020,2020-07-05 21:46:00-04:00,-0.0,BE
2020-07-06,2020,2020-07-06 10:00:00-04:00,-80.25,SL
2020-07-07,2020,2020-07-06 19:33:00-04:00,44.32483763380151,TR
2020-07-13,2020,2020-07-13 07:06:00-04:00,-32.25,SL
2020-07-14,2020,2020-07-14 08:51:00-04:00,0.0,BE
2020-07-14,2020,2020-07-14 09:02:00-04:00,0.0,BE
2020-07-14,2020,2020-07-14 09:52:00-04:00,186.29795684166675,TR
2020-07-14,2020,2020-07-14 09:53:00-04:00,186.54165869293865,TR
2020-07-16,2020,2020-07-16 05:11:00-04:00,0.0,BE
2020-07-20,2020,2020-07-20 10:27:00-04:00,-122.33254044710156,cutoff
2020-07-24,2020,2020-07-24 02:57:00-04:00,-51.0,SL
2020-08-03,2020,2020-08-03 09:33:00-04:00,-29.625,SL
2020-08-05,2020,2020-08-05 02:05:00-04:00,-25.5,SL
2020-08-13,2020,2020-08-13 09:31:00-04:00,-0.0,BE
2020-08-13,2020,2020-08-13 09:40:00-04:00,-0.0,BE
2020-08-18,2020,2020-08-17 19:31:00-04:00,-0.0,BE
2020-08-18,2020,2020-08-18 09:35:00-04:00,69.91592739262342,TR
2020-08-18,2020,2020-08-18 09:38:00-04:00,70.71379698126293,TR
2020-08-18,2020,2020-08-18 09:38:00-04:00,72.78584656538987,TR
2020-08-21,2020,2020-08-20 20:00:00-04:00,-19.5,SL
2020-08-24,2020,2020-08-24 04:00:00-04:00,-56.625,SL
2020-08-26,2020,2020-08-26 06:54:00-04:00,27.720455083515844,TR
2020-09-01,2020,2020-09-01 02:16:00-04:00,-28.125,SL
2020-09-02,2020,2020-09-02 05:56:00-04:00,61.63695641641789,TR
2020-09-03,2020,2020-09-03 10:19:00-04:00,-200.0,SL
2020-09-04,2020,2020-09-03 19:06:00-04:00,193.9882421199054,TR
2020-09-04,2020,2020-09-04 10:15:00-04:00,-200.0,SL
2020-09-08,2020,2020-09-08 06:25:00-04:00,0.0,BE
2020-09-08,2020,2020-09-08 09:41:00-04:00,148.4721003518407,TR
2020-09-16,2020,2020-09-16 04:08:00-04:00,37.26072784824646,TR
2020-09-16,2020,2020-09-16 04:08:00-04:00,38.700841805442906,TR
2020-09-17,2020,2020-09-17 08:30:00-04:00,122.33572784824537,TR
2020-09-17,2020,2020-09-17 09:10:00-04:00,114.7008418054429,TR
2020-09-21,2020,2020-09-21 04:48:00-04:00,0.0,BE
2020-09-28,2020,2020-09-28 04:10:00-04:00,-51.75,SL
2020-09-30,2020,2020-09-30 02:10:00-04:00,142.3410628673737,TR
2020-10-01,2020,2020-10-01 05:41:00-04:00,-52.9125269051292,cutoff
2020-10-02,2020,2020-10-02 01:30:00-04:00,0.0,BE
2020-10-08,2020,2020-10-08 02:42:00-04:00,20.907239575817584,TR
2020-10-09,2020,2020-10-08 23:08:00-04:00,24.740140737980255,TR
2020-10-09,2020,2020-10-09 08:56:00-04:00,-54.0,SL
2020-10-12,2020,2020-10-11 19:46:00-04:00,-0.0,BE
2020-10-12,2020,2020-10-11 21:52:00-04:00,-0.0,BE
2020-10-12,2020,2020-10-12 03:58:00-04:00,-24.375,SL
2020-10-15,2020,2020-10-14 22:50:00-04:00,-114.375,SL
2020-10-22,2020,2020-10-22 10:32:00-04:00,0.0,BE
2020-10-28,2020,2020-10-28 09:40:00-04:00,-102.375,SL
2020-10-30,2020,2020-10-30 01:45:00-04:00,-41.625,SL
2020-11-04,2020,2020-11-03 20:52:00-05:00,-171.75,SL
2020-11-05,2020,2020-11-04 22:27:00-05:00,-98.625,SL
2020-11-09,2020,2020-11-08 19:40:00-05:00,305.6371817207455,TR
2020-11-09,2020,2020-11-08 19:58:00-05:00,253.8802160988089,TR
2020-11-09,2020,2020-11-08 20:09:00-05:00,-0.0,BE
2020-11-09,2020,2020-11-08 22:53:00-05:00,-49.5,SL
2020-11-10,2020,2020-11-09 19:24:00-05:00,70.94271609880889,TR
2020-11-10,2020,2020-11-09 22:38:00-05:00,0.0,BE
2020-11-12,2020,2020-11-12 04:58:00-05:00,-0.0,BE
2020-11-19,2020,2020-11-18 22:11:00-05:00,32.560131210404506,TR
2020-11-25,2020,2020-11-24 19:10:00-05:00,59.13806961338378,TR
2020-11-25,2020,2020-11-24 19:16:00-05:00,-0.0,BE
2020-11-26,2020,2020-11-25 20:33:00-05:00,-25.5,SL
2020-11-27,2020,2020-11-27 10:17:00-05:00,-2.8101834961944405,cutoff
2020-12-01,2020,2020-12-01 10:02:00-05:00,-0.0,BE
2020-12-07,2020,2020-12-07 09:58:00-05:00,-23.25,SL
2020-12-10,2020,2020-12-10 01:44:00-05:00,33.865058671626684,TR
2020-12-14,2020,2020-12-14 09:57:00-05:00,-1.494744049046858,cutoff
2020-12-15,2020,2020-12-15 09:30:00-05:00,-0.0,BE
2020-12-17,2020,2020-12-17 02:21:00-05:00,-11.25,SL
2020-12-18,2020,2020-12-18 04:09:00-05:00,-0.0,BE
2020-12-18,2020,2020-12-18 09:18:00-05:00,55.208047812002405,TR
2020-12-21,2020,2020-12-21 05:07:00-05:00,116.11276165243544,TR
2020-12-21,2020,2020-12-21 05:23:00-05:00,123.5749844574093,TR
2020-12-28,2020,2020-12-28 08:45:00-05:00,-0.0,BE
2020-12-29,2020,2020-12-29 00:37:00-05:00,-16.875,SL
2021-01-04,2021,2021-01-04 04:16:00-05:00,53.174984457407845,TR
2021-01-06,2021,2021-01-06 03:21:00-05:00,0.0,BE
2021-01-06,2021,2021-01-06 03:22:00-05:00,0.0,BE
2021-01-07,2021,2021-01-07 10:04:00-05:00,-56.784107948913515,cutoff
2021-01-08,2021,2021-01-07 20:31:00-05:00,-37.125,SL
2021-01-15,2021,2021-01-15 10:07:00-05:00,-3.742660451163829,cutoff
2021-01-20,2021,2021-01-20 03:43:00-05:00,24.148747428205752,TR
2021-01-20,2021,2021-01-20 03:44:00-05:00,23.30276448490622,TR
2021-01-20,2021,2021-01-20 08:00:00-05:00,-41.625,SL
2021-01-21,2021,2021-01-20 20:05:00-05:00,-0.0,BE
2021-01-25,2021,2021-01-25 09:34:00-05:00,63.792483189676204,TR
2021-01-25,2021,2021-01-25 09:34:00-05:00,51.67960294781915,TR
2021-01-27,2021,2021-01-27 09:32:00-05:00,-69.0,SL
2021-02-02,2021,2021-02-01 20:23:00-05:00,-46.875,SL
2021-02-05,2021,2021-02-05 00:32:00-05:00,31.485624295924936,TR
2021-02-08,2021,2021-02-07 20:23:00-05:00,-0.0,BE
2021-02-08,2021,2021-02-08 10:08:00-05:00,73.60820247538686,TR
2021-02-10,2021,2021-02-10 02:35:00-05:00,16.346280655419832,TR
2021-02-10,2021,2021-02-10 02:35:00-05:00,15.934159595817619,TR
2021-02-15,2021,2021-02-14 19:20:00-05:00,-19.097710897869547,cutoff
2021-02-16,2021,2021-02-15 20:21:00-05:00,36.81957742389022,TR
2021-02-17,2021,2021-02-16 19:04:00-05:00,55.50938869367201,TR
2021-02-17,2021,2021-02-17 08:52:00-05:00,-37.875,SL
2021-02-18,2021,2021-02-18 09:04:00-05:00,0.0,BE
2021-02-18,2021,2021-02-18 10:07:00-05:00,0.0,BE
2021-02-18,2021,2021-02-18 10:18:00-05:00,0.0,BE
2021-02-18,2021,2021-02-18 10:23:00-05:00,83.25228910213082,TR
2021-02-22,2021,2021-02-22 02:06:00-05:00,-48.0,SL
2021-02-23,2021,2021-02-23 04:03:00-05:00,-157.875,SL
2021-02-24,2021,2021-02-24 07:56:00-05:00,87.63091676361182,TR
2021-03-03,2021,2021-03-03 08:34:00-05:00,-76.5,SL
2021-03-04,2021,2021-03-03 22:58:00-05:00,117.72892056786804,TR
2021-03-05,2021,2021-03-04 20:14:00-05:00,113.65281660173241,TR
2021-03-10,2021,2021-03-10 08:35:00-05:00,54.822555973240014,TR
2021-03-10,2021,2021-03-10 09:05:00-05:00,87.14197105333187,cutoff
2021-03-10,2021,2021-03-10 09:07:00-05:00,191.27008819205366,TR
2021-03-11,2021,2021-03-11 04:19:00-05:00,-0.0,BE
2021-03-16,2021,2021-03-15 21:16:00-04:00,-42.75,SL
2021-03-17,2021,2021-03-17 09:39:00-04:00,72.94054248839893,TR
2021-03-19,2021,2021-03-19 02:01:00-04:00,73.16346130409511,TR
2021-03-19,2021,2021-03-19 02:01:00-04:00,63.17912647098274,TR
2021-03-22,2021,2021-03-22 10:00:00-04:00,-120.53234688075827,cutoff
2021-03-24,2021,2021-03-24 10:17:00-04:00,0.0,BE
2021-03-25,2021,2021-03-25 07:53:00-04:00,-36.0,SL
2021-03-31,2021,2021-03-31 10:00:00-04:00,-68.45557142848338,cutoff
2021-04-01,2021,2021-04-01 03:24:00-04:00,-64.5,SL
2021-04-05,2021,2021-04-05 08:40:00-04:00,-34.875,SL
2021-04-08,2021,2021-04-08 06:27:00-04:00,-0.0,BE
2021-04-08,2021,2021-04-08 09:57:00-04:00,35.624579921415716,TR
2021-04-13,2021,2021-04-13 08:39:00-04:00,-50.625,SL
2021-04-21,2021,2021-04-20 22:01:00-04:00,37.538874404322996,TR
2021-04-27,2021,2021-04-27 01:51:00-04:00,12.001374404322632,TR
2021-04-29,2021,2021-04-29 08:44:00-04:00,-0.0,BE
2021-04-29,2021,2021-04-29 08:53:00-04:00,44.11506884757546,TR
2021-05-04,2021,2021-05-03 20:20:00-04:00,-37.125,SL
2021-05-06,2021,2021-05-06 10:21:00-04:00,140.10653320817073,TR
2021-05-07,2021,2021-05-07 08:30:00-04:00,-25.5,SL
2021-05-10,2021,2021-05-10 10:30:00-04:00,-106.4285075087646,cutoff
2021-05-11,2021,2021-05-10 20:54:00-04:00,-24.0,SL
2021-05-13,2021,2021-05-13 04:50:00-04:00,184.6385888963905,TR
2021-05-19,2021,2021-05-18 20:07:00-04:00,0.0,BE
2021-05-19,2021,2021-05-19 02:35:00-04:00,41.22753003474281,TR
2021-05-19,2021,2021-05-19 04:46:00-04:00,0.0,BE
2021-05-21,2021,2021-05-20 20:09:00-04:00,-40.5,SL
2021-05-25,2021,2021-05-25 02:14:00-04:00,45.84501996814652,TR
2021-06-03,2021,2021-06-03 06:58:00-04:00,-53.25,SL
2021-06-04,2021,2021-06-04 10:01:00-04:00,-57.658146612397104,cutoff
2021-06-08,2021,2021-06-07 19:24:00-04:00,-0.0,BE
2021-06-08,2021,2021-06-07 19:24:00-04:00,-0.0,BE
2021-06-08,2021,2021-06-07 21:01:00-04:00,37.405345952984135,TR
2021-06-08,2021,2021-06-07 21:13:00-04:00,36.8960865682202,TR
2021-06-08,2021,2021-06-08 07:42:00-04:00,102.06313805468199,TR
2021-06-08,2021,2021-06-08 07:53:00-04:00,96.8149383072232,TR
2021-06-10,2021,2021-06-10 09:46:00-04:00,-17.66441414035944,cutoff
2021-06-14,2021,2021-06-14 06:38:00-04:00,15.90254283989998,TR
2021-06-15,2021,2021-06-14 21:15:00-04:00,-0.0,BE
2021-06-18,2021,2021-06-17 21:45:00-04:00,-0.0,BE
2021-06-23,2021,2021-06-22 20:10:00-04:00,-14.625,SL
2021-07-02,2021,2021-07-02 09:01:00-04:00,-46.30161849588694,cutoff
2021-07-06,2021,2021-07-06 09:32:00-04:00,25.945719567649576,TR
2021-07-07,2021,2021-07-07 03:06:00-04:00,-23.625,SL
2021-07-08,2021,2021-07-08 03:46:00-04:00,-51.75,SL
2021-07-12,2021,2021-07-12 08:20:00-04:00,41.40151806743597,TR
2021-07-12,2021,2021-07-12 09:32:00-04:00,58.06699238234796,TR
2021-07-15,2021,2021-07-15 09:38:00-04:00,51.8721368214683,TR
2021-07-19,2021,2021-07-18 19:34:00-04:00,0.0,BE
2021-07-19,2021,2021-07-19 07:44:00-04:00,0.0,BE
2021-07-19,2021,2021-07-19 09:33:00-04:00,-14.779280432350788,cutoff
2021-07-22,2021,2021-07-22 09:42:00-04:00,-36.75,SL
2021-07-23,2021,2021-07-23 05:39:00-04:00,27.303594334645823,TR
2021-07-23,2021,2021-07-23 10:38:00-04:00,-89.625,SL
2021-07-26,2021,2021-07-25 19:21:00-04:00,-0.0,BE
2021-07-27,2021,2021-07-27 10:36:00-04:00,-128.25,SL
2021-07-30,2021,2021-07-29 20:47:00-04:00,0.0,BE
2021-08-12,2021,2021-08-12 09:36:00-04:00,65.20242265170964,TR
2021-08-12,2021,2021-08-12 09:45:00-04:00,61.581183601552766,TR
2021-08-16,2021,2021-08-16 10:28:00-04:00,0.0,BE
2021-08-19,2021,2021-08-19 02:58:00-04:00,0.0,BE
2021-08-19,2021,2021-08-19 02:58:00-04:00,0.0,BE
2021-08-20,2021,2021-08-20 09:46:00-04:00,-48.98317570533436,cutoff
2021-08-23,2021,2021-08-23 01:11:00-04:00,8.321444576327849,TR
2021-08-23,2021,2021-08-23 09:32:00-04:00,-25.125,SL
2021-08-24,2021,2021-08-24 02:36:00-04:00,32.01595027505391,TR
2021-08-30,2021,2021-08-30 09:33:00-04:00,-22.125,SL
2021-08-31,2021,2021-08-31 02:14:00-04:00,38.2164832579856,TR
2021-09-08,2021,2021-09-08 10:38:00-04:00,0.0,BE
2021-09-13,2021,2021-09-13 01:07:00-04:00,14.269224716952522,TR
2021-09-13,2021,2021-09-13 10:01:00-04:00,0.0,BE
2021-09-20,2021,2021-09-19 22:16:00-04:00,-45.0,SL
2021-09-23,2021,2021-09-23 05:08:00-04:00,29.68587709714484,TR
2021-09-23,2021,2021-09-23 05:08:00-04:00,32.698695048975424,TR
2021-09-23,2021,2021-09-23 10:03:00-04:00,-8.556144648473492,cutoff
2021-09-27,2021,2021-09-26 21:31:00-04:00,90.81906424535737,TR
2021-09-28,2021,2021-09-28 03:19:00-04:00,-190.875,SL
2021-10-01,2021,2021-09-30 21:08:00-04:00,83.30292210894186,TR
2021-10-01,2021,2021-09-30 21:11:00-04:00,0.0,BE
2021-10-07,2021,2021-10-06 20:36:00-04:00,-0.0,BE
2021-10-07,2021,2021-10-07 09:59:00-04:00,37.22875863234367,cutoff
2021-10-07,2021,2021-10-07 10:00:00-04:00,39.21895576548923,cutoff
2021-10-11,2021,2021-10-10 19:39:00-04:00,0.0,BE
2021-10-14,2021,2021-10-14 08:30:00-04:00,-0.0,BE
2021-10-14,2021,2021-10-14 09:52:00-04:00,-61.875,SL
2021-10-15,2021,2021-10-15 01:58:00-04:00,35.62000177921982,TR
2021-10-19,2021,2021-10-19 10:58:00-04:00,-0.0,BE
2021-10-26,2021,2021-10-25 20:09:00-04:00,-27.0,SL
2021-11-05,2021,2021-11-05 09:33:00-04:00,106.73888140183226,TR
2021-11-09,2021,2021-11-09 09:58:00-05:00,0.0,BE
2021-11-10,2021,2021-11-10 09:32:00-05:00,116.04506862531889,TR
2021-11-15,2021,2021-11-15 08:20:00-05:00,22.5660891636453,TR
2021-11-18,2021,2021-11-18 09:47:00-05:00,34.67825043740777,TR
2021-11-19,2021,2021-11-18 20:47:00-05:00,-17.625,SL
2021-11-22,2021,2021-11-22 10:04:00-05:00,159.39274563292565,TR
2021-11-23,2021,2021-11-22 21:23:00-05:00,-63.75,SL
2021-11-26,2021,2021-11-26 02:06:00-05:00,-106.5,SL
2021-11-30,2021,2021-11-30 10:10:00-05:00,170.67109981393514,TR
2021-12-07,2021,2021-12-07 03:25:00-05:00,-61.125,SL
2021-12-08,2021,2021-12-08 06:46:00-05:00,47.47536662909988,TR
2021-12-14,2021,2021-12-14 04:40:00-05:00,-40.125,SL
2021-12-16,2021,2021-12-16 06:28:00-05:00,54.825565267597995,TR
2021-12-17,2021,2021-12-17 09:42:00-05:00,98.52328393825155,TR
2021-12-17,2021,2021-12-17 10:22:00-05:00,194.64624160835228,TR
2021-12-20,2021,2021-12-20 04:06:00-05:00,123.74735991576745,TR
2021-12-21,2021,2021-12-21 01:50:00-05:00,35.688074885565584,TR
2021-12-22,2021,2021-12-22 09:45:00-05:00,-0.0,BE
2021-12-22,2021,2021-12-22 09:47:00-05:00,72.5052718226616,TR
2021-12-23,2021,2021-12-23 05:52:00-05:00,-0.0,BE
2021-12-27,2021,2021-12-27 09:32:00-05:00,-36.375,SL
2021-12-28,2021,2021-12-28 03:28:00-05:00,-33.0,SL
2021-12-31,2021,2021-12-30 19:28:00-05:00,29.141829631673318,TR
2022-01-04,2022,2022-01-04 10:44:00-05:00,-125.25,SL
2022-01-05,2022,2022-01-05 09:32:00-05:00,78.61188160003076,TR
2022-01-05,2022,2022-01-05 09:34:00-05:00,79.3942440667106,TR
2022-01-10,2022,2022-01-10 07:31:00-05:00,-81.0,SL
2022-01-11,2022,2022-01-11 04:16:00-05:00,90.63829596399773,TR
2022-01-18,2022,2022-01-18 03:10:00-05:00,-52.125,SL
2022-01-19,2022,2022-01-18 21:47:00-05:00,102.34452993703599,TR
2022-01-19,2022,2022-01-18 21:53:00-05:00,0.0,BE
2022-01-24,2022,2022-01-24 05:26:00-05:00,0.0,BE
2022-01-31,2022,2022-01-31 10:02:00-05:00,-159.74834344240662,cutoff
2022-02-01,2022,2022-02-01 02:12:00-05:00,48.75731843884569,TR
2022-02-02,2022,2022-02-02 04:44:00-05:00,-0.0,BE
2022-02-04,2022,2022-02-04 08:54:00-05:00,160.69322945119347,TR
2022-02-09,2022,2022-02-09 05:14:00-05:00,-0.0,BE
2022-02-14,2022,2022-02-14 03:29:00-05:00,111.36981843884496,TR
2022-02-15,2022,2022-02-15 04:19:00-05:00,-0.0,BE
2022-02-21,2022,2022-02-20 19:04:00-05:00,172.83568327208195,TR
2022-02-22,2022,2022-02-22 09:53:00-05:00,95.41606503177718,TR
2022-03-01,2022,2022-03-01 02:07:00-05:00,-0.0,BE
2022-03-01,2022,2022-03-01 02:08:00-05:00,103.12197449896485,TR
2022-03-03,2022,2022-03-03 09:02:00-05:00,200.81800279353774,TR
2022-03-04,2022,2022-03-03 19:23:00-05:00,-54.0,SL
2022-03-11,2022,2022-03-11 06:26:00-05:00,69.41593062630454,TR
2022-03-15,2022,2022-03-15 03:13:00-04:00,61.60386469968762,TR
2022-03-16,2022,2022-03-16 01:47:00-04:00,-0.0,BE
2022-03-18,2022,2022-03-18 10:04:00-04:00,-0.0,BE
2022-03-18,2022,2022-03-18 10:04:00-04:00,-0.0,BE
2022-03-18,2022,2022-03-18 10:11:00-04:00,-0.0,BE
2022-03-21,2022,2022-03-21 09:41:00-04:00,79.81895511313814,TR
2022-03-29,2022,2022-03-29 05:07:00-04:00,37.180654262683674,TR
2022-03-31,2022,2022-03-31 10:02:00-04:00,0.0,BE
2022-04-01,2022,2022-04-01 09:50:00-04:00,0.0,BE
2022-04-01,2022,2022-04-01 09:52:00-04:00,0.0,BE
2022-04-06,2022,2022-04-06 06:40:00-04:00,-99.0,SL
2022-04-11,2022,2022-04-10 20:00:00-04:00,0.0,BE
2022-04-11,2022,2022-04-10 20:00:00-04:00,-83.25,SL
2022-04-14,2022,2022-04-14 00:30:00-04:00,-0.0,BE
2022-04-18,2022,2022-04-17 19:46:00-04:00,162.4238459515782,TR
2022-04-20,2022,2022-04-20 07:55:00-04:00,62.721349288540296,TR
2022-04-22,2022,2022-04-22 10:20:00-04:00,-200.0,SL
2022-05-06,2022,2022-05-06 09:35:00-04:00,0.0,BE
2022-05-09,2022,2022-05-09 04:31:00-04:00,0.0,BE
2022-05-09,2022,2022-05-09 10:39:00-04:00,-4.665710997567658,cutoff
2022-05-10,2022,2022-05-09 20:16:00-04:00,49.9135446288019,TR
2022-05-11,2022,2022-05-11 08:55:00-04:00,89.67452725277144,TR
2022-05-12,2022,2022-05-12 03:22:00-04:00,108.20920391719301,TR
2022-05-13,2022,2022-05-13 09:54:00-04:00,-51.375,SL
2022-05-19,2022,2022-05-19 03:33:00-04:00,0.0,BE
2022-05-24,2022,2022-05-24 10:15:00-04:00,202.9177515635747,TR
2022-05-26,2022,2022-05-26 09:43:00-04:00,-93.0,SL
2022-05-27,2022,2022-05-27 05:51:00-04:00,-0.0,BE
2022-05-27,2022,2022-05-27 10:37:00-04:00,-0.0,BE
2022-05-30,2022,2022-05-29 19:14:00-04:00,-72.375,SL
2022-05-31,2022,2022-05-31 09:34:00-04:00,128.29809273929095,TR
2022-06-07,2022,2022-06-06 21:26:00-04:00,0.0,BE
2022-06-07,2022,2022-06-07 08:31:00-04:00,0.0,BE
2022-06-08,2022,2022-06-08 09:49:00-04:00,-0.0,BE
2022-06-10,2022,2022-06-10 08:30:00-04:00,-69.0,SL
2022-06-13,2022,2022-06-12 21:23:00-04:00,0.0,BE
2022-06-13,2022,2022-06-13 04:18:00-04:00,107.64814956006194,TR
2022-06-13,2022,2022-06-13 10:27:00-04:00,-16.081747610300226,cutoff
2022-06-16,2022,2022-06-16 09:54:00-04:00,-161.25,SL
2022-06-21,2022,2022-06-21 03:31:00-04:00,-75.75,SL
2022-06-24,2022,2022-06-23 22:40:00-04:00,-95.625,SL
2022-06-27,2022,2022-06-27 03:34:00-04:00,50.972660825214916,TR
2022-06-29,2022,2022-06-29 09:45:00-04:00,132.36016082521382,TR
2022-06-30,2022,2022-06-30 10:02:00-04:00,198.77730250798413,TR
2022-06-30,2022,2022-06-30 10:02:00-04:00,196.625130442535,TR
2022-07-05,2022,2022-07-04 19:06:00-04:00,156.12838095357802,TR
2022-07-07,2022,2022-07-07 10:52:00-04:00,-0.0,BE
2022-07-12,2022,2022-07-12 02:01:00-04:00,34.53228728623799,TR
2022-07-13,2022,2022-07-13 08:30:00-04:00,50.731469469656076,TR
2022-07-13,2022,2022-07-13 08:30:00-04:00,-49.5,SL
2022-07-15,2022,2022-07-15 08:48:00-04:00,-57.375,SL
2022-07-18,2022,2022-07-18 03:37:00-04:00,-0.0,BE
2022-07-20,2022,2022-07-19 22:36:00-04:00,-0.0,BE
2022-07-20,2022,2022-07-20 10:47:00-04:00,-11.31053572478777,cutoff
2022-07-21,2022,2022-07-21 08:43:00-04:00,35.8809720056106,TR
2022-07-26,2022,2022-07-26 09:45:00-04:00,-75.375,SL
2022-08-01,2022,2022-08-01 10:51:00-04:00,-0.0,BE
2022-08-03,2022,2022-08-03 09:56:00-04:00,-0.0,BE
2022-08-04,2022,2022-08-04 06:04:00-04:00,73.28084027897421,TR
2022-08-09,2022,2022-08-09 09:31:00-04:00,-59.625,SL
2022-08-10,2022,2022-08-10 08:30:00-04:00,-54.0,SL
2022-08-11,2022,2022-08-10 20:27:00-04:00,-40.875,SL
2022-08-15,2022,2022-08-15 09:54:00-04:00,-0.0,BE
2022-08-19,2022,2022-08-19 06:43:00-04:00,0.0,BE
2022-08-19,2022,2022-08-19 09:50:00-04:00,-51.0,SL
2022-08-22,2022,2022-08-22 03:26:00-04:00,-57.375,SL
2022-08-23,2022,2022-08-23 02:21:00-04:00,61.18213585394551,TR
2022-08-23,2022,2022-08-23 02:36:00-04:00,65.14487215528061,TR
2022-08-25,2022,2022-08-25 10:25:00-04:00,33.76777317073356,cutoff
2022-08-26,2022,2022-08-26 09:03:00-04:00,162.13138329963112,TR
2022-08-30,2022,2022-08-30 10:46:00-04:00,0.0,BE
2022-09-02,2022,2022-09-02 08:38:00-04:00,64.19147950359547,TR
2022-09-06,2022,2022-09-06 10:12:00-04:00,180.00736728286392,TR
2022-09-06,2022,2022-09-06 10:13:00-04:00,188.1414795035962,TR
2022-09-09,2022,2022-09-09 00:48:00-04:00,28.25460174183354,TR
2022-09-09,2022,2022-09-09 03:27:00-04:00,-0.0,BE
2022-09-12,2022,2022-09-11 20:00:00-04:00,26.700563434018477,TR
2022-09-12,2022,2022-09-12 04:42:00-04:00,-73.875,SL
2022-09-13,2022,2022-09-13 08:30:00-04:00,427.3575131528705,TR
2022-09-13,2022,2022-09-13 08:38:00-04:00,-37.5,SL
2022-09-16,2022,2022-09-16 08:57:00-04:00,-55.875,SL
2022-09-20,2022,2022-09-19 19:51:00-04:00,34.5398401735838,TR
2022-09-23,2022,2022-09-23 06:46:00-04:00,-88.5,SL
2022-09-28,2022,2022-09-27 22:12:00-04:00,0.0,BE
2022-09-28,2022,2022-09-27 22:19:00-04:00,0.0,BE
2022-10-03,2022,2022-10-02 19:52:00-04:00,98.49911953504125,TR
2022-10-04,2022,2022-10-03 20:17:00-04:00,-0.0,BE
2022-10-04,2022,2022-10-04 02:46:00-04:00,-43.875,SL
2022-10-07,2022,2022-10-07 08:51:00-04:00,36.74664243290863,TR
2022-10-07,2022,2022-10-07 09:44:00-04:00,-200.0,SL
2022-10-11,2022,2022-10-11 09:56:00-04:00,93.20311439567013,TR
2022-10-11,2022,2022-10-11 09:58:00-04:00,90.85058107102304,TR
2022-10-13,2022,2022-10-13 08:30:00-04:00,-119.25,SL
2022-10-14,2022,2022-10-13 22:31:00-04:00,-0.0,BE
2022-10-18,2022,2022-10-17 23:42:00-04:00,-22.875,SL
2022-10-25,2022,2022-10-25 09:31:00-04:00,-51.0,SL
2022-10-27,2022,2022-10-27 09:51:00-04:00,142.1409640541533,TR
2022-11-03,2022,2022-11-03 06:18:00-04:00,-64.125,SL
2022-11-08,2022,2022-11-08 10:48:00-05:00,136.99312868064044,TR
2022-11-10,2022,2022-11-10 08:30:00-05:00,37.31553155760594,TR
2022-11-10,2022,2022-11-10 08:45:00-05:00,-40.875,SL
2022-11-11,2022,2022-11-11 00:48:00-05:00,-45.75,SL
2022-11-15,2022,2022-11-15 07:27:00-05:00,-38.625,SL
2022-11-17,2022,2022-11-17 08:08:00-05:00,93.11396557715125,TR
2022-11-17,2022,2022-11-17 09:00:00-05:00,127.98582537976654,TR
2022-11-18,2022,2022-11-18 05:40:00-05:00,89.83574883581241,TR
2022-11-22,2022,2022-11-22 03:32:00-05:00,52.063495039483314,TR
2022-11-23,2022,2022-11-23 07:40:00-05:00,47.37950567492226,TR
2022-11-23,2022,2022-11-23 09:54:00-05:00,76.24436562853043,TR
2022-11-25,2022,2022-11-25 09:31:00-05:00,0.0,BE
2022-11-28,2022,2022-11-28 05:02:00-05:00,95.75151356468814,TR
2022-11-29,2022,2022-11-29 09:45:00-05:00,0.0,BE
2022-12-02,2022,2022-12-02 08:31:00-05:00,59.6180509116748,TR
2022-12-06,2022,2022-12-06 09:44:00-05:00,-65.625,SL
2022-12-07,2022,2022-12-07 06:44:00-05:00,-32.25,SL
2022-12-09,2022,2022-12-09 08:30:00-05:00,208.88803776858185,TR
2022-12-13,2022,2022-12-13 03:01:00-05:00,-0.0,BE
2022-12-13,2022,2022-12-13 08:26:00-05:00,73.21167605539267,TR
2022-12-13,2022,2022-12-13 08:29:00-05:00,-73.125,SL
2022-12-15,2022,2022-12-15 10:04:00-05:00,0.0,BE
2022-12-16,2022,2022-12-16 03:14:00-05:00,100.08519203278775,TR
2022-12-16,2022,2022-12-16 04:25:00-05:00,159.0110397009521,TR
2022-12-20,2022,2022-12-19 22:11:00-05:00,-28.875,SL
2022-12-22,2022,2022-12-22 10:12:00-05:00,-56.300929721321154,cutoff
2023-01-06,2023,2023-01-06 04:35:00-05:00,42.936877212407126,TR
2023-01-09,2023,2023-01-09 09:30:00-05:00,-76.125,SL
2023-01-11,2023,2023-01-11 10:30:00-05:00,-0.0,BE
2023-01-12,2023,2023-01-12 08:18:00-05:00,213.30680646574183,TR
2023-01-12,2023,2023-01-12 08:28:00-05:00,231.1210389959524,TR
2023-01-16,2023,2023-01-15 20:58:00-05:00,34.45246521479021,TR
2023-01-17,2023,2023-01-17 10:00:00-05:00,-0.0,BE
2023-01-18,2023,2023-01-18 08:30:00-05:00,75.15466159851167,TR
2023-01-18,2023,2023-01-18 08:30:00-05:00,67.93056342066666,TR
2023-01-19,2023,2023-01-19 05:26:00-05:00,-62.25,SL
2023-01-23,2023,2023-01-23 09:51:00-05:00,-58.125,SL
2023-01-25,2023,2023-01-25 09:30:00-05:00,86.26482511435097,TR
2023-01-26,2023,2023-01-26 09:32:00-05:00,126.0398251143506,TR
2023-01-31,2023,2023-01-31 05:34:00-05:00,36.41548501826219,TR
2023-02-06,2023,2023-02-06 04:53:00-05:00,62.03876482028318,TR
2023-02-10,2023,2023-02-10 04:56:00-05:00,-69.0,SL
2023-02-14,2023,2023-02-14 08:29:00-05:00,150.75349219810596,TR
2023-02-17,2023,2023-02-17 02:02:00-05:00,0.0,BE
2023-02-17,2023,2023-02-17 03:36:00-05:00,57.9094547884506,TR
2023-02-21,2023,2023-02-21 03:46:00-05:00,0.0,BE
2023-02-21,2023,2023-02-21 10:12:00-05:00,-72.5965078018944,cutoff
2023-02-22,2023,2023-02-22 10:16:00-05:00,81.21597050347555,TR
2023-02-24,2023,2023-02-24 08:39:00-05:00,30.568418462942645,TR
2023-02-27,2023,2023-02-27 10:09:00-05:00,73.53131402773579,TR
2023-03-01,2023,2023-03-01 10:11:00-05:00,0.0,BE
2023-03-02,2023,2023-03-01 20:39:00-05:00,0.0,BE
2023-03-02,2023,2023-03-01 20:40:00-05:00,0.0,BE
2023-03-06,2023,2023-03-05 21:37:00-05:00,-50.25,SL
2023-03-07,2023,2023-03-07 10:08:00-05:00,88.58758359895546,TR
2023-03-13,2023,2023-03-13 02:12:00-04:00,-0.0,BE
2023-03-14,2023,2023-03-14 09:16:00-04:00,-26.994444007585116,cutoff
2023-03-15,2023,2023-03-14 22:08:00-04:00,32.84565734723037,TR
2023-03-16,2023,2023-03-15 20:29:00-04:00,-0.0,BE
2023-03-16,2023,2023-03-15 21:08:00-04:00,103.3894059408467,TR
2023-03-16,2023,2023-03-16 10:54:00-04:00,-156.75,SL
2023-03-21,2023,2023-03-21 09:32:00-04:00,60.10744058152159,TR
2023-03-28,2023,2023-03-28 09:33:00-04:00,-58.125,SL
2023-03-30,2023,2023-03-30 05:27:00-04:00,-24.75,SL
2023-04-05,2023,2023-04-05 10:19:00-04:00,-26.946936245123652,cutoff
2023-04-06,2023,2023-04-06 09:34:00-04:00,75.9075098996309,TR
2023-04-11,2023,2023-04-11 05:02:00-04:00,44.35788636598227,TR
2023-04-14,2023,2023-04-14 10:04:00-04:00,87.61397068320002,cutoff
2023-04-20,2023,2023-04-20 04:37:00-04:00,110.51912138577063,TR
2023-04-21,2023,2023-04-21 06:50:00-04:00,0.0,BE
2023-04-25,2023,2023-04-25 10:07:00-04:00,-74.25,SL
2023-04-27,2023,2023-04-27 10:34:00-04:00,-73.5,SL
2023-05-01,2023,2023-04-30 22:55:00-04:00,-0.0,BE
2023-05-01,2023,2023-05-01 02:42:00-04:00,39.41231765213888,TR
2023-05-01,2023,2023-05-01 02:42:00-04:00,35.46711882525415,TR
2023-05-02,2023,2023-05-02 10:36:00-04:00,29.361967523207568,cutoff
2023-05-04,2023,2023-05-04 09:44:00-04:00,58.92741327007752,TR
2023-05-05,2023,2023-05-05 10:09:00-04:00,-121.5,SL
2023-05-10,2023,2023-05-10 09:32:00-04:00,20.06491327007825,cutoff
2023-05-10,2023,2023-05-10 09:32:00-04:00,21.1990020326557,cutoff
2023-05-10,2023,2023-05-10 10:04:00-04:00,139.13327306491374,TR
2023-05-10,2023,2023-05-10 10:08:00-04:00,146.6244675232083,TR
2023-05-11,2023,2023-05-11 03:46:00-04:00,-0.0,BE
2023-05-11,2023,2023-05-11 04:17:00-04:00,-0.0,BE
2023-05-24,2023,2023-05-24 03:03:00-04:00,-31.125,SL
2023-05-25,2023,2023-05-25 09:06:00-04:00,78.07052097448104,TR
2023-05-26,2023,2023-05-26 07:26:00-04:00,-0.0,BE
2023-05-26,2023,2023-05-26 07:42:00-04:00,-0.0,BE
2023-05-26,2023,2023-05-26 10:00:00-04:00,-163.875,SL
2023-05-30,2023,2023-05-30 05:20:00-04:00,-0.0,BE
2023-06-02,2023,2023-06-02 05:14:00-04:00,-0.0,BE
2023-06-12,2023,2023-06-11 20:00:00-04:00,-36.375,SL
2023-06-20,2023,2023-06-20 01:20:00-04:00,0.0,BE
2023-06-20,2023,2023-06-20 10:30:00-04:00,122.63829987437202,cutoff
2023-06-22,2023,2023-06-22 02:13:00-04:00,0.0,BE
2023-06-30,2023,2023-06-30 08:38:00-04:00,-0.0,BE
2023-06-30,2023,2023-06-30 08:39:00-04:00,27.392857455946796,TR
2023-06-30,2023,2023-06-30 08:39:00-04:00,28.560567275395442,TR
2023-06-30,2023,2023-06-30 09:43:00-04:00,-46.578041068776656,cutoff
2023-07-03,2023,2023-07-03 04:11:00-04:00,37.79077798293656,TR
2023-07-06,2023,2023-07-06 08:30:00-04:00,-33.75,SL
2023-07-12,2023,2023-07-12 08:30:00-04:00,-47.25,SL
2023-07-13,2023,2023-07-13 00:13:00-04:00,28.36723568083471,TR
2023-07-27,2023,2023-07-27 03:49:00-04:00,-37.5,SL
2023-08-02,2023,2023-08-02 02:53:00-04:00,0.0,BE
2023-08-02,2023,2023-08-02 04:02:00-04:00,95.64412853456452,TR
2023-08-02,2023,2023-08-02 10:08:00-04:00,-148.5,SL
2023-08-03,2023,2023-08-03 03:31:00-04:00,0.0,BE
2023-08-08,2023,2023-08-08 10:11:00-04:00,73.21937671555497,cutoff
2023-08-08,2023,2023-08-08 10:57:00-04:00,94.09430576496743,cutoff
2023-08-11,2023,2023-08-11 08:31:00-04:00,-42.0,SL
2023-08-17,2023,2023-08-16 20:19:00-04:00,0.0,BE
2023-08-17,2023,2023-08-16 20:39:00-04:00,0.0,BE
2023-08-17,2023,2023-08-17 10:33:00-04:00,0.0,BE
2023-08-21,2023,2023-08-21 04:24:00-04:00,-120.75,SL
2023-08-22,2023,2023-08-22 03:44:00-04:00,-56.25,SL
2023-08-23,2023,2023-08-23 10:51:00-04:00,-27.777243063766946,cutoff
2023-08-29,2023,2023-08-29 10:00:00-04:00,-172.5,SL
2023-08-31,2023,2023-08-31 08:16:00-04:00,-0.0,BE
2023-08-31,2023,2023-08-31 09:45:00-04:00,-9.436731613319353,cutoff
2023-09-01,2023,2023-09-01 08:32:00-04:00,31.564158579476498,TR
2023-09-01,2023,2023-09-01 08:32:00-04:00,31.462440807616076,TR
2023-09-05,2023,2023-09-05 04:12:00-04:00,0.0,BE
2023-09-06,2023,2023-09-06 10:13:00-04:00,-19.53189027665576,cutoff
2023-09-07,2023,2023-09-07 08:14:00-04:00,-56.625,SL
2023-09-08,2023,2023-09-08 09:50:00-04:00,-0.0,BE
2023-09-11,2023,2023-09-10 20:00:00-04:00,-22.875,SL
2023-09-13,2023,2023-09-13 08:30:00-04:00,75.25918467023439,TR
2023-09-13,2023,2023-09-13 08:30:00-04:00,70.8425331253784,TR
2023-09-15,2023,2023-09-15 10:59:00-04:00,0.0,BE
2023-09-19,2023,2023-09-19 09:50:00-04:00,-68.625,SL
2023-09-21,2023,2023-09-20 20:07:00-04:00,-33.75,SL
2023-09-25,2023,2023-09-25 04:44:00-04:00,46.808847648666415,TR
2023-09-26,2023,2023-09-26 10:13:00-04:00,0.0,BE
2023-09-29,2023,2023-09-29 08:30:00-04:00,-0.0,BE
2023-09-29,2023,2023-09-29 09:48:00-04:00,128.16352905053645,TR
2023-10-04,2023,2023-10-04 02:18:00-04:00,68.01736365617398,TR
2023-10-12,2023,2023-10-11 20:06:00-04:00,-0.0,BE
2023-10-19,2023,2023-10-19 03:46:00-04:00,42.628746345195395,TR
2023-10-19,2023,2023-10-19 03:49:00-04:00,43.14451065193862,TR
2023-10-20,2023,2023-10-20 02:21:00-04:00,0.0,BE
2023-10-23,2023,2023-10-23 03:43:00-04:00,28.391085542576548,TR
2023-10-23,2023,2023-10-23 05:05:00-04:00,-63.0,SL
2023-10-24,2023,2023-10-24 10:38:00-04:00,114.4620964663045,TR
2023-10-25,2023,2023-10-25 10:27:00-04:00,0.0,BE
2023-10-26,2023,2023-10-25 19:21:00-04:00,0.0,BE
2023-11-01,2023,2023-11-01 10:22:00-04:00,-80.21493881644528,cutoff
2023-11-02,2023,2023-11-02 08:30:00-04:00,-0.0,BE
2023-11-03,2023,2023-11-03 09:31:00-04:00,-141.85742291466522,cutoff
2023-11-07,2023,2023-11-07 09:17:00-05:00,-50.625,SL
2023-11-14,2023,2023-11-14 08:30:00-05:00,-29.625,SL
2023-11-15,2023,2023-11-15 08:25:00-05:00,-36.0,SL
2023-11-20,2023,2023-11-20 09:58:00-05:00,51.604960445984034,TR
2023-11-22,2023,2023-11-22 09:36:00-05:00,51.047074404028535,TR
2023-11-27,2023,2023-11-26 21:04:00-05:00,26.598867656794027,TR
2023-11-29,2023,2023-11-29 04:23:00-05:00,-66.0,SL
2023-11-30,2023,2023-11-30 09:42:00-05:00,-74.25,SL
2023-12-04,2023,2023-12-04 09:24:00-05:00,-97.5,SL
2023-12-06,2023,2023-12-06 09:00:00-05:00,131.3983590269654,TR
2023-12-06,2023,2023-12-06 09:23:00-05:00,142.285855606553,TR
2023-12-08,2023,2023-12-08 10:11:00-05:00,-21.736666097920534,cutoff
2023-12-11,2023,2023-12-10 19:00:00-05:00,-0.0,BE
2023-12-11,2023,2023-12-10 19:00:00-05:00,-48.375,SL
2023-12-12,2023,2023-12-11 19:21:00-05:00,-0.0,BE
2023-12-19,2023,2023-12-19 07:17:00-05:00,-0.0,BE
2023-12-19,2023,2023-12-19 10:31:00-05:00,-2.6423468635839527,cutoff
2023-12-28,2023,2023-12-27 20:09:00-05:00,23.157745703781984,TR
2023-12-28,2023,2023-12-27 20:43:00-05:00,-0.0,BE
2023-12-28,2023,2023-12-28 07:34:00-05:00,-0.0,BE
2023-12-29,2023,2023-12-29 10:48:00-05:00,-50.625,SL
2024-01-02,2024,2024-01-02 06:27:00-05:00,-43.875,SL
2024-01-03,2024,2024-01-03 07:35:00-05:00,0.0,BE
2024-01-04,2024,2024-01-04 08:21:00-05:00,44.26310289857065,TR
2024-01-05,2024,2024-01-05 00:20:00-05:00,-23.625,SL
2024-01-08,2024,2024-01-08 10:04:00-05:00,-137.01899051486544,cutoff
2024-01-11,2024,2024-01-10 20:07:00-05:00,-0.0,BE
2024-01-11,2024,2024-01-11 03:26:00-05:00,27.29678395530209,TR
2024-01-16,2024,2024-01-16 03:03:00-05:00,0.0,BE
2024-01-16,2024,2024-01-16 03:04:00-05:00,37.906334959981905,TR
2024-01-17,2024,2024-01-17 09:48:00-05:00,109.2887283195887,cutoff
2024-01-17,2024,2024-01-17 10:00:00-05:00,135.2285934380925,cutoff
2024-01-17,2024,2024-01-17 10:00:00-05:00,126.00450674287276,cutoff
2024-01-18,2024,2024-01-18 07:37:00-05:00,-87.0,SL
2024-01-19,2024,2024-01-18 21:48:00-05:00,-0.0,BE
2024-01-19,2024,2024-01-18 22:00:00-05:00,-0.0,BE
2024-01-19,2024,2024-01-19 03:59:00-05:00,-0.0,BE
2024-01-19,2024,2024-01-19 04:13:00-05:00,-64.125,SL
2024-01-24,2024,2024-01-24 01:52:00-05:00,-28.5,SL
2024-01-26,2024,2024-01-25 20:00:00-05:00,-31.875,SL
2024-01-31,2024,2024-01-31 04:15:00-05:00,-41.25,SL
2024-02-07,2024,2024-02-07 10:14:00-05:00,-41.70084903369934,cutoff
2024-02-09,2024,2024-02-09 03:02:00-05:00,-38.25,SL
2024-02-13,2024,2024-02-13 03:46:00-05:00,-28.5,SL
2024-02-16,2024,2024-02-16 03:18:00-05:00,56.78887076161482,TR
2024-02-20,2024,2024-02-19 21:00:00-05:00,0.0,BE
2024-02-20,2024,2024-02-20 03:21:00-05:00,41.23427738792452,TR
2024-02-20,2024,2024-02-20 09:40:00-05:00,-64.5,SL
2024-02-22,2024,2024-02-22 09:45:00-05:00,-54.375,SL
2024-02-23,2024,2024-02-23 09:20:00-05:00,78.69940195432719,TR
2024-02-28,2024,2024-02-28 04:41:00-05:00,0.0,BE
2024-02-29,2024,2024-02-29 03:10:00-05:00,47.00717531144619,TR
2024-03-01,2024,2024-03-01 02:03:00-05:00,24.210202593294525,TR
2024-03-01,2024,2024-03-01 10:00:00-05:00,-94.875,SL
2024-03-05,2024,2024-03-05 01:31:00-05:00,0.0,BE
2024-03-05,2024,2024-03-05 10:32:00-05:00,0.0,BE
2024-03-08,2024,2024-03-08 10:00:00-05:00,-0.0,BE
2024-03-12,2024,2024-03-12 10:41:00-04:00,-28.383758253479755,cutoff
2024-03-15,2024,2024-03-15 09:45:00-04:00,86.29623122576595,TR
2024-03-18,2024,2024-03-18 09:46:00-04:00,40.24084997891987,TR
2024-03-19,2024,2024-03-19 07:37:00-04:00,-50.625,SL
2024-03-20,2024,2024-03-20 07:29:00-04:00,-0.0,BE
2024-03-21,2024,2024-03-20 19:07:00-04:00,-54.375,SL
2024-03-22,2024,2024-03-22 08:17:00-04:00,0.0,BE
2024-03-27,2024,2024-03-27 10:02:00-04:00,0.0,BE
2024-04-02,2024,2024-04-02 08:40:00-04:00,-66.0,SL
2024-04-04,2024,2024-04-04 09:00:00-04:00,-0.0,BE
2024-04-10,2024,2024-04-10 08:36:00-04:00,-25.5,SL
2024-04-19,2024,2024-04-18 21:04:00-04:00,-114.375,SL
2024-04-23,2024,2024-04-23 09:56:00-04:00,-101.625,SL
2024-04-24,2024,2024-04-23 21:19:00-04:00,48.54274773207726,TR
2024-04-24,2024,2024-04-23 21:48:00-04:00,55.2440063923641,TR
2024-04-29,2024,2024-04-29 08:54:00-04:00,64.37655453102343,TR
2024-05-03,2024,2024-05-03 08:30:00-04:00,-47.625,SL
2024-05-06,2024,2024-05-06 09:38:00-04:00,-0.0,BE
2024-05-06,2024,2024-05-06 10:06:00-04:00,-0.0,BE
2024-05-07,2024,2024-05-07 10:56:00-04:00,67.11956410563653,TR
2024-05-10,2024,2024-05-10 09:35:00-04:00,74.31010532045184,TR
2024-05-10,2024,2024-05-10 09:49:00-04:00,75.45653867833607,TR
2024-05-14,2024,2024-05-14 10:26:00-04:00,-0.0,BE
2024-05-15,2024,2024-05-15 08:30:00-04:00,-21.375,SL
2024-05-22,2024,2024-05-22 10:00:00-04:00,-0.0,BE
2024-05-23,2024,2024-05-22 22:59:00-04:00,-70.875,SL
2024-05-28,2024,2024-05-28 04:14:00-04:00,43.814051933914016,TR
2024-05-29,2024,2024-05-29 09:27:00-04:00,99.02433171774464,TR
2024-05-31,2024,2024-05-30 20:35:00-04:00,38.71357522603648,TR
2024-05-31,2024,2024-05-31 10:15:00-04:00,-191.25,SL
2024-06-05,2024,2024-06-05 07:40:00-04:00,-0.0,BE
2024-06-05,2024,2024-06-05 09:29:00-04:00,-0.0,BE
2024-06-05,2024,2024-06-05 10:30:00-04:00,-68.625,SL
2024-06-12,2024,2024-06-11 19:00:00-04:00,-39.0,SL
2024-06-13,2024,2024-06-13 03:14:00-04:00,45.736569979380874,TR
2024-06-17,2024,2024-06-16 20:00:00-04:00,-28.875,SL
2024-06-20,2024,2024-06-20 03:30:00-04:00,35.64436461107107,TR
2024-06-26,2024,2024-06-26 03:24:00-04:00,-27.0,SL
2024-06-28,2024,2024-06-28 08:16:00-04:00,-16.125,SL
2024-07-01,2024,2024-07-01 10:14:00-04:00,181.59885797994139,TR
2024-07-01,2024,2024-07-01 10:15:00-04:00,193.98857308531296,TR
2024-07-05,2024,2024-07-05 02:19:00-04:00,-21.75,SL
2024-07-10,2024,2024-07-10 10:10:00-04:00,77.33373034023316,TR
2024-07-11,2024,2024-07-11 08:30:00-04:00,-11.625,SL
2024-07-17,2024,2024-07-17 03:06:00-04:00,-146.625,SL
2024-07-18,2024,2024-07-18 10:35:00-04:00,-93.37531162462983,cutoff
2024-07-19,2024,2024-07-19 03:44:00-04:00,132.89746381040095,TR
2024-07-24,2024,2024-07-24 00:20:00-04:00,-44.25,SL
2024-07-31,2024,2024-07-31 10:01:00-04:00,-140.97174605943292,cutoff
2024-08-01,2024,2024-07-31 19:16:00-04:00,103.78822149362168,TR
2024-08-02,2024,2024-08-01 22:22:00-04:00,76.3965542785918,TR
2024-08-05,2024,2024-08-04 20:52:00-04:00,-200.0,SL
2024-08-06,2024,2024-08-05 20:48:00-04:00,161.85744601252009,TR
2024-08-07,2024,2024-08-07 09:32:00-04:00,103.80076537014975,TR
2024-08-13,2024,2024-08-13 03:06:00-04:00,82.5795236652848,TR
2024-08-13,2024,2024-08-13 03:08:00-04:00,85.20880660284456,TR
2024-08-15,2024,2024-08-15 09:52:00-04:00,-145.87057513579202,cutoff
2024-08-16,2024,2024-08-15 22:19:00-04:00,-0.0,BE
2024-08-27,2024,2024-08-27 09:38:00-04:00,149.71942443069565,TR
2024-09-03,2024,2024-09-03 09:31:00-04:00,-68.25,SL
2024-09-06,2024,2024-09-06 03:14:00-04:00,123.6419248642087,TR
2024-09-06,2024,2024-09-06 10:35:00-04:00,-117.03967459616979,cutoff
2024-09-11,2024,2024-09-11 09:21:00-04:00,238.17852213518927,TR
2024-09-12,2024,2024-09-12 00:34:00-04:00,59.76032824772483,TR
2024-09-16,2024,2024-09-15 20:00:00-04:00,-72.0,SL
2024-09-17,2024,2024-09-17 07:52:00-04:00,52.843540363483044,TR
2024-09-17,2024,2024-09-17 07:52:00-04:00,53.11149127850149,TR
2024-09-17,2024,2024-09-17 10:45:00-04:00,184.08865923371923,TR
2024-09-19,2024,2024-09-19 02:25:00-04:00,-73.125,SL
2024-09-25,2024,2024-09-25 10:15:00-04:00,69.23376077762077,cutoff
2024-09-26,2024,2024-09-25 20:01:00-04:00,-63.75,SL
2024-09-30,2024,2024-09-30 07:38:00-04:00,82.32398810590166,TR
2024-10-01,2024,2024-10-01 10:10:00-04:00,107.71643125829723,cutoff
2024-10-01,2024,2024-10-01 10:10:00-04:00,114.14813768689419,cutoff
2024-10-04,2024,2024-10-04 08:52:00-04:00,-0.0,BE
2024-10-14,2024,2024-10-14 06:16:00-04:00,-0.0,BE
2024-10-14,2024,2024-10-14 09:01:00-04:00,-57.75,SL
2024-10-25,2024,2024-10-25 09:43:00-04:00,-76.5,SL
2024-10-31,2024,2024-10-31 02:48:00-04:00,-40.875,SL
2024-11-06,2024,2024-11-05 21:09:00-05:00,-69.375,SL
2024-11-07,2024,2024-11-07 08:10:00-05:00,-0.0,BE
2024-11-15,2024,2024-11-14 20:07:00-05:00,-64.5,SL
2024-11-20,2024,2024-11-20 03:22:00-05:00,54.14525435004907,TR
2024-11-25,2024,2024-11-25 08:45:00-05:00,-43.875,SL
2024-11-27,2024,2024-11-27 10:37:00-05:00,55.009462181053095,cutoff
2024-12-02,2024,2024-12-02 08:11:00-05:00,-0.0,BE
2024-12-02,2024,2024-12-02 09:32:00-05:00,-56.625,SL
2024-12-04,2024,2024-12-03 23:56:00-05:00,-28.875,SL
2024-12-06,2024,2024-12-06 09:49:00-05:00,-32.23119325057269,cutoff
2024-12-09,2024,2024-12-09 02:36:00-05:00,-12.75,SL
2024-12-13,2024,2024-12-13 09:43:00-05:00,46.62861027698091,TR
2024-12-13,2024,2024-12-13 09:43:00-05:00,51.046910442149965,TR
2024-12-20,2024,2024-12-19 19:16:00-05:00,-99.375,SL
2024-12-24,2024,2024-12-24 10:01:00-05:00,-132.58185796129692,cutoff
2024-12-26,2024,2024-12-25 22:23:00-05:00,34.180090185647714,TR
2024-12-27,2024,2024-12-27 09:39:00-05:00,-83.25,SL
2024-12-30,2024,2024-12-30 08:54:00-05:00,181.77648320807566,TR
2024-12-30,2024,2024-12-30 10:00:00-05:00,189.04314203870308,TR
2025-01-06,2025,2025-01-06 03:47:00-05:00,-55.125,SL
2025-01-07,2025,2025-01-07 10:32:00-05:00,0.0,BE
2025-01-10,2025,2025-01-10 08:35:00-05:00,100.82358749412379,TR
2025-01-10,2025,2025-01-10 09:48:00-05:00,0.0,BE
2025-01-10,2025,2025-01-10 10:01:00-05:00,0.0,BE
2025-01-13,2025,2025-01-13 03:42:00-05:00,-73.5,SL
2025-01-15,2025,2025-01-15 10:00:00-05:00,-76.76951782141259,cutoff
2025-01-16,2025,2025-01-16 02:30:00-05:00,-0.0,BE
2025-01-17,2025,2025-01-17 09:12:00-05:00,-0.0,BE
2025-01-17,2025,2025-01-17 09:26:00-05:00,-0.0,BE
2025-01-20,2025,2025-01-20 09:26:00-05:00,-0.0,BE
2025-01-21,2025,2025-01-20 19:53:00-05:00,-100.5,SL
2025-01-22,2025,2025-01-22 03:47:00-05:00,-39.75,SL
2025-01-24,2025,2025-01-24 09:53:00-05:00,53.207099461520556,TR
2025-01-27,2025,2025-01-27 01:37:00-05:00,-143.625,SL
2025-01-30,2025,2025-01-30 09:49:00-05:00,136.34673705511523,TR
2025-01-31,2025,2025-01-31 09:31:00-05:00,-79.5,SL
2025-02-06,2025,2025-02-06 10:12:00-05:00,-0.0,BE
2025-02-12,2025,2025-02-12 08:36:00-05:00,0.0,BE
2025-02-13,2025,2025-02-13 10:20:00-05:00,-78.15793912611844,cutoff
2025-02-14,2025,2025-02-14 02:16:00-05:00,28.967808485860587,TR
2025-02-17,2025,2025-02-16 20:36:00-05:00,43.25949113430033,TR
2025-02-18,2025,2025-02-18 02:07:00-05:00,-0.0,BE
2025-02-20,2025,2025-02-20 09:53:00-05:00,-39.375,SL
2025-02-24,2025,2025-02-24 09:53:00-05:00,-69.0,SL
2025-02-25,2025,2025-02-25 02:53:00-05:00,61.715227208595024,TR
2025-02-25,2025,2025-02-25 05:51:00-05:00,127.71174029691247,TR
2025-02-25,2025,2025-02-25 09:52:00-05:00,-88.5,SL
2025-02-27,2025,2025-02-27 10:00:00-05:00,192.17113686565426,TR
2025-03-04,2025,2025-03-04 10:00:00-05:00,0.0,BE
2025-03-07,2025,2025-03-07 10:32:00-05:00,191.49766743796135,TR
2025-03-10,2025,2025-03-10 10:02:00-04:00,-200.0,SL
2025-03-13,2025,2025-03-13 10:00:00-04:00,183.9368463990977,TR
2025-03-17,2025,2025-03-17 09:40:00-04:00,184.00023287708245,TR
2025-03-24,2025,2025-03-24 04:09:00-04:00,-48.75,SL
2025-03-25,2025,2025-03-25 08:31:00-04:00,-0.0,BE
2025-03-28,2025,2025-03-28 10:12:00-04:00,-189.0,SL
2025-03-31,2025,2025-03-30 20:20:00-04:00,0.0,BE
2025-03-31,2025,2025-03-31 07:32:00-04:00,68.16435001209538,TR
2025-03-31,2025,2025-03-31 09:44:00-04:00,103.83861673597494,TR
2025-04-03,2025,2025-04-03 10:49:00-04:00,0.0,BE
2025-04-04,2025,2025-04-04 10:50:00-04:00,227.62904124763372,TR
2025-04-16,2025,2025-04-15 20:13:00-04:00,-103.5,SL
2025-04-21,2025,2025-04-21 09:56:00-04:00,-85.5,SL
2025-04-23,2025,2025-04-23 04:40:00-04:00,-0.0,BE
2025-04-23,2025,2025-04-23 07:05:00-04:00,-0.0,BE
2025-04-30,2025,2025-04-30 09:39:00-04:00,186.72187473989834,TR
2025-04-30,2025,2025-04-30 09:58:00-04:00,190.04002017429593,TR
2025-05-06,2025,2025-05-06 09:51:00-04:00,90.14283365356096,TR
2025-05-06,2025,2025-05-06 09:55:00-04:00,77.07103735810597,TR
2025-05-08,2025,2025-05-08 00:41:00-04:00,-0.0,BE
2025-05-12,2025,2025-05-11 21:07:00-04:00,-0.0,BE
2025-05-13,2025,2025-05-13 10:17:00-04:00,-91.35490658599883,cutoff
2025-05-19,2025,2025-05-18 23:41:00-04:00,54.05251190325362,TR
2025-05-20,2025,2025-05-19 19:32:00-04:00,58.37602820053144,TR
2025-05-22,2025,2025-05-22 08:16:00-04:00,190.3010282005307,TR
2025-05-22,2025,2025-05-22 08:16:00-04:00,184.47140433925233,TR
2025-05-23,2025,2025-05-23 07:43:00-04:00,-69.75,SL
2025-05-28,2025,2025-05-28 06:54:00-04:00,-0.0,BE
2025-05-28,2025,2025-05-28 09:39:00-04:00,61.3790943287313,TR
2025-05-29,2025,2025-05-28 19:00:00-04:00,-162.0,SL
2025-05-30,2025,2025-05-30 08:11:00-04:00,66.18112365008346,TR
2025-06-03,2025,2025-06-03 10:03:00-04:00,-0.0,BE
2025-06-03,2025,2025-06-03 10:51:00-04:00,-72.3330182796999,cutoff
2025-06-05,2025,2025-06-05 03:27:00-04:00,-31.875,SL
2025-06-11,2025,2025-06-11 08:30:00-04:00,-87.375,SL
2025-06-12,2025,2025-06-12 04:02:00-04:00,0.0,BE
2025-06-13,2025,2025-06-12 20:05:00-04:00,-159.375,SL
2025-06-16,2025,2025-06-16 03:07:00-04:00,-78.375,SL
2025-06-19,2025,2025-06-18 21:04:00-04:00,0.0,BE
2025-06-19,2025,2025-06-19 09:05:00-04:00,-38.51368658431966,cutoff
2025-06-20,2025,2025-06-20 08:51:00-04:00,169.4787476387064,TR
2025-06-24,2025,2025-06-23 19:18:00-04:00,-0.0,BE
2025-06-24,2025,2025-06-23 19:22:00-04:00,-0.0,BE
2025-06-24,2025,2025-06-24 01:45:00-04:00,-43.5,SL
2025-06-25,2025,2025-06-25 09:30:00-04:00,45.853264443598164,TR
2025-06-27,2025,2025-06-27 02:11:00-04:00,-45.375,SL
2025-07-03,2025,2025-07-03 09:30:00-04:00,-127.5,SL
2025-07-15,2025,2025-07-14 21:50:00-04:00,-33.375,SL
2025-07-16,2025,2025-07-16 03:07:00-04:00,64.05027068902564,TR
2025-07-18,2025,2025-07-18 09:28:00-04:00,44.59313403935448,TR
2025-07-21,2025,2025-07-21 09:39:00-04:00,-71.625,SL
2025-07-25,2025,2025-07-24 21:43:00-04:00,31.637770689027093,TR
2025-07-28,2025,2025-07-28 01:53:00-04:00,27.36102130270592,TR
2025-07-28,2025,2025-07-28 01:54:00-04:00,30.810734920101822,TR
2025-07-29,2025,2025-07-29 03:46:00-04:00,-0.0,BE
2025-07-29,2025,2025-07-29 09:31:00-04:00,63.075267793567036,TR
2025-07-31,2025,2025-07-31 03:41:00-04:00,39.796598859476944,TR
2025-08-01,2025,2025-08-01 03:36:00-04:00,-61.5,SL
2025-08-05,2025,2025-08-05 08:14:00-04:00,50.41028671258755,TR
2025-08-07,2025,2025-08-07 05:56:00-04:00,95.02637841004253,TR
2025-08-13,2025,2025-08-12 19:49:00-04:00,26.51008415141041,TR
2025-08-13,2025,2025-08-13 08:36:00-04:00,-29.25,SL
2025-08-15,2025,2025-08-15 09:49:00-04:00,62.230585223860544,TR
2025-08-19,2025,2025-08-19 09:47:00-04:00,70.42166162341528,TR
2025-08-19,2025,2025-08-19 10:28:00-04:00,-176.84442981908796,cutoff
2025-08-20,2025,2025-08-20 09:45:00-04:00,-59.625,SL
2025-08-22,2025,2025-08-22 10:08:00-04:00,-21.840778657686315,cutoff
2025-08-28,2025,2025-08-28 09:31:00-04:00,110.30191720804942,TR
2025-08-28,2025,2025-08-28 09:33:00-04:00,124.65478447243368,TR
2025-09-02,2025,2025-09-02 03:42:00-04:00,-61.125,SL
2025-09-03,2025,2025-09-03 10:34:00-04:00,124.25294373329234,TR
2025-09-05,2025,2025-09-05 00:25:00-04:00,-0.0,BE
2025-09-05,2025,2025-09-05 08:35:00-04:00,-47.625,SL
2025-09-10,2025,2025-09-10 01:30:00-04:00,13.841704595364718,TR
2025-09-10,2025,2025-09-10 02:22:00-04:00,23.31918610804496,TR
2025-09-10,2025,2025-09-10 08:30:00-04:00,53.561988562920305,TR
2025-09-10,2025,2025-09-10 08:30:00-04:00,51.887704685446806,TR
2025-09-10,2025,2025-09-10 08:30:00-04:00,60.17526747663942,TR
2025-09-10,2025,2025-09-10 08:30:00-04:00,62.07775337583371,TR
2025-09-15,2025,2025-09-14 20:00:00-04:00,-42.75,SL
2025-09-18,2025,2025-09-18 03:55:00-04:00,-58.875,SL
2025-09-25,2025,2025-09-25 07:58:00-04:00,-67.875,SL
2025-09-29,2025,2025-09-29 05:28:00-04:00,-0.0,BE
2025-10-02,2025,2025-10-01 20:50:00-04:00,-38.625,SL
2025-10-06,2025,2025-10-06 08:10:00-04:00,-0.0,BE
2025-10-09,2025,2025-10-08 19:17:00-04:00,55.40666616943054,TR
2025-10-14,2025,2025-10-14 09:43:00-04:00,151.3186410469425,TR
2025-10-15,2025,2025-10-15 10:04:00-04:00,190.07358138374184,TR
2025-10-17,2025,2025-10-17 01:43:00-04:00,65.84519171765714,TR
2025-10-20,2025,2025-10-20 09:32:00-04:00,-84.375,SL
2025-10-21,2025,2025-10-20 22:30:00-04:00,43.65933763212888,TR
2025-10-24,2025,2025-10-24 05:37:00-04:00,-0.0,BE
2025-10-24,2025,2025-10-24 08:30:00-04:00,-34.875,SL
2025-10-27,2025,2025-10-26 23:20:00-04:00,-0.0,BE
2025-10-28,2025,2025-10-28 09:31:00-04:00,44.72996771574981,TR
2025-10-29,2025,2025-10-29 04:03:00-04:00,56.56468761072392,TR
2025-10-30,2025,2025-10-30 09:36:00-04:00,0.0,BE
2025-11-04,2025,2025-11-04 00:40:00-05:00,-54.375,SL
2025-11-05,2025,2025-11-04 20:01:00-05:00,132.8701730867724,TR
2025-11-07,2025,2025-11-06 23:02:00-05:00,120.16214786386263,TR
2025-11-07,2025,2025-11-06 23:02:00-05:00,115.54503853188362,TR
2025-11-07,2025,2025-11-06 23:02:00-05:00,114.87539781435044,TR
2025-11-10,2025,2025-11-09 22:02:00-05:00,-60.0,SL
2025-11-13,2025,2025-11-13 09:40:00-05:00,0.0,BE
2025-11-13,2025,2025-11-13 09:44:00-05:00,148.99520751897217,TR
2025-11-13,2025,2025-11-13 10:49:00-05:00,0.0,BE
2025-11-14,2025,2025-11-14 07:39:00-05:00,192.98688032571226,TR
2025-11-14,2025,2025-11-14 09:32:00-05:00,148.46166771965,TR
2025-11-17,2025,2025-11-17 02:23:00-05:00,69.82745881189112,TR
2025-11-18,2025,2025-11-18 09:52:00-05:00,-114.75,SL
2025-11-20,2025,2025-11-20 08:31:00-05:00,-0.0,BE
2025-11-20,2025,2025-11-20 09:56:00-05:00,-0.0,BE
2025-11-24,2025,2025-11-24 09:35:00-05:00,-109.5,SL
2025-11-26,2025,2025-11-26 09:30:00-05:00,99.99392892360993,TR
2025-12-02,2025,2025-12-02 09:39:00-05:00,62.69707932310848,TR
2025-12-02,2025,2025-12-02 09:39:00-05:00,61.73550268881809,TR
2025-12-02,2025,2025-12-02 10:01:00-05:00,-0.0,BE
2025-12-05,2025,2025-12-05 10:00:00-05:00,-0.0,BE
2025-12-05,2025,2025-12-05 10:03:00-05:00,82.30849800927535,cutoff
2025-12-11,2025,2025-12-10 22:07:00-05:00,235.35142874338635,TR
2025-12-11,2025,2025-12-10 22:09:00-05:00,182.6320028936243,TR
2025-12-12,2025,2025-12-12 10:26:00-05:00,-196.125,SL
2025-12-16,2025,2025-12-16 02:37:00-05:00,53.74160256810501,TR
2025-12-16,2025,2025-12-16 02:38:00-05:00,47.69697403022292,TR
2025-12-16,2025,2025-12-16 02:38:00-05:00,47.68881306865296,TR
2025-12-17,2025,2025-12-17 10:52:00-05:00,-107.3813558302536,cutoff
2025-12-19,2025,2025-12-19 10:00:00-05:00,23.26703184737562,cutoff
2025-12-22,2025,2025-12-22 04:40:00-05:00,-0.0,BE
2025-12-22,2025,2025-12-22 09:31:00-05:00,95.32780449349593,TR
2025-12-26,2025,2025-12-25 19:13:00-05:00,-0.0,BE
2025-12-26,2025,2025-12-26 08:40:00-05:00,52.71660256810355,TR
2025-12-26,2025,2025-12-26 09:36:00-05:00,73.74707213260263,TR
2025-12-31,2025,2025-12-30 20:00:00-05:00,0.0,BE
2026-01-02,2026,2026-01-02 10:57:00-05:00,-3.77792786739883,cutoff
2026-01-13,2026,2026-01-13 08:31:00-05:00,50.40700935588393,TR
2026-01-14,2026,2026-01-14 09:59:00-05:00,99.46397432779122,TR
2026-01-14,2026,2026-01-14 10:00:00-05:00,0.0,BE
2026-01-14,2026,2026-01-14 10:51:00-05:00,0.0,BE
2026-01-16,2026,2026-01-16 10:36:00-05:00,85.43684328623203,cutoff
2026-01-19,2026,2026-01-18 22:24:00-05:00,0.0,BE
2026-01-19,2026,2026-01-19 02:10:00-05:00,48.00980441722277,TR
2026-01-19,2026,2026-01-19 02:10:00-05:00,50.97796019931411,TR
2026-01-19,2026,2026-01-19 02:40:00-05:00,49.52926196145563,TR
2026-01-19,2026,2026-01-19 04:25:00-05:00,86.52567605476725,TR
2026-01-20,2026,2026-01-20 03:31:00-05:00,-95.625,SL
2026-01-27,2026,2026-01-26 21:57:00-05:00,-0.0,BE
2026-01-27,2026,2026-01-27 01:06:00-05:00,52.8638486943928,TR
2026-01-27,2026,2026-01-27 10:10:00-05:00,-0.0,BE
2026-01-27,2026,2026-01-27 10:36:00-05:00,-11.18682394523421,cutoff
2026-01-28,2026,2026-01-27 19:35:00-05:00,-55.125,SL
2026-01-29,2026,2026-01-29 09:42:00-05:00,-79.5,SL
2026-02-02,2026,2026-02-01 22:14:00-05:00,-138.75,SL
2026-02-04,2026,2026-02-04 10:01:00-05:00,0.0,BE
2026-02-09,2026,2026-02-08 19:02:00-05:00,215.78412662938354,TR
2026-02-13,2026,2026-02-13 06:30:00-05:00,101.55814283483414,TR
2026-02-18,2026,2026-02-18 10:17:00-05:00,191.84211892497842,TR
2026-02-25,2026,2026-02-25 08:55:00-05:00,-67.5,SL
2026-02-27,2026,2026-02-27 08:30:00-05:00,0.0,BE
2026-03-02,2026,2026-03-02 01:48:00-05:00,136.18538718617492,TR
2026-03-03,2026,2026-03-03 04:46:00-05:00,231.41814706996593,TR
2026-03-03,2026,2026-03-03 04:46:00-05:00,228.79674451065148,TR
2026-03-03,2026,2026-03-03 05:08:00-05:00,0.0,BE
2026-03-03,2026,2026-03-03 06:20:00-05:00,134.61802389251898,TR
2026-03-04,2026,2026-03-04 10:01:00-05:00,-200.0,SL
2026-03-05,2026,2026-03-04 19:15:00-05:00,79.4342445106522,TR
2026-03-09,2026,2026-03-08 20:23:00-04:00,225.01755998831868,TR
2026-03-09,2026,2026-03-08 21:31:00-04:00,180.48260253400076,TR
2026-03-10,2026,2026-03-10 04:08:00-04:00,-0.0,BE
2026-03-12,2026,2026-03-12 09:55:00-04:00,85.77831764170696,TR
2026-03-12,2026,2026-03-12 10:37:00-04:00,23.32470724882296,cutoff
2026-03-17,2026,2026-03-17 09:46:00-04:00,93.1980530150613,cutoff
2026-03-18,2026,2026-03-18 01:27:00-04:00,-27.0,SL
2026-03-19,2026,2026-03-19 03:57:00-04:00,89.98994046080043,TR
2026-03-19,2026,2026-03-19 05:25:00-04:00,132.642538452008,TR
2026-03-20,2026,2026-03-20 10:12:00-04:00,0.0,BE
2026-03-26,2026,2026-03-26 08:35:00-04:00,0.0,BE
2026-03-31,2026,2026-03-30 20:17:00-04:00,165.87369712474174,TR
2026-04-01,2026,2026-03-31 19:58:00-04:00,-0.0,BE
2026-04-02,2026,2026-04-02 07:28:00-04:00,123.70606019260958,TR
2026-04-06,2026,2026-04-05 22:19:00-04:00,82.16381924296002,TR
2026-04-08,2026,2026-04-07 19:04:00-04:00,-200.0,SL
2026-04-10,2026,2026-04-09 20:59:00-04:00,63.59253845200874,TR
2026-04-10,2026,2026-04-09 21:30:00-04:00,-0.0,BE
2026-04-10,2026,2026-04-10 08:29:00-04:00,70.62091809900085,TR
2026-04-14,2026,2026-04-13 19:07:00-04:00,46.36065671421966,TR
2026-04-15,2026,2026-04-14 19:34:00-04:00,-0.0,BE
2026-04-17,2026,2026-04-17 09:07:00-04:00,-0.0,BE
2026-04-24,2026,2026-04-24 07:07:00-04:00,124.17238710808306,TR
2026-04-24,2026,2026-04-24 07:30:00-04:00,118.95610660360398,TR
2026-04-27,2026,2026-04-26 22:00:00-04:00,120.60053673353832,TR
2026-04-28,2026,2026-04-28 08:23:00-04:00,182.19121248907322,TR
2026-04-30,2026,2026-04-29 19:48:00-04:00,188.68417796163703,TR
2026-04-30,2026,2026-04-29 19:54:00-04:00,194.93876596627524,TR
2026-05-01,2026,2026-05-01 09:33:00-04:00,-118.125,SL
2026-05-05,2026,2026-05-05 10:36:00-04:00,-0.0,BE
2026-05-08,2026,2026-05-08 10:58:00-04:00,-80.84212027527974,cutoff
2026-05-11,2026,2026-05-11 09:32:00-04:00,134.36180694650102,TR
2026-05-14,2026,2026-05-13 19:05:00-04:00,-0.0,BE
2026-05-14,2026,2026-05-13 20:17:00-04:00,84.49286561581903,TR
2026-05-14,2026,2026-05-14 10:50:00-04:00,-16.485498886017012,cutoff
2026-05-18,2026,2026-05-17 19:40:00-04:00,183.37144194421126,TR
2026-05-19,2026,2026-05-19 09:20:00-04:00,171.46786561581757,TR
2026-05-19,2026,2026-05-19 10:07:00-04:00,188.6982654597159,TR
2026-05-19,2026,2026-05-19 10:14:00-04:00,0.0,BE
2026-05-21,2026,2026-05-21 00:59:00-04:00,111.43205887296062,TR
2026-05-22,2026,2026-05-22 04:18:00-04:00,92.55362077263271,TR
2026-05-25,2026,2026-05-24 23:00:00-04:00,0.7464419442112558,cutoff
2026-05-26,2026,2026-05-26 10:00:00-04:00,-0.29427308423328213,cutoff
2026-05-27,2026,2026-05-27 07:00:00-04:00,-54.375,SL
2026-05-29,2026,2026-05-29 09:57:00-04:00,82.03147395402993,TR
2026-06-04,2026,2026-06-04 07:36:00-04:00,0.0,BE
2026-06-05,2026,2026-06-04 21:13:00-04:00,0.0,BE
2026-06-05,2026,2026-06-05 09:30:00-04:00,-172.5,SL
