vxn_date,vxn_close
2017-12-01,16.56999969482422
2017-12-04,18.030000686645508
2017-12-05,17.1200008392334
2017-12-06,16.709999084472656
2017-12-07,15.859999656677246
2017-12-08,14.420000076293944
2017-12-11,12.59000015258789
2017-12-12,12.859999656677246
2017-12-13,12.739999771118164
2017-12-14,12.390000343322754
2017-12-15,11.880000114440918
2017-12-18,12.529999732971191
2017-12-19,12.81999969482422
2017-12-20,12.779999732971191
2017-12-21,12.649999618530272
2017-12-22,12.539999961853027
2017-12-26,13.640000343322754
2017-12-27,14.289999961853027
2017-12-28,14.619999885559082
2017-12-29,15.68000030517578
2018-01-02,14.93000030517578
2018-01-03,14.15999984741211
2018-01-04,13.970000267028809
2018-01-05,13.479999542236328
2018-01-08,13.84000015258789
2018-01-09,14.630000114440918
2018-01-10,15.279999732971191
2018-01-11,14.770000457763672
2018-01-12,14.56999969482422
2018-01-16,16.34000015258789
2018-01-17,16.200000762939453
2018-01-18,16.950000762939453
2018-01-19,16.149999618530273
2018-01-22,16.290000915527344
2018-01-23,16.75
2018-01-24,17.899999618530273
2018-01-25,18.25
2018-01-26,17.520000457763672
2018-01-29,19.21999931335449
2018-01-30,20.350000381469727
2018-01-31,19.64999961853028
2018-02-01,19.14999961853028
2018-02-02,20.65999984741211
2018-02-05,33.02000045776367
2018-02-06,26.700000762939453
2018-02-07,24.729999542236328
2018-02-08,33.88999938964844
2018-02-09,29.6200008392334
2018-02-12,24.940000534057617
2018-02-13,23.709999084472656
2018-02-14,20.8700008392334
2018-02-15,20.850000381469727
2018-02-16,20.459999084472656
2018-02-20,21.670000076293945
2018-02-21,22.489999771118164
2018-02-22,20.90999984741211
2018-02-23,18.15999984741211
2018-02-26,18.1200008392334
2018-02-27,20.489999771118164
2018-02-28,22.01000022888184
2018-03-01,24.739999771118164
2018-03-02,21.530000686645508
2018-03-05,20.600000381469727
2018-03-06,20.600000381469727
2018-03-07,20.43000030517578
2018-03-08,19.26000022888184
2018-03-09,17.299999237060547
2018-03-12,17.559999465942383
2018-03-13,19.239999771118164
2018-03-14,19.520000457763672
2018-03-15,18.450000762939453
2018-03-16,17.639999389648438
2018-03-19,22.059999465942383
2018-03-20,22.1299991607666
2018-03-21,22.059999465942383
2018-03-22,26.6299991607666
2018-03-23,28.350000381469727
2018-03-26,25.14999961853028
2018-03-27,29.01000022888184
2018-03-28,30.190000534057617
2018-03-29,26.68000030517578
2018-04-02,29.920000076293945
2018-04-03,28.049999237060547
2018-04-04,26.290000915527344
2018-04-05,25.030000686645508
2018-04-06,27.43000030517578
2018-04-09,26.950000762939453
2018-04-10,25.14999961853028
2018-04-11,24.690000534057617
2018-04-12,22.89999961853028
2018-04-13,22.059999465942383
2018-04-16,20.450000762939453
2018-04-17,19.43000030517578
2018-04-18,19.3799991607666
2018-04-19,20.15999984741211
2018-04-20,21.6299991607666
2018-04-23,22.1200008392334
2018-04-24,23.6200008392334
2018-04-25,23.06999969482422
2018-04-26,20.36000061035156
2018-04-27,20.520000457763672
2018-04-30,21.059999465942383
2018-05-01,19.709999084472656
2018-05-02,19.76000022888184
2018-05-03,19.64999961853028
2018-05-04,18.40999984741211
2018-05-07,18.709999084472656
2018-05-08,18.479999542236328
2018-05-09,17.6200008392334
2018-05-10,16.3799991607666
2018-05-11,16.190000534057617
2018-05-14,16.079999923706055
2018-05-15,17.510000228881836
2018-05-16,16.709999084472656
2018-05-17,17.190000534057617
2018-05-18,16.8700008392334
2018-05-21,16.920000076293945
2018-05-22,16.920000076293945
2018-05-23,16.270000457763672
2018-05-24,15.81999969482422
2018-05-25,16.059999465942383
2018-05-29,18.420000076293945
2018-05-30,17.06999969482422
2018-05-31,16.780000686645508
2018-06-01,15.109999656677246
2018-06-04,15.489999771118164
2018-06-05,15.329999923706056
2018-06-06,15.510000228881836
2018-06-07,16.450000762939453
2018-06-08,16.510000228881836
2018-06-11,16.450000762939453
2018-06-12,15.699999809265137
2018-06-13,16.31999969482422
2018-06-14,15.9399995803833
2018-06-15,15.420000076293944
2018-06-18,16.81999969482422
2018-06-19,17.290000915527344
2018-06-20,16.889999389648438
2018-06-21,18.88999938964844
2018-06-22,18.3799991607666
2018-06-25,21.940000534057617
2018-06-26,20.51000022888184
2018-06-27,22.75
2018-06-28,21.76000022888184
2018-06-29,20.8799991607666
2018-07-02,20.809999465942383
2018-07-03,21.790000915527344
2018-07-05,20.350000381469727
2018-07-06,18.71999931335449
2018-07-09,17.90999984741211
2018-07-10,17.899999618530273
2018-07-11,18.270000457763672
2018-07-12,17.1200008392334
2018-07-13,16.8799991607666
2018-07-16,17.719999313354492
2018-07-17,16.709999084472656
2018-07-18,16.530000686645508
2018-07-19,17.350000381469727
2018-07-20,17.110000610351562
2018-07-23,16.489999771118164
2018-07-24,17.1299991607666
2018-07-25,16.670000076293945
2018-07-26,16.8700008392334
2018-07-27,18.71999931335449
2018-07-30,20.440000534057617
2018-07-31,19.170000076293945
2018-08-01,18.489999771118164
2018-08-02,16.309999465942383
2018-08-03,15.8100004196167
2018-08-06,15.470000267028809
2018-08-07,14.760000228881836
2018-08-08,14.829999923706056
2018-08-09,14.90999984741211
2018-08-10,16.219999313354492
2018-08-13,16.520000457763672
2018-08-14,15.15999984741211
2018-08-15,17.190000534057617
2018-08-16,16.43000030517578
2018-08-17,15.859999656677246
2018-08-20,16.290000915527344
2018-08-21,16.219999313354492
2018-08-22,15.640000343322754
2018-08-23,15.789999961853027
2018-08-24,15.15999984741211
2018-08-27,15.600000381469728
2018-08-28,15.420000076293944
2018-08-29,15.270000457763672
2018-08-30,16.020000457763672
2018-08-31,16.040000915527344
2018-09-04,17.100000381469727
2018-09-05,18.64999961853028
2018-09-06,19.170000076293945
2018-09-07,19.76000022888184
2018-09-10,19.040000915527344
2018-09-11,17.829999923706055
2018-09-12,17.469999313354492
2018-09-13,16.450000762939453
2018-09-14,16.1200008392334
2018-09-17,18.5
2018-09-18,17.350000381469727
2018-09-19,16.899999618530273
2018-09-20,16.200000762939453
2018-09-21,16.84000015258789
2018-09-24,17.25
2018-09-25,17.06999969482422
2018-09-26,17.399999618530273
2018-09-27,16.75
2018-09-28,16.579999923706055
2018-10-01,17.09000015258789
2018-10-02,17.549999237060547
2018-10-03,17.5
2018-10-04,20.1200008392334
2018-10-05,21.5
2018-10-08,22.190000534057617
2018-10-09,21.6200008392334
2018-10-10,27.530000686645508
2018-10-11,27.76000022888184
2018-10-12,24.690000534057617
2018-10-15,26.809999465942383
2018-10-16,22.51000022888184
2018-10-17,22.93000030517578
2018-10-18,26.07999992370605
2018-10-19,25.770000457763672
2018-10-22,25.15999984741211
2018-10-23,25.26000022888184
2018-10-24,30.25
2018-10-25,29.540000915527344
2018-10-26,29.8700008392334
2018-10-29,31.75
2018-10-30,30.729999542236328
2018-10-31,29.1200008392334
2018-11-01,26.1200008392334
2018-11-02,26.64999961853028
2018-11-05,27.26000022888184
2018-11-06,26.170000076293945
2018-11-07,22.38999938964844
2018-11-08,22.86000061035156
2018-11-09,24.270000457763672
2018-11-12,28.11000061035156
2018-11-13,27.68000030517578
2018-11-14,28.3700008392334
2018-11-15,26.049999237060547
2018-11-16,24.3799991607666
2018-11-19,27.440000534057617
2018-11-20,28.770000457763672
2018-11-21,26.959999084472656
2018-11-23,27.93000030517578
2018-11-26,26.020000457763672
2018-11-27,24.729999542236328
2018-11-28,24.11000061035156
2018-11-29,24.32999992370605
2018-11-30,24.020000457763672
2018-12-03,21.700000762939453
2018-12-04,25.3799991607666
2018-12-06,25.96999931335449
2018-12-07,28.030000686645508
2018-12-10,27.200000762939453
2018-12-11,26.770000457763672
2018-12-12,26.299999237060547
2018-12-13,25.799999237060547
2018-12-14,27.6200008392334
2018-12-17,30.06999969482422
2018-12-18,29.309999465942383
2018-12-19,29.43000030517578
2018-12-20,31.0
2018-12-21,33.869998931884766
2018-12-24,38.68000030517578
2018-12-26,33.70000076293945
2018-12-27,34.369998931884766
2018-12-28,34.20000076293945
2018-12-31,31.440000534057617
2019-01-02,30.09000015258789
2019-01-03,32.18000030517578
2019-01-04,28.56999969482422
2019-01-07,28.530000686645508
2019-01-08,27.65999984741211
2019-01-09,26.420000076293945
2019-01-10,25.90999984741211
2019-01-11,24.780000686645508
2019-01-14,25.739999771118164
2019-01-15,23.65999984741211
2019-01-16,24.06999969482422
2019-01-17,23.34000015258789
2019-01-18,21.88999938964844
2019-01-22,25.020000457763672
2019-01-23,24.5
2019-01-24,23.489999771118164
2019-01-25,21.780000686645508
2019-01-28,23.43000030517578
2019-01-29,23.86000061035156
2019-01-30,21.18000030517578
2019-01-31,20.239999771118164
2019-02-01,19.799999237060547
2019-02-04,19.68000030517578
2019-02-05,19.46999931335449
2019-02-06,19.739999771118164
2019-02-07,20.920000076293945
2019-02-08,20.040000915527344
2019-02-11,20.06999969482422
2019-02-12,18.690000534057617
2019-02-13,19.0
2019-02-14,19.020000457763672
2019-02-15,17.700000762939453
2019-02-19,18.100000381469727
2019-02-20,18.020000457763672
2019-02-21,18.190000534057617
2019-02-22,16.950000762939453
2019-02-25,17.809999465942383
2019-02-26,18.11000061035156
2019-02-27,17.600000381469727
2019-02-28,17.170000076293945
2019-03-01,16.1200008392334
2019-03-04,17.360000610351562
2019-03-05,17.059999465942383
2019-03-06,18.229999542236328
2019-03-07,19.59000015258789
2019-03-08,19.1200008392334
2019-03-11,16.360000610351562
2019-03-12,15.760000228881836
2019-03-13,15.380000114440918
2019-03-14,15.649999618530272
2019-03-15,15.119999885559082
2019-03-18,16.18000030517578
2019-03-19,16.729999542236328
2019-03-20,16.639999389648438
2019-03-21,16.59000015258789
2019-03-22,19.82999992370605
2019-03-25,19.440000534057617
2019-03-26,18.6299991607666
2019-03-27,18.739999771118164
2019-03-28,17.989999771118164
2019-03-29,16.6200008392334
2019-04-01,16.309999465942383
2019-04-02,16.329999923706055
2019-04-03,16.6200008392334
2019-04-04,16.790000915527344
2019-04-05,16.170000076293945
2019-04-08,16.81999969482422
2019-04-09,17.649999618530273
2019-04-10,16.760000228881836
2019-04-11,16.65999984741211
2019-04-12,15.630000114440918
2019-04-15,15.93000030517578
2019-04-16,15.880000114440918
2019-04-17,15.859999656677246
2019-04-18,15.149999618530272
2019-04-22,15.739999771118164
2019-04-23,16.149999618530273
2019-04-24,16.670000076293945
2019-04-25,16.489999771118164
2019-04-26,15.789999961853027
2019-04-29,16.440000534057617
2019-04-30,16.600000381469727
2019-05-01,17.93000030517578
2019-05-02,17.6200008392334
2019-05-03,15.979999542236328
2019-05-06,18.700000762939453
2019-05-07,22.86000061035156
2019-05-08,22.520000457763672
2019-05-09,22.030000686645508
2019-05-10,19.100000381469727
2019-05-13,25.25
2019-05-14,22.229999542236328
2019-05-15,19.920000076293945
2019-05-16,18.39999961853028
2019-05-17,19.38999938964844
2019-05-20,21.63999938964844
2019-05-21,19.57999992370605
2019-05-22,19.84000015258789
2019-05-23,21.309999465942383
2019-05-24,20.6299991607666
2019-05-28,21.82999992370605
2019-05-29,22.229999542236328
2019-05-30,21.68000030517578
2019-05-31,23.229999542236328
2019-06-03,24.21999931335449
2019-06-04,21.489999771118164
2019-06-05,20.8700008392334
2019-06-06,20.31999969482422
2019-06-07,19.93000030517578
2019-06-10,19.979999542236328
2019-06-11,20.21999931335449
2019-06-12,20.57999992370605
2019-06-13,20.030000686645508
2019-06-14,19.850000381469727
2019-06-17,20.040000915527344
2019-06-18,19.51000022888184
2019-06-19,18.799999237060547
2019-06-20,18.709999084472656
2019-06-21,19.18000030517578
2019-06-24,19.459999084472656
2019-06-25,20.770000457763672
2019-06-26,20.459999084472656
2019-06-27,20.06999969482422
2019-06-28,19.76000022888184
2019-07-01,17.639999389648438
2019-07-02,16.290000915527344
2019-07-03,16.149999618530273
2019-07-05,16.469999313354492
2019-07-08,17.770000457763672
2019-07-09,17.420000076293945
2019-07-10,16.43000030517578
2019-07-11,16.639999389648438
2019-07-12,16.25
2019-07-15,16.219999313354492
2019-07-16,16.65999984741211
2019-07-17,18.0
2019-07-18,17.010000228881836
2019-07-19,17.690000534057617
2019-07-22,17.06999969482422
2019-07-23,16.06999969482422
2019-07-24,15.40999984741211
2019-07-25,16.020000457763672
2019-07-26,15.420000076293944
2019-07-29,16.350000381469727
2019-07-30,17.530000686645508
2019-07-31,18.780000686645508
2019-08-01,21.059999465942383
2019-08-02,21.3700008392334
2019-08-05,27.559999465942383
2019-08-06,24.270000457763672
2019-08-07,23.46999931335449
2019-08-08,21.13999938964844
2019-08-09,21.770000457763672
2019-08-12,25.18000030517578
2019-08-13,21.81999969482422
2019-08-14,26.3799991607666
2019-08-15,24.790000915527344
2019-08-16,21.51000022888184
2019-08-19,20.43000030517578
2019-08-20,21.270000457763672
2019-08-21,19.809999465942383
2019-08-22,20.82999992370605
2019-08-23,23.65999984741211
2019-08-26,23.239999771118164
2019-08-27,24.11000061035156
2019-08-28,23.1200008392334
2019-08-29,21.25
2019-08-30,22.38999938964844
2019-09-03,23.3700008392334
2019-09-04,21.440000534057617
2019-09-05,19.90999984741211
2019-09-06,18.81999969482422
2019-09-09,19.420000076293945
2019-09-10,19.56999969482422
2019-09-11,18.600000381469727
2019-09-12,17.8799991607666
2019-09-13,18.1299991607666
2019-09-16,19.040000915527344
2019-09-17,18.57999992370605
2019-09-18,18.040000915527344
2019-09-19,17.549999237060547
2019-09-20,19.11000061035156
2019-09-23,18.63999938964844
2019-09-24,20.450000762939453
2019-09-25,19.13999938964844
2019-09-26,19.40999984741211
2019-09-27,20.88999938964844
2019-09-30,20.030000686645508
2019-10-01,21.950000762939453
2019-10-02,23.709999084472656
2019-10-03,22.32999992370605
2019-10-04,20.239999771118164
2019-10-07,21.6299991607666
2019-10-08,23.39999961853028
2019-10-09,21.8799991607666
2019-10-10,21.0
2019-10-11,19.440000534057617
2019-10-14,18.61000061035156
2019-10-15,17.18000030517578
2019-10-16,17.579999923706055
2019-10-17,17.389999389648438
2019-10-18,17.81999969482422
2019-10-21,17.389999389648438
2019-10-22,18.34000015258789
2019-10-23,17.780000686645508
2019-10-24,17.350000381469727
2019-10-25,16.170000076293945
2019-10-28,16.809999465942383
2019-10-29,17.469999313354492
2019-10-30,16.709999084472656
2019-10-31,17.360000610351562
2019-11-01,16.270000457763672
2019-11-04,16.559999465942383
2019-11-05,17.079999923706055
2019-11-06,16.450000762939453
2019-11-07,16.65999984741211
2019-11-08,16.170000076293945
2019-11-11,16.040000915527344
2019-11-12,15.859999656677246
2019-11-13,16.239999771118164
2019-11-14,15.850000381469728
2019-11-15,14.56999969482422
2019-11-18,14.9399995803833
2019-11-19,15.25
2019-11-20,15.609999656677246
2019-11-21,16.06999969482422
2019-11-22,15.600000381469728
2019-11-25,15.079999923706056
2019-11-26,14.779999732971191
2019-11-27,14.859999656677246
2019-11-29,15.84000015258789
2019-12-02,18.06999969482422
2019-12-03,19.15999984741211
2019-12-04,18.32999992370605
2019-12-05,17.969999313354492
2019-12-06,16.440000534057617
2019-12-09,18.14999961853028
2019-12-10,18.020000457763672
2019-12-11,17.40999984741211
2019-12-12,16.549999237060547
2019-12-13,15.09000015258789
2019-12-16,14.020000457763672
2019-12-17,14.420000076293944
2019-12-18,14.75
2019-12-19,14.420000076293944
2019-12-20,14.470000267028809
2019-12-23,15.15999984741211
2019-12-24,15.140000343322754
2019-12-26,15.06999969482422
2019-12-27,16.360000610351562
2019-12-30,17.899999618530273
2019-12-31,16.889999389648438
2020-01-02,16.0
2020-01-03,16.950000762939453
2020-01-06,17.190000534057617
2020-01-07,17.149999618530273
2020-01-08,16.93000030517578
2020-01-09,16.040000915527344
2020-01-10,16.479999542236328
2020-01-13,15.56999969482422
2020-01-14,15.829999923706056
2020-01-15,15.539999961853027
2020-01-16,14.949999809265137
2020-01-17,14.970000267028809
2020-01-21,16.219999313354492
2020-01-22,16.489999771118164
2020-01-23,16.229999542236328
2020-01-24,18.06999969482422
2020-01-27,21.459999084472656
2020-01-28,19.61000061035156
2020-01-29,19.56999969482422
2020-01-30,17.75
2020-01-31,21.32999992370605
2020-02-03,20.39999961853028
2020-02-04,18.450000762939453
2020-02-05,18.520000457763672
2020-02-06,18.40999984741211
2020-02-07,19.420000076293945
2020-02-10,19.309999465942383
2020-02-11,19.65999984741211
2020-02-12,18.040000915527344
2020-02-13,18.459999084472656
2020-02-14,17.950000762939453
2020-02-18,19.1200008392334
2020-02-19,18.57999992370605
2020-02-20,20.32999992370605
2020-02-21,22.459999084472656
2020-02-24,29.229999542236328
2020-02-25,31.030000686645508
2020-02-26,30.3799991607666
2020-02-27,41.0
2020-02-28,43.130001068115234
2020-03-02,35.099998474121094
2020-03-03,39.33000183105469
2020-03-04,33.540000915527344
2020-03-05,41.400001525878906
2020-03-06,43.970001220703125
2020-03-09,53.68000030517578
2020-03-10,47.43000030517578
2020-03-11,50.70000076293945
2020-03-12,67.83000183105469
2020-03-13,51.84000015258789
2020-03-16,80.08000183105469
2020-03-17,71.55000305175781
2020-03-18,74.22000122070312
2020-03-19,69.12000274658203
2020-03-20,63.84999847412109
2020-03-23,58.36000061035156
2020-03-24,56.95000076293945
2020-03-25,60.9900016784668
2020-03-26,57.59999847412109
2020-03-27,61.380001068115234
2020-03-30,55.040000915527344
2020-03-31,51.290000915527344
2020-04-01,54.290000915527344
2020-04-02,48.90999984741211
2020-04-03,44.869998931884766
2020-04-06,42.93000030517578
2020-04-07,44.68999862670898
2020-04-08,42.34000015258789
2020-04-09,41.36000061035156
2020-04-13,41.34000015258789
2020-04-14,38.33000183105469
2020-04-15,40.84999847412109
2020-04-16,40.36000061035156
2020-04-17,38.369998931884766
2020-04-20,43.84999847412109
2020-04-21,45.369998931884766
2020-04-22,42.369998931884766
2020-04-23,41.65999984741211
2020-04-24,36.5
2020-04-27,35.2599983215332
2020-04-28,36.61000061035156
2020-04-29,32.849998474121094
2020-04-30,35.279998779296875
2020-05-01,37.7599983215332
2020-05-04,36.86000061035156
2020-05-05,35.369998931884766
2020-05-06,35.599998474121094
2020-05-07,33.58000183105469
2020-05-08,30.63999938964844
2020-05-11,28.81999969482422
2020-05-12,33.29999923706055
2020-05-13,36.119998931884766
2020-05-14,33.790000915527344
2020-05-15,33.4900016784668
2020-05-18,30.21999931335449
2020-05-19,30.739999771118164
2020-05-20,29.1200008392334
2020-05-21,30.729999542236328
2020-05-22,29.36000061035156
2020-05-26,29.420000076293945
2020-05-27,29.520000457763672
2020-05-28,29.68000030517578
2020-05-29,27.959999084472656
2020-06-01,28.989999771118164
2020-06-02,27.68000030517578
2020-06-03,27.450000762939453
2020-06-04,27.43000030517578
2020-06-05,25.530000686645508
2020-06-08,26.799999237060547
2020-06-09,28.700000762939453
2020-06-10,29.31999969482422
2020-06-11,36.810001373291016
2020-06-12,35.4900016784668
2020-06-15,33.66999816894531
2020-06-16,32.689998626708984
2020-06-17,32.90999984741211
2020-06-18,31.56999969482422
2020-06-19,32.540000915527344
2020-06-22,31.3799991607666
2020-06-23,31.229999542236328
2020-06-24,33.58000183105469
2020-06-25,31.809999465942383
2020-06-26,33.810001373291016
2020-06-29,32.29999923706055
2020-06-30,30.75
2020-07-01,29.51000022888184
2020-07-02,28.600000381469727
2020-07-06,30.200000762939453
2020-07-07,31.71999931335449
2020-07-08,31.049999237060547
2020-07-09,32.68000030517578
2020-07-10,32.02000045776367
2020-07-13,37.59999847412109
2020-07-14,37.61000061035156
2020-07-15,35.84000015258789
2020-07-16,34.41999816894531
2020-07-17,30.770000457763672
2020-07-20,30.90999984741211
2020-07-21,30.90999984741211
2020-07-22,30.459999084472656
2020-07-23,32.75
2020-07-24,32.61000061035156
2020-07-27,31.549999237060547
2020-07-28,31.82999992370605
2020-07-29,30.1299991607666
2020-07-30,30.200000762939453
2020-07-31,27.93000030517578
2020-08-03,29.270000457763672
2020-08-04,29.1200008392334
2020-08-05,28.5
2020-08-06,28.530000686645508
2020-08-07,29.76000022888184
2020-08-10,29.86000061035156
2020-08-11,31.8700008392334
2020-08-12,30.15999984741211
2020-08-13,29.84000015258789
2020-08-14,29.14999961853028
2020-08-17,27.729999542236328
2020-08-18,26.89999961853028
2020-08-19,28.8799991607666
2020-08-20,28.440000534057617
2020-08-21,28.6200008392334
2020-08-24,29.82999992370605
2020-08-25,29.11000061035156
2020-08-26,32.099998474121094
2020-08-27,33.31999969482422
2020-08-28,32.79999923706055
2020-08-31,34.54999923706055
2020-09-01,34.66999816894531
2020-09-02,36.79999923706055
2020-09-03,42.09000015258789
2020-09-04,41.7400016784668
2020-09-08,41.02000045776367
2020-09-09,38.25
2020-09-10,37.91999816894531
2020-09-11,35.27000045776367
2020-09-14,33.560001373291016
2020-09-15,33.790000915527344
2020-09-16,35.47999954223633
2020-09-17,36.27000045776367
2020-09-18,36.040000915527344
2020-09-21,36.43000030517578
2020-09-22,35.2400016784668
2020-09-23,37.25
2020-09-24,36.9900016784668
2020-09-25,34.93000030517578
2020-09-28,34.65999984741211
2020-09-29,35.25
2020-09-30,35.41999816894531
2020-10-01,34.9900016784668
2020-10-02,36.43999862670898
2020-10-05,35.66999816894531
2020-10-06,36.66999816894531
2020-10-07,35.61000061035156
2020-10-08,34.43000030517578
2020-10-09,32.599998474121094
2020-10-12,33.439998626708984
2020-10-13,34.47999954223633
2020-10-14,34.040000915527344
2020-10-15,34.540000915527344
2020-10-16,35.02000045776367
2020-10-19,36.13999938964844
2020-10-20,35.25
2020-10-21,35.08000183105469
2020-10-22,34.279998779296875
2020-10-23,33.45000076293945
2020-10-26,37.40999984741211
2020-10-27,36.560001373291016
2020-10-28,43.38999938964844
2020-10-29,40.08000183105469
2020-10-30,41.29999923706055
2020-11-02,40.900001525878906
2020-11-03,38.380001068115234
2020-11-04,33.36000061035156
2020-11-05,32.81999969482422
2020-11-06,30.01000022888184
2020-11-09,31.31999969482422
2020-11-10,32.529998779296875
2020-11-11,30.290000915527344
2020-11-12,30.90999984741211
2020-11-13,29.030000686645508
2020-11-16,27.3700008392334
2020-11-17,27.309999465942383
2020-11-18,27.46999931335449
2020-11-19,26.809999465942383
2020-11-20,26.90999984741211
2020-11-23,26.63999938964844
2020-11-24,25.989999771118164
2020-11-25,25.690000534057617
2020-11-27,26.1200008392334
2020-11-30,26.68000030517578
2020-12-01,27.40999984741211
2020-12-02,27.549999237060547
2020-12-03,27.38999938964844
2020-12-04,27.020000457763672
2020-12-07,27.200000762939453
2020-12-08,26.07999992370605
2020-12-09,29.31999969482422
2020-12-10,29.14999961853028
2020-12-11,29.0
2020-12-14,29.440000534057617
2020-12-15,28.100000381469727
2020-12-16,27.850000381469727
2020-12-17,27.040000915527344
2020-12-18,26.90999984741211
2020-12-21,28.350000381469727
2020-12-22,27.940000534057617
2020-12-23,27.32999992370605
2020-12-24,25.940000534057617
2020-12-28,25.90999984741211
2020-12-29,26.81999969482422
2020-12-30,26.290000915527344
2020-12-31,26.93000030517578
2021-01-04,30.1299991607666
2021-01-05,28.420000076293945
2021-01-06,29.270000457763672
2021-01-07,26.989999771118164
2021-01-08,27.93000030517578
2021-01-11,28.920000076293945
2021-01-12,28.32999992370605
2021-01-13,27.36000061035156
2021-01-14,28.549999237060547
2021-01-15,29.170000076293945
2021-01-19,27.709999084472656
2021-01-20,26.790000915527344
2021-01-21,27.01000022888184
2021-01-22,28.06999969482422
2021-01-25,28.729999542236328
2021-01-26,29.200000762939453
2021-01-27,39.61000061035156
2021-01-28,35.04999923706055
2021-01-29,37.43999862670898
2021-02-01,34.2400016784668
2021-02-02,29.489999771118164
2021-02-03,29.030000686645508
2021-02-04,27.09000015258789
2021-02-05,25.459999084472656
2021-02-08,26.18000030517578
2021-02-09,26.600000381469727
2021-02-10,27.40999984741211
2021-02-11,27.06999969482422
2021-02-12,26.36000061035156
2021-02-16,28.520000457763672
2021-02-17,28.26000022888184
2021-02-18,27.59000015258789
2021-02-19,27.739999771118164
2021-02-22,31.020000457763672
2021-02-23,30.6200008392334
2021-02-24,28.670000076293945
2021-02-25,36.15999984741211
2021-02-26,34.060001373291016
2021-03-01,28.670000076293945
2021-03-02,30.11000061035156
2021-03-03,33.91999816894531
2021-03-04,34.83000183105469
2021-03-05,31.88999938964844
2021-03-08,33.869998931884766
2021-03-09,32.150001525878906
2021-03-10,31.520000457763672
2021-03-11,30.040000915527344
2021-03-12,30.100000381469727
2021-03-15,28.71999931335449
2021-03-16,29.270000457763672
2021-03-17,27.979999542236328
2021-03-18,30.61000061035156
2021-03-19,29.64999961853028
2021-03-22,26.700000762939453
2021-03-23,27.82999992370605
2021-03-24,28.96999931335449
2021-03-25,27.6299991607666
2021-03-26,25.63999938964844
2021-03-29,26.940000534057617
2021-03-30,26.38999938964844
2021-03-31,24.88999938964844
2021-04-01,23.209999084472656
2021-04-05,23.93000030517578
2021-04-06,23.86000061035156
2021-04-07,23.43000030517578
2021-04-08,23.489999771118164
2021-04-09,23.229999542236328
2021-04-12,22.489999771118164
2021-04-13,22.11000061035156
2021-04-14,22.63999938964844
2021-04-15,21.68000030517578
2021-04-16,20.51000022888184
2021-04-19,22.81999969482422
2021-04-20,24.3700008392334
2021-04-21,22.81999969482422
2021-04-22,24.0
2021-04-23,22.31999969482422
2021-04-26,22.56999969482422
2021-04-27,22.709999084472656
2021-04-28,22.36000061035156
2021-04-29,22.420000076293945
2021-04-30,22.89999961853028
2021-05-03,23.34000015258789
2021-05-04,25.700000762939453
2021-05-05,25.65999984741211
2021-05-06,24.82999992370605
2021-05-07,22.790000915527344
2021-05-10,26.59000015258789
2021-05-11,27.86000061035156
2021-05-12,31.8700008392334
2021-05-13,29.020000457763672
2021-05-14,24.989999771118164
2021-05-17,25.59000015258789
2021-05-18,26.13999938964844
2021-05-19,26.65999984741211
2021-05-20,24.239999771118164
2021-05-21,24.299999237060547
2021-05-24,22.76000022888184
2021-05-25,23.39999961853028
2021-05-26,22.350000381469727
2021-05-27,22.1200008392334
2021-05-28,21.440000534057617
2021-06-01,22.68000030517578
2021-06-02,22.01000022888184
2021-06-03,23.25
2021-06-04,21.21999931335449
2021-06-07,21.3700008392334
2021-06-08,21.57999992370605
2021-06-09,22.01000022888184
2021-06-10,19.979999542236328
2021-06-11,19.15999984741211
2021-06-14,20.059999465942383
2021-06-15,20.93000030517578
2021-06-16,21.459999084472656
2021-06-17,20.350000381469727
2021-06-18,22.43000030517578
2021-06-21,20.780000686645508
2021-06-22,20.0
2021-06-23,19.81999969482422
2021-06-24,19.600000381469727
2021-06-25,19.309999465942383
2021-06-28,19.57999992370605
2021-06-29,20.09000015258789
2021-06-30,20.13999938964844
2021-07-01,20.06999969482422
2021-07-02,19.280000686645508
2021-07-06,21.0
2021-07-07,21.11000061035156
2021-07-08,23.600000381469727
2021-07-09,21.229999542236328
2021-07-12,19.68000030517578
2021-07-13,20.8700008392334
2021-07-14,19.989999771118164
2021-07-15,20.11000061035156
2021-07-16,21.059999465942383
2021-07-19,23.440000534057617
2021-07-20,21.68000030517578
2021-07-21,20.39999961853028
2021-07-22,19.780000686645508
2021-07-23,19.059999465942383
2021-07-26,20.3700008392334
2021-07-27,22.84000015258789
2021-07-28,20.959999084472656
2021-07-29,20.549999237060547
2021-07-30,20.809999465942383
2021-08-02,21.489999771118164
2021-08-03,20.520000457763672
2021-08-04,20.68000030517578
2021-08-05,20.190000534057617
2021-08-06,19.61000061035156
2021-08-09,19.690000534057617
2021-08-10,20.3799991607666
2021-08-11,20.1299991607666
2021-08-12,19.39999961853028
2021-08-13,18.520000457763672
2021-08-16,19.049999237060547
2021-08-17,21.170000076293945
2021-08-18,24.350000381469727
2021-08-19,23.520000457763672
2021-08-20,20.96999931335449
2021-08-23,19.799999237060547
2021-08-24,19.86000061035156
2021-08-25,19.600000381469727
2021-08-26,21.3700008392334
2021-08-27,18.540000915527344
2021-08-30,19.07999992370605
2021-08-31,19.479999542236328
2021-09-01,19.84000015258789
2021-09-02,20.030000686645508
2021-09-03,19.75
2021-09-07,20.959999084472656
2021-09-08,20.809999465942383
2021-09-09,21.450000762939453
2021-09-10,22.75
2021-09-13,21.600000381469727
2021-09-14,21.68000030517578
2021-09-15,20.1200008392334
2021-09-16,20.170000076293945
2021-09-17,22.270000457763672
2021-09-20,27.229999542236328
2021-09-21,26.420000076293945
2021-09-22,22.96999931335449
2021-09-23,21.21999931335449
2021-09-24,20.93000030517578
2021-09-27,21.82999992370605
2021-09-28,27.350000381469727
2021-09-29,26.709999084472656
2021-09-30,26.64999961853028
2021-10-01,24.8700008392334
2021-10-04,27.71999931335449
2021-10-05,25.450000762939453
2021-10-06,24.8700008392334
2021-10-07,23.21999931335449
2021-10-08,23.15999984741211
2021-10-11,23.489999771118164
2021-10-12,23.40999984741211
2021-10-13,21.229999542236328
2021-10-14,19.09000015258789
2021-10-15,18.51000022888184
2021-10-18,18.82999992370605
2021-10-19,18.309999465942383
2021-10-20,18.729999542236328
2021-10-21,18.6299991607666
2021-10-22,19.1200008392334
2021-10-25,18.799999237060547
2021-10-26,19.3799991607666
2021-10-27,20.1200008392334
2021-10-28,19.75
2021-10-29,19.63999938964844
2021-11-01,19.729999542236328
2021-11-02,19.729999542236328
2021-11-03,19.43000030517578
2021-11-04,20.26000022888184
2021-11-05,21.56999969482422
2021-11-08,21.8799991607666
2021-11-09,22.690000534057617
2021-11-10,23.270000457763672
2021-11-11,22.3700008392334
2021-11-12,21.420000076293945
2021-11-15,21.709999084472656
2021-11-16,21.280000686645508
2021-11-17,21.559999465942383
2021-11-18,21.38999938964844
2021-11-19,21.75
2021-11-22,23.5
2021-11-23,24.43000030517578
2021-11-24,23.81999969482422
2021-11-26,28.450000762939453
2021-11-29,24.6299991607666
2021-11-30,27.38999938964844
2021-12-01,30.950000762939453
2021-12-02,29.780000686645508
2021-12-03,33.40999984741211
2021-12-06,30.170000076293945
2021-12-07,25.790000915527344
2021-12-08,24.81999969482422
2021-12-09,26.420000076293945
2021-12-10,23.950000762939453
2021-12-13,24.040000915527344
2021-12-14,25.309999465942383
2021-12-15,23.420000076293945
2021-12-16,25.239999771118164
2021-12-17,26.549999237060547
2021-12-20,27.8799991607666
2021-12-21,24.959999084472656
2021-12-22,22.14999961853028
2021-12-23,21.31999969482422
2021-12-27,21.71999931335449
2021-12-28,21.540000915527344
2021-12-29,21.280000686645508
2021-12-30,21.3799991607666
2021-12-31,21.200000762939453
2022-01-03,21.170000076293945
2022-01-04,22.31999969482422
2022-01-05,25.979999542236328
2022-01-06,25.809999465942383
2022-01-07,25.64999961853028
2022-01-10,25.82999992370605
2022-01-11,24.280000686645508
2022-01-12,23.440000534057617
2022-01-13,27.049999237060547
2022-01-14,25.71999931335449
2022-01-18,29.36000061035156
2022-01-19,29.020000457763672
2022-01-20,30.61000061035156
2022-01-21,34.060001373291016
2022-01-24,35.54999923706055
2022-01-25,38.20000076293945
2022-01-26,38.09999847412109
2022-01-27,36.63999938964844
2022-01-28,33.310001373291016
2022-01-31,30.15999984741211
2022-02-01,28.0
2022-02-02,29.57999992370605
2022-02-03,31.239999771118164
2022-02-04,30.31999969482422
2022-02-07,30.020000457763672
2022-02-08,28.32999992370605
2022-02-09,26.8700008392334
2022-02-10,30.06999969482422
2022-02-11,34.15999984741211
2022-02-14,34.06999969482422
2022-02-15,31.15999984741211
2022-02-16,29.450000762939453
2022-02-17,33.209999084472656
2022-02-18,33.04999923706055
2022-02-22,33.130001068115234
2022-02-23,35.27000045776367
2022-02-24,34.02000045776367
2022-02-25,31.190000534057617
2022-02-28,32.720001220703125
2022-03-01,35.220001220703125
2022-03-02,33.04999923706055
2022-03-03,33.34000015258789
2022-03-04,34.88999938964844
2022-03-07,38.72999954223633
2022-03-08,38.02000045776367
2022-03-09,35.34000015258789
2022-03-10,34.22999954223633
2022-03-11,34.849998474121094
2022-03-14,36.54999923706055
2022-03-15,34.650001525878906
2022-03-16,30.809999465942383
2022-03-17,29.51000022888184
2022-03-18,27.76000022888184
2022-03-21,28.65999984741211
2022-03-22,27.709999084472656
2022-03-23,28.84000015258789
2022-03-24,27.88999938964844
2022-03-25,27.34000015258789
2022-03-28,26.530000686645508
2022-03-29,25.8700008392334
2022-03-30,26.39999961853028
2022-03-31,26.989999771118164
2022-04-01,25.90999984741211
2022-04-04,24.93000030517578
2022-04-05,27.39999961853028
2022-04-06,28.90999984741211
2022-04-07,28.479999542236328
2022-04-08,28.059999465942383
2022-04-11,30.75
2022-04-12,30.3799991607666
2022-04-13,26.850000381469727
2022-04-14,28.86000061035156
2022-04-18,29.530000686645508
2022-04-19,29.100000381469727
2022-04-20,28.46999931335449
2022-04-21,31.3700008392334
2022-04-22,35.38999938964844
2022-04-25,33.83000183105469
2022-04-26,38.93000030517578
2022-04-27,36.90999984741211
2022-04-28,35.4900016784668
2022-04-29,38.25
2022-05-02,37.810001373291016
2022-05-03,36.0
2022-05-04,31.979999542236328
2022-05-05,37.18999862670898
2022-05-06,37.400001525878906
2022-05-09,41.43000030517578
2022-05-10,40.08000183105469
2022-05-11,40.66999816894531
2022-05-12,41.36000061035156
2022-05-13,37.61000061035156
2022-05-16,37.43999862670898
2022-05-17,33.880001068115234
2022-05-18,38.810001373291016
2022-05-19,36.150001525878906
2022-05-20,36.18000030517578
2022-05-23,35.18000030517578
2022-05-24,36.16999816894531
2022-05-25,35.380001068115234
2022-05-26,33.630001068115234
2022-05-27,32.0
2022-05-31,33.0099983215332
2022-06-01,32.599998474121094
2022-06-02,31.440000534057617
2022-06-03,31.75
2022-06-06,32.15999984741211
2022-06-07,31.030000686645508
2022-06-08,30.690000534057617
2022-06-09,32.72999954223633
2022-06-10,33.970001220703125
2022-06-13,40.36000061035156
2022-06-14,38.5099983215332
2022-06-15,35.349998474121094
2022-06-16,38.66999816894531
2022-06-17,36.65999984741211
2022-06-21,36.060001373291016
2022-06-22,35.939998626708984
2022-06-23,35.29999923706055
2022-06-24,33.77000045776367
2022-06-27,33.560001373291016
2022-06-28,35.43000030517578
2022-06-29,35.33000183105469
2022-06-30,36.209999084472656
2022-07-01,34.27000045776367
2022-07-05,34.86000061035156
2022-07-06,33.75
2022-07-07,32.810001373291016
2022-07-08,31.18000030517578
2022-07-11,32.93000030517578
2022-07-12,33.970001220703125
2022-07-13,33.66999816894531
2022-07-14,32.63999938964844
2022-07-15,30.38999938964844
2022-07-18,31.57999992370605
2022-07-19,30.65999984741211
2022-07-20,30.57999992370605
2022-07-21,29.309999465942383
2022-07-22,29.190000534057617
2022-07-25,29.420000076293945
2022-07-26,30.90999984741211
2022-07-27,29.59000015258789
2022-07-28,28.479999542236328
2022-07-29,27.25
2022-08-01,28.75
2022-08-02,30.0
2022-08-03,27.979999542236328
2022-08-04,27.809999465942383
2022-08-05,27.1299991607666
2022-08-08,27.64999961853028
2022-08-09,28.40999984741211
2022-08-10,25.71999931335449
2022-08-11,26.1299991607666
2022-08-12,25.18000030517578
2022-08-15,25.39999961853028
2022-08-16,25.549999237060547
2022-08-17,26.32999992370605
2022-08-18,25.520000457763672
2022-08-19,26.739999771118164
2022-08-22,29.64999961853028
2022-08-23,29.690000534057617
2022-08-24,28.959999084472656
2022-08-25,28.07999992370605
2022-08-26,31.71999931335449
2022-08-29,32.29999923706055
2022-08-30,32.119998931884766
2022-08-31,32.189998626708984
2022-09-01,32.2599983215332
2022-09-02,32.31999969482422
2022-09-06,33.59000015258789
2022-09-07,31.559999465942383
2022-09-08,30.479999542236328
2022-09-09,29.229999542236328
2022-09-12,29.809999465942383
2022-09-13,33.18000030517578
2022-09-14,32.56999969482422
2022-09-15,32.650001525878906
2022-09-16,32.83000183105469
2022-09-19,32.36000061035156
2022-09-20,33.29999923706055
2022-09-21,33.869998931884766
2022-09-22,32.91999816894531
2022-09-23,34.880001068115234
2022-09-26,36.93000030517578
2022-09-27,37.150001525878906
2022-09-28,35.5099983215332
2022-09-29,36.90999984741211
2022-09-30,36.61000061035156
2022-10-03,35.560001373291016
2022-10-04,34.41999816894531
2022-10-05,34.33000183105469
2022-10-06,35.84000015258789
2022-10-07,36.86000061035156
2022-10-10,38.56999969482422
2022-10-11,39.380001068115234
2022-10-12,39.5099983215332
2022-10-13,38.27000045776367
2022-10-14,37.75
2022-10-17,37.06999969482422
2022-10-18,36.11000061035156
2022-10-19,36.369998931884766
2022-10-20,35.77000045776367
2022-10-21,35.25
2022-10-24,35.5
2022-10-25,34.13999938964844
2022-10-26,33.279998779296875
2022-10-27,33.81999969482422
2022-10-28,31.86000061035156
2022-10-31,31.15999984741211
2022-11-01,31.989999771118164
2022-11-02,32.099998474121094
2022-11-03,31.790000915527344
2022-11-04,30.86000061035156
2022-11-07,30.84000015258789
2022-11-08,31.530000686645508
2022-11-09,32.4900016784668
2022-11-10,30.350000381469727
2022-11-11,28.96999931335449
2022-11-14,30.020000457763672
2022-11-15,30.299999237060547
2022-11-16,30.049999237060547
2022-11-17,30.020000457763672
2022-11-18,29.25
2022-11-21,29.0
2022-11-22,27.790000915527344
2022-11-23,26.65999984741211
2022-11-25,26.790000915527344
2022-11-28,28.309999465942383
2022-11-29,28.36000061035156
2022-11-30,26.459999084472656
2022-12-01,26.09000015258789
2022-12-02,24.780000686645508
2022-12-05,26.15999984741211
2022-12-06,27.530000686645508
2022-12-07,28.11000061035156
2022-12-08,27.59000015258789
2022-12-09,27.940000534057617
2022-12-12,30.059999465942383
2022-12-13,26.90999984741211
2022-12-14,25.75
2022-12-15,27.34000015258789
2022-12-16,27.32999992370605
2022-12-19,27.40999984741211
2022-12-20,26.64999961853028
2022-12-21,25.14999961853028
2022-12-22,27.350000381469727
2022-12-23,26.32999992370605
2022-12-27,27.780000686645508
2022-12-28,28.3799991607666
2022-12-29,27.36000061035156
2022-12-30,27.600000381469727
2023-01-03,29.11000061035156
2023-01-04,28.36000061035156
2023-01-05,28.809999465942383
2023-01-06,26.959999084472656
2023-01-09,27.86000061035156
2023-01-10,26.940000534057617
2023-01-11,27.34000015258789
2023-01-12,24.76000022888184
2023-01-13,23.81999969482422
2023-01-17,24.75
2023-01-18,25.51000022888184
2023-01-19,25.280000686645508
2023-01-20,24.540000915527344
2023-01-23,24.61000061035156
2023-01-24,24.549999237060547
2023-01-25,24.540000915527344
2023-01-26,25.01000022888184
2023-01-27,24.56999969482422
2023-01-30,26.25
2023-01-31,25.790000915527344
2023-02-01,24.040000915527344
2023-02-02,25.059999465942383
2023-02-03,25.39999961853028
2023-02-06,25.88999938964844
2023-02-07,25.459999084472656
2023-02-08,26.450000762939453
2023-02-09,27.63999938964844
2023-02-10,27.09000015258789
2023-02-13,27.26000022888184
2023-02-14,25.059999465942383
2023-02-15,24.09000015258789
2023-02-16,26.059999465942383
2023-02-17,25.81999969482422
2023-02-21,28.56999969482422
2023-02-22,28.020000457763672
2023-02-23,26.82999992370605
2023-02-24,27.18000030517578
2023-02-27,26.64999961853028
2023-02-28,26.39999961853028
2023-03-01,26.479999542236328
2023-03-02,25.700000762939453
2023-03-03,24.36000061035156
2023-03-06,24.25
2023-03-07,24.64999961853028
2023-03-08,24.07999992370605
2023-03-09,26.549999237060547
2023-03-10,27.940000534057617
2023-03-13,29.38999938964844
2023-03-14,26.71999931335449
2023-03-15,28.690000534057617
2023-03-16,26.6200008392334
2023-03-17,28.350000381469727
2023-03-20,27.549999237060547
2023-03-21,25.68000030517578
2023-03-22,26.600000381469727
2023-03-23,26.559999465942383
2023-03-24,25.780000686645508
2023-03-27,25.06999969482422
2023-03-28,24.5
2023-03-29,23.989999771118164
2023-03-30,23.989999771118164
2023-03-31,23.600000381469727
2023-04-03,23.670000076293945
2023-04-04,24.280000686645508
2023-04-05,24.6200008392334
2023-04-06,23.86000061035156
2023-04-10,24.559999465942383
2023-04-11,24.709999084472656
2023-04-12,24.489999771118164
2023-04-13,23.280000686645508
2023-04-14,22.21999931335449
2023-04-17,21.90999984741211
2023-04-18,21.40999984741211
2023-04-19,21.239999771118164
2023-04-20,21.770000457763672
2023-04-21,21.290000915527344
2023-04-24,21.520000457763672
2023-04-25,22.96999931335449
2023-04-26,22.770000457763672
2023-04-27,21.049999237060547
2023-04-28,20.1200008392334
2023-05-01,20.190000534057617
2023-05-02,21.6299991607666
2023-05-03,22.030000686645508
2023-05-04,23.13999938964844
2023-05-05,20.36000061035156
2023-05-08,20.309999465942383
2023-05-09,20.850000381469727
2023-05-10,19.76000022888184
2023-05-11,19.39999961853028
2023-05-12,19.530000686645508
2023-05-15,19.549999237060547
2023-05-16,19.84000015258789
2023-05-17,19.15999984741211
2023-05-18,19.31999969482422
2023-05-19,19.68000030517578
2023-05-22,19.96999931335449
2023-05-23,20.989999771118164
2023-05-24,22.39999961853028
2023-05-25,21.690000534057617
2023-05-26,22.209999084472656
2023-05-30,22.420000076293945
2023-05-31,22.1200008392334
2023-06-01,20.459999084472656
2023-06-02,19.290000915527344
2023-06-05,19.420000076293945
2023-06-06,18.540000915527344
2023-06-07,19.209999084472656
2023-06-08,18.65999984741211
2023-06-09,18.88999938964844
2023-06-12,20.459999084472656
2023-06-13,20.059999465942383
2023-06-14,19.71999931335449
2023-06-15,20.280000686645508
2023-06-16,19.549999237060547
2023-06-20,19.950000762939453
2023-06-21,19.290000915527344
2023-06-22,18.81999969482422
2023-06-23,19.290000915527344
2023-06-26,20.3700008392334
2023-06-27,20.07999992370605
2023-06-28,20.020000457763672
2023-06-29,19.979999542236328
2023-06-30,19.549999237060547
2023-07-03,19.8700008392334
2023-07-05,19.90999984741211
2023-07-06,21.11000061035156
2023-07-07,20.600000381469727
2023-07-10,21.07999992370605
2023-07-11,20.89999961853028
2023-07-12,19.479999542236328
2023-07-13,19.780000686645508
2023-07-14,19.64999961853028
2023-07-17,19.43000030517578
2023-07-18,19.290000915527344
2023-07-19,19.68000030517578
2023-07-20,20.200000762939453
2023-07-21,19.61000061035156
2023-07-24,19.82999992370605
2023-07-25,19.709999084472656
2023-07-26,18.989999771118164
2023-07-27,19.82999992370605
2023-07-28,18.920000076293945
2023-07-31,19.31999969482422
2023-08-01,19.670000076293945
2023-08-02,22.1299991607666
2023-08-03,22.07999992370605
2023-08-04,22.020000457763672
2023-08-07,20.81999969482422
2023-08-08,21.06999969482422
2023-08-09,21.5
2023-08-10,21.030000686645508
2023-08-11,20.450000762939453
2023-08-14,20.200000762939453
2023-08-15,21.3700008392334
2023-08-16,22.07999992370605
2023-08-17,22.709999084472656
2023-08-18,22.01000022888184
2023-08-21,21.88999938964844
2023-08-22,21.81999969482422
2023-08-23,21.36000061035156
2023-08-24,22.57999992370605
2023-08-25,20.8799991607666
2023-08-28,20.38999938964844
2023-08-29,19.32999992370605
2023-08-30,19.06999969482422
2023-08-31,18.739999771118164
2023-09-01,18.40999984741211
2023-09-05,19.39999961853028
2023-09-06,19.790000915527344
2023-09-07,19.950000762939453
2023-09-08,19.14999961853028
2023-09-11,18.84000015258789
2023-09-12,19.209999084472656
2023-09-13,18.06999969482422
2023-09-14,17.25
2023-09-15,18.690000534057617
2023-09-18,18.959999084472656
2023-09-19,19.209999084472656
2023-09-20,20.459999084472656
2023-09-21,22.479999542236328
2023-09-22,22.01000022888184
2023-09-25,21.64999961853028
2023-09-26,22.8700008392334
2023-09-27,22.34000015258789
2023-09-28,21.530000686645508
2023-09-29,21.280000686645508
2023-10-02,21.51000022888184
2023-10-03,23.770000457763672
2023-10-04,22.68000030517578
2023-10-05,22.76000022888184
2023-10-06,21.40999984741211
2023-10-09,21.81999969482422
2023-10-10,21.1299991607666
2023-10-11,20.15999984741211
2023-10-12,20.6299991607666
2023-10-13,22.75
2023-10-16,21.38999938964844
2023-10-17,21.959999084472656
2023-10-18,23.440000534057617
2023-10-19,24.739999771118164
2023-10-20,25.309999465942383
2023-10-23,23.96999931335449
2023-10-24,22.34000015258789
2023-10-25,24.34000015258789
2023-10-26,24.850000381469727
2023-10-27,24.440000534057617
2023-10-30,23.61000061035156
2023-10-31,22.459999084472656
2023-11-01,20.68000030517578
2023-11-02,19.540000915527344
2023-11-03,18.6200008392334
2023-11-06,18.64999961853028
2023-11-07,18.450000762939453
2023-11-08,18.15999984741211
2023-11-09,19.01000022888184
2023-11-10,17.950000762939453
2023-11-13,18.81999969482422
2023-11-14,17.889999389648438
2023-11-15,18.09000015258789
2023-11-16,17.829999923706055
2023-11-17,17.40999984741211
2023-11-20,17.139999389648438
2023-11-21,17.549999237060547
2023-11-22,16.65999984741211
2023-11-24,16.1200008392334
2023-11-27,16.440000534057617
2023-11-28,16.149999618530273
2023-11-29,16.520000457763672
2023-11-30,16.719999313354492
2023-12-01,16.209999084472656
2023-12-04,17.209999084472656
2023-12-05,16.989999771118164
2023-12-06,17.030000686645508
2023-12-07,17.079999923706055
2023-12-08,15.9399995803833
2023-12-11,16.270000457763672
2023-12-12,15.380000114440918
2023-12-13,15.350000381469728
2023-12-14,15.420000076293944
2023-12-15,15.470000267028809
2023-12-18,15.869999885559082
2023-12-19,15.800000190734863
2023-12-20,16.979999542236328
2023-12-21,17.18000030517578
2023-12-22,16.6200008392334
2023-12-26,17.0
2023-12-27,16.219999313354492
2023-12-28,16.360000610351562
2023-12-29,16.200000762939453
2024-01-02,17.59000015258789
2024-01-03,18.020000457763672
2024-01-04,17.889999389648438
2024-01-05,17.1299991607666
2024-01-08,16.860000610351562
2024-01-09,16.549999237060547
2024-01-10,16.600000381469727
2024-01-11,16.399999618530273
2024-01-12,16.540000915527344
2024-01-16,17.8700008392334
2024-01-17,18.700000762939453
2024-01-18,17.950000762939453
2024-01-19,17.399999618530273
2024-01-22,17.200000762939453
2024-01-23,16.549999237060547
2024-01-24,16.959999084472656
2024-01-25,17.260000228881836
2024-01-26,17.030000686645508
2024-01-29,17.389999389648438
2024-01-30,17.56999969482422
2024-01-31,18.25
2024-02-01,17.329999923706055
2024-02-02,17.219999313354492
2024-02-05,17.56999969482422
2024-02-06,17.309999465942383
2024-02-07,16.940000534057617
2024-02-08,16.959999084472656
2024-02-09,16.860000610351562
2024-02-12,18.09000015258789
2024-02-13,19.489999771118164
2024-02-14,18.26000022888184
2024-02-15,17.850000381469727
2024-02-16,18.600000381469727
2024-02-20,19.780000686645508
2024-02-21,19.600000381469727
2024-02-22,18.38999938964844
2024-02-23,17.700000762939453
2024-02-26,17.829999923706055
2024-02-27,17.579999923706055
2024-02-28,17.860000610351562
2024-02-29,17.209999084472656
2024-03-01,17.200000762939453
2024-03-04,17.600000381469727
2024-03-05,18.459999084472656
2024-03-06,18.540000915527344
2024-03-07,18.61000061035156
2024-03-08,19.040000915527344
2024-03-11,19.3700008392334
2024-03-12,18.1299991607666
2024-03-13,17.90999984741211
2024-03-14,18.61000061035156
2024-03-15,19.25
2024-03-18,19.39999961853028
2024-03-19,18.780000686645508
2024-03-20,17.549999237060547
2024-03-21,17.3799991607666
2024-03-22,17.040000915527344
2024-03-25,17.229999542236328
2024-03-26,17.100000381469727
2024-03-27,16.610000610351562
2024-03-28,16.65999984741211
2024-04-01,17.559999465942383
2024-04-02,18.18000030517578
2024-04-03,18.040000915527344
2024-04-04,19.950000762939453
2024-04-05,19.229999542236328
2024-04-08,18.770000457763672
2024-04-09,18.559999465942383
2024-04-10,18.989999771118164
2024-04-11,18.39999961853028
2024-04-12,20.38999938964844
2024-04-15,22.84000015258789
2024-04-16,22.01000022888184
2024-04-17,22.209999084472656
2024-04-18,21.63999938964844
2024-04-19,22.950000762939453
2024-04-22,21.11000061035156
2024-04-23,19.84000015258789
2024-04-24,20.43000030517578
2024-04-25,20.3700008392334
2024-04-26,19.32999992370605
2024-04-29,19.21999931335449
2024-04-30,18.43000030517578
2024-05-01,19.43000030517578
2024-05-02,18.729999542236328
2024-05-03,17.399999618530273
2024-05-06,17.420000076293945
2024-05-07,16.90999984741211
2024-05-08,16.799999237060547
2024-05-09,16.670000076293945
2024-05-10,16.459999084472656
2024-05-13,17.399999618530273
2024-05-14,17.290000915527344
2024-05-15,16.34000015258789
2024-05-16,16.260000228881836
2024-05-17,15.850000381469728
2024-05-20,15.920000076293944
2024-05-21,15.510000228881836
2024-05-22,16.399999618530273
2024-05-23,16.459999084472656
2024-05-24,15.65999984741211
2024-05-28,16.56999969482422
2024-05-29,17.489999771118164
2024-05-30,17.770000457763672
2024-05-31,16.700000762939453
2024-06-03,16.889999389648438
2024-06-04,16.860000610351562
2024-06-05,16.6299991607666
2024-06-06,16.43000030517578
2024-06-07,15.880000114440918
2024-06-10,16.0
2024-06-11,15.829999923706056
2024-06-12,13.59000015258789
2024-06-13,15.100000381469728
2024-06-14,16.049999237060547
2024-06-17,16.829999923706055
2024-06-18,16.700000762939453
2024-06-20,17.260000228881836
2024-06-21,16.950000762939453
2024-06-24,17.239999771118164
2024-06-25,16.700000762939453
2024-06-26,16.5
2024-06-27,16.290000915527344
2024-06-28,16.239999771118164
2024-07-01,16.079999923706055
2024-07-02,16.06999969482422
2024-07-03,16.280000686645508
2024-07-05,16.760000228881836
2024-07-08,17.030000686645508
2024-07-09,17.020000457763672
2024-07-10,17.280000686645508
2024-07-11,17.920000076293945
2024-07-12,17.260000228881836
2024-07-15,18.350000381469727
2024-07-16,18.350000381469727
2024-07-17,20.459999084472656
2024-07-18,21.26000022888184
2024-07-19,21.51000022888184
2024-07-22,19.96999931335449
2024-07-23,20.020000457763672
2024-07-24,23.059999465942383
2024-07-25,24.11000061035156
2024-07-26,22.40999984741211
2024-07-29,22.82999992370605
2024-07-30,23.940000534057617
2024-07-31,22.290000915527344
2024-08-01,24.709999084472656
2024-08-02,27.709999084472656
2024-08-05,35.099998474121094
2024-08-06,29.200000762939453
2024-08-07,29.020000457763672
2024-08-08,26.8799991607666
2024-08-09,24.940000534057617
2024-08-12,24.93000030517578
2024-08-13,23.26000022888184
2024-08-14,21.190000534057617
2024-08-15,20.280000686645508
2024-08-16,19.940000534057617
2024-08-19,19.93000030517578
2024-08-20,21.11000061035156
2024-08-21,21.21999931335449
2024-08-22,22.82999992370605
2024-08-23,21.11000061035156
2024-08-26,21.56999969482422
2024-08-27,20.90999984741211
2024-08-28,22.57999992370605
2024-08-29,20.57999992370605
2024-08-30,19.290000915527344
2024-09-03,23.59000015258789
2024-09-04,24.200000762939453
2024-09-05,23.540000915527344
2024-09-06,25.63999938964844
2024-09-09,23.920000076293945
2024-09-10,23.6200008392334
2024-09-11,22.15999984741211
2024-09-12,21.729999542236328
2024-09-13,21.280000686645508
2024-09-16,22.51000022888184
2024-09-17,22.690000534057617
2024-09-18,22.709999084472656
2024-09-19,21.09000015258789
2024-09-20,20.350000381469727
2024-09-23,19.540000915527344
2024-09-24,19.25
2024-09-25,19.06999969482422
2024-09-26,19.290000915527344
2024-09-27,20.040000915527344
2024-09-30,20.190000534057617
2024-10-01,21.670000076293945
2024-10-02,21.350000381469727
2024-10-03,22.479999542236328
2024-10-04,21.63999938964844
2024-10-07,24.34000015258789
2024-10-08,23.6200008392334
2024-10-09,23.420000076293945
2024-10-10,23.600000381469727
2024-10-11,23.290000915527344
2024-10-14,23.31999969482422
2024-10-15,24.540000915527344
2024-10-16,23.63999938964844
2024-10-17,22.850000381469727
2024-10-18,21.76000022888184
2024-10-21,21.959999084472656
2024-10-22,22.030000686645508
2024-10-23,22.920000076293945
2024-10-24,22.46999931335449
2024-10-25,23.239999771118164
2024-10-28,22.93000030517578
2024-10-29,22.440000534057617
2024-10-30,23.09000015258789
2024-10-31,24.86000061035156
2024-11-01,23.739999771118164
2024-11-04,23.8799991607666
2024-11-05,22.5
2024-11-06,18.86000061035156
2024-11-07,18.350000381469727
2024-11-08,17.8799991607666
2024-11-11,18.3700008392334
2024-11-12,18.1200008392334
2024-11-13,17.5
2024-11-14,17.700000762939453
2024-11-15,19.82999992370605
2024-11-18,19.770000457763672
2024-11-19,19.989999771118164
2024-11-20,20.850000381469727
2024-11-21,20.209999084472656
2024-11-22,18.56999969482422
2024-11-25,17.59000015258789
2024-11-26,16.799999237060547
2024-11-27,16.68000030517578
2024-11-29,16.06999969482422
2024-12-02,16.1200008392334
2024-12-03,15.760000228881836
2024-12-04,15.6899995803833
2024-12-05,15.6899995803833
2024-12-06,15.149999618530272
2024-12-09,16.549999237060547
2024-12-10,16.540000915527344
2024-12-11,15.880000114440918
2024-12-12,16.360000610351562
2024-12-13,16.610000610351562
2024-12-16,18.440000534057617
2024-12-17,19.440000534057617
2024-12-18,27.6299991607666
2024-12-19,26.32999992370605
2024-12-20,21.489999771118164
2024-12-23,19.030000686645508
2024-12-24,17.030000686645508
2024-12-26,17.530000686645508
2024-12-27,18.540000915527344
2024-12-30,19.790000915527344
2024-12-31,19.920000076293945
2025-01-02,20.5
2025-01-03,19.1200008392334
2025-01-06,19.0
2025-01-07,20.729999542236328
2025-01-08,20.690000534057617
2025-01-10,21.729999542236328
2025-01-13,21.799999237060547
2025-01-14,21.450000762939453
2025-01-15,19.290000915527344
2025-01-16,19.61000061035156
2025-01-17,18.959999084472656
2025-01-21,18.63999938964844
2025-01-22,18.68000030517578
2025-01-23,18.3799991607666
2025-01-24,18.21999931335449
2025-01-27,21.61000061035156
2025-01-28,20.309999465942383
2025-01-29,20.600000381469727
2025-01-30,19.799999237060547
2025-01-31,20.11000061035156
2025-02-03,21.280000686645508
2025-02-04,20.030000686645508
2025-02-05,19.18000030517578
2025-02-06,18.57999992370605
2025-02-07,19.18000030517578
2025-02-10,18.84000015258789
2025-02-11,18.770000457763672
2025-02-12,18.690000534057617
2025-02-13,18.40999984741211
2025-02-14,18.030000686645508
2025-02-18,19.229999542236328
2025-02-19,19.0
2025-02-20,18.89999961853028
2025-02-21,20.959999084472656
2025-02-24,21.459999084472656
2025-02-25,21.979999542236328
2025-02-26,21.940000534057617
2025-02-27,24.09000015258789
2025-02-28,22.65999984741211
2025-03-03,24.959999084472656
2025-03-04,25.21999931335449
2025-03-05,24.26000022888184
2025-03-06,26.229999542236328
2025-03-07,25.549999237060547
2025-03-10,28.84000015258789
2025-03-11,28.700000762939453
2025-03-12,26.81999969482422
2025-03-13,27.57999992370605
2025-03-14,25.790000915527344
2025-03-17,25.040000915527344
2025-03-18,25.850000381469727
2025-03-19,23.6200008392334
2025-03-20,23.3799991607666
2025-03-21,22.920000076293945
2025-03-24,21.270000457763672
2025-03-25,20.56999969482422
2025-03-26,22.040000915527344
2025-03-27,22.40999984741211
2025-03-28,25.059999465942383
2025-03-31,25.3700008392334
2025-04-01,24.799999237060547
2025-04-02,23.64999961853028
2025-04-03,30.56999969482422
2025-04-04,37.650001525878906
2025-04-07,38.63999938964844
2025-04-08,39.560001373291016
2025-04-09,34.79999923706055
2025-04-10,43.25
2025-04-11,39.95000076293945
2025-04-14,34.33000183105469
2025-04-15,32.709999084472656
2025-04-16,35.380001068115234
2025-04-17,32.83000183105469
2025-04-21,36.869998931884766
2025-04-22,33.97999954223633
2025-04-23,31.82999992370605
2025-04-24,29.959999084472656
2025-04-25,28.3700008392334
2025-04-28,28.540000915527344
2025-04-29,27.600000381469727
2025-04-30,27.799999237060547
2025-05-01,27.690000534057617
2025-05-02,25.729999542236328
2025-05-05,26.540000915527344
2025-05-06,27.11000061035156
2025-05-07,26.489999771118164
2025-05-08,25.96999931335449
2025-05-09,25.5
2025-05-12,22.280000686645508
2025-05-13,22.280000686645508
2025-05-14,22.65999984741211
2025-05-15,21.88999938964844
2025-05-16,21.200000762939453
2025-05-19,21.950000762939453
2025-05-20,22.06999969482422
2025-05-21,24.200000762939453
2025-05-22,23.6299991607666
2025-05-23,25.290000915527344
2025-05-27,22.31999969482422
2025-05-28,22.76000022888184
2025-05-29,21.799999237060547
2025-05-30,20.8700008392334
2025-06-02,19.43000030517578
2025-06-03,18.739999771118164
2025-06-04,19.01000022888184
2025-06-05,21.479999542236328
2025-06-06,19.809999465942383
2025-06-09,20.170000076293945
2025-06-10,19.81999969482422
2025-06-11,20.3799991607666
2025-06-12,20.690000534057617
2025-06-13,22.40999984741211
2025-06-16,21.09000015258789
2025-06-17,23.309999465942383
2025-06-18,22.13999938964844
2025-06-20,22.229999542236328
2025-06-23,21.14999961853028
2025-06-24,19.459999084472656
2025-06-25,19.0
2025-06-26,18.989999771118164
2025-06-27,18.88999938964844
2025-06-30,19.559999465942383
2025-07-01,19.8799991607666
2025-07-02,19.739999771118164
2025-07-03,19.46999931335449
2025-07-07,20.68000030517578
2025-07-08,19.530000686645508
2025-07-09,18.709999084472656
2025-07-10,18.76000022888184
2025-07-11,19.040000915527344
2025-07-14,19.780000686645508
2025-07-15,19.739999771118164
2025-07-16,19.540000915527344
2025-07-17,18.670000076293945
2025-07-18,18.61000061035156
2025-07-21,18.709999084472656
2025-07-22,18.950000762939453
2025-07-23,17.940000534057617
2025-07-24,17.719999313354492
2025-07-25,17.15999984741211
2025-07-28,17.270000457763672
2025-07-29,18.209999084472656
2025-07-30,17.31999969482422
2025-07-31,19.229999542236328
2025-08-01,21.540000915527344
2025-08-04,19.239999771118164
2025-08-05,19.8700008392334
2025-08-06,18.770000457763672
2025-08-07,18.81999969482422
2025-08-08,17.290000915527344
2025-08-11,18.170000076293945
2025-08-12,16.84000015258789
2025-08-13,16.729999542236328
2025-08-14,17.079999923706055
2025-08-15,17.5
2025-08-18,17.75
2025-08-19,19.38999938964844
2025-08-20,20.0
2025-08-21,20.549999237060547
2025-08-22,18.059999465942383
2025-08-25,18.420000076293945
2025-08-26,18.190000534057617
2025-08-27,18.690000534057617
2025-08-28,17.6200008392334
2025-08-29,19.11000061035156
2025-09-02,20.36000061035156
2025-09-03,19.690000534057617
2025-09-04,18.790000915527344
2025-09-05,18.440000534057617
2025-09-08,18.350000381469727
2025-09-09,18.21999931335449
2025-09-10,18.6200008392334
2025-09-11,18.229999542236328
2025-09-12,18.18000030517578
2025-09-15,19.1200008392334
2025-09-16,19.56999969482422
2025-09-17,19.020000457763672
2025-09-18,18.86000061035156
2025-09-19,18.739999771118164
2025-09-22,19.420000076293945
2025-09-23,20.1299991607666
2025-09-24,19.93000030517578
2025-09-25,20.540000915527344
2025-09-26,19.32999992370605
2025-09-29,19.8700008392334
2025-09-30,20.0
2025-10-01,19.8700008392334
2025-10-02,20.01000022888184
2025-10-03,20.07999992370605
2025-10-06,20.39999961853028
2025-10-07,20.81999969482422
2025-10-08,20.020000457763672
2025-10-09,20.040000915527344
2025-10-10,25.229999542236328
2025-10-13,22.799999237060547
2025-10-14,24.280000686645508
2025-10-15,24.420000076293945
2025-10-16,28.26000022888184
2025-10-17,24.96999931335449
2025-10-20,22.63999938964844
2025-10-21,22.59000015258789
2025-10-22,23.299999237060547
2025-10-23,21.71999931335449
2025-10-24,20.61000061035156
2025-10-27,20.5
2025-10-28,21.309999465942383
2025-10-29,21.76000022888184
2025-10-30,21.65999984741211
2025-10-31,21.989999771118164
2025-11-03,21.729999542236328
2025-11-04,23.299999237060547
2025-11-05,22.600000381469727
2025-11-06,24.63999938964844
2025-11-07,24.57999992370605
2025-11-10,22.6200008392334
2025-11-11,22.670000076293945
2025-11-12,23.059999465942383
2025-11-13,25.8799991607666
2025-11-14,26.14999961853028
2025-11-17,28.15999984741211
2025-11-18,30.51000022888184
2025-11-19,29.299999237060547
2025-11-20,32.720001220703125
2025-11-21,28.950000762939453
2025-11-24,25.56999969482422
2025-11-25,23.670000076293945
2025-11-26,22.26000022888184
2025-11-28,21.170000076293945
2025-12-01,22.059999465942383
2025-12-02,21.280000686645508
2025-12-03,20.64999961853028
2025-12-04,20.190000534057617
2025-12-05,19.6200008392334
2025-12-08,20.75
2025-12-09,20.76000022888184
2025-12-10,19.670000076293945
2025-12-11,18.39999961853028
2025-12-12,20.6200008392334
2025-12-15,20.709999084472656
2025-12-16,20.190000534057617
2025-12-17,21.780000686645508
2025-12-18,20.71999931335449
2025-12-19,18.520000457763672
2025-12-22,17.850000381469727
2025-12-23,17.469999313354492
2025-12-24,17.200000762939453
2025-12-26,17.3799991607666
2025-12-29,18.38999938964844
2025-12-30,18.950000762939453
2025-12-31,19.559999465942383
2026-01-02,19.75
2026-01-05,20.01000022888184
2026-01-06,19.530000686645508
2026-01-07,20.030000686645508
2026-01-08,20.14999961853028
2026-01-09,19.059999465942383
2026-01-12,19.530000686645508
2026-01-13,20.049999237060547
2026-01-14,20.959999084472656
2026-01-15,20.200000762939453
2026-01-16,20.290000915527344
2026-01-20,24.26000022888184
2026-01-21,21.190000534057617
2026-01-22,20.07999992370605
2026-01-23,20.3700008392334
2026-01-26,20.43000030517578
2026-01-27,20.549999237060547
2026-01-28,20.3700008392334
2026-01-29,21.440000534057617
2026-01-30,22.520000457763672
2026-02-02,21.229999542236328
2026-02-03,23.450000762939453
2026-02-04,26.01000022888184
2026-02-05,29.190000534057617
2026-02-06,24.299999237060547
2026-02-09,23.420000076293945
2026-02-10,23.459999084472656
2026-02-11,23.26000022888184
2026-02-12,26.8700008392334
2026-02-13,26.3700008392334
2026-02-17,25.979999542236328
2026-02-18,24.959999084472656
2026-02-19,25.63999938964844
2026-02-20,24.229999542236328
2026-02-23,26.36000061035156
2026-02-24,24.81999969482422
2026-02-25,22.940000534057617
2026-02-26,23.61000061035156
2026-02-27,24.520000457763672
2026-03-02,25.39999961853028
2026-03-03,27.51000022888184
2026-03-04,24.8700008392334
2026-03-05,26.0
2026-03-06,31.440000534057617
2026-03-09,27.690000534057617
2026-03-10,27.32999992370605
2026-03-11,26.81999969482422
2026-03-12,29.82999992370605
2026-03-13,29.8700008392334
2026-03-16,26.31999969482422
2026-03-17,24.65999984741211
2026-03-18,27.71999931335449
2026-03-19,26.89999961853028
2026-03-20,29.200000762939453
2026-03-23,27.979999542236328
2026-03-24,28.739999771118164
2026-03-25,27.64999961853028
2026-03-26,29.86000061035156
2026-03-27,33.540000915527344
2026-03-30,33.2599983215332
2026-03-31,28.239999771118164
2026-04-01,27.559999465942383
2026-04-02,27.040000915527344
2026-04-06,27.38999938964844
2026-04-07,28.43000030517578
2026-04-08,25.239999771118164
2026-04-09,23.5
2026-04-10,23.09000015258789
2026-04-13,22.190000534057617
2026-04-14,21.799999237060547
2026-04-15,22.25
2026-04-16,22.18000030517578
2026-04-17,21.56999969482422
2026-04-20,22.93000030517578
2026-04-21,23.799999237060547
2026-04-22,23.57999992370605
2026-04-23,23.31999969482422
2026-04-24,23.3799991607666
2026-04-27,23.07999992370605
2026-04-28,23.239999771118164
2026-04-29,23.76000022888184
2026-04-30,21.790000915527344
2026-05-01,21.920000076293945
2026-05-04,23.040000915527344
2026-05-05,22.459999084472656
2026-05-06,23.57999992370605
2026-05-07,23.14999961853028
2026-05-08,23.76000022888184
2026-05-11,24.739999771118164
2026-05-12,24.1299991607666
2026-05-13,24.59000015258789
2026-05-14,24.07999992370605
2026-05-15,25.32999992370605
2026-05-18,24.209999084472656
2026-05-19,24.09000015258789
2026-05-20,23.709999084472656
2026-05-21,22.739999771118164
2026-05-22,22.81999969482422
2026-05-26,23.89999961853028
2026-05-27,23.38999938964844
2026-05-28,22.920000076293945
2026-05-29,22.57999992370605
2026-06-01,23.18000030517578
2026-06-02,23.270000457763672
2026-06-03,23.84000015258789
2026-06-04,23.21999931335449
2026-06-05,30.46999931335449
2026-06-08,27.1200008392334
