level_id,session_date,year,side,entry_time,exit_time,entry_price,tp_dist,sl_dist,pnl_pts,r_multiple,exit_reason,hold_minutes
19_lower,2018-01-30,2018,lower,2018-01-30 03:52:00+00:00,2018-01-29 23:14:00-05:00,6956.366742923148,23.75,29.75,-29.75,-1.0,SL,22
18_lower,2018-01-30,2018,lower,2018-01-30 15:05:00+00:00,2018-01-30 10:27:00-05:00,6909.722612509674,24.75,31.25,24.75,0.792,TP,22
25_upper,2018-02-07,2018,upper,2018-02-07 15:08:00+00:00,2018-02-07 15:59:00-05:00,6684.944584107352,107.25,83.75,105.44458410735206,1.2590398102370395,cutoff,351
27_lower,2018-02-08,2018,lower,2018-02-08 15:54:00+00:00,2018-02-08 12:26:00-05:00,6489.755992857791,51.5,50.75,-50.75,-1.0,SL,92
28_upper,2018-02-12,2018,upper,2018-02-12 14:44:00+00:00,2018-02-12 10:25:00-05:00,6513.528021066135,75.5,65.25,75.5,1.157088122605364,TP,41
32_lower,2018-03-02,2018,lower,2018-03-02 14:44:00+00:00,2018-03-02 10:42:00-05:00,6655.008211491266,68.75,61.75,68.75,1.1133603238866396,TP,58
42_upper,2018-03-08,2018,upper,2018-03-08 14:08:00+00:00,2018-03-08 13:28:00-05:00,6967.241668711537,35.75,35.75,35.75,1.0,TP,260
45_upper,2018-03-09,2018,upper,2018-03-09 00:00:00+00:00,2018-03-09 08:30:00-05:00,7000.75,19.25,23.75,-23.75,-1.0,SL,810
49_upper,2018-03-13,2018,upper,2018-03-13 13:42:00+00:00,2018-03-13 10:18:00-04:00,7211.202029295153,25.0,30.5,3.050000000000182,0.10000000000000596,LOCK,36
51_lower,2018-03-15,2018,lower,2018-03-15 01:10:00+00:00,2018-03-14 22:37:00-04:00,7027.927462033644,30.5,36.0,30.5,0.8472222222222222,TP,87
58_upper,2018-03-27,2018,upper,2018-03-27 00:01:00+00:00,2018-03-27 05:56:00-04:00,6796.040408190775,60.75,51.5,-51.5,-1.0,SL,595
68_upper,2018-04-10,2018,upper,2018-04-10 02:42:00+00:00,2018-04-10 02:27:00-04:00,6618.015361193202,54.5,54.5,5.449999999999818,0.09999999999999666,LOCK,225
69_upper,2018-04-12,2018,upper,2018-04-12 13:59:00+00:00,2018-04-12 13:27:00-04:00,6674.120573515432,28.0,30.75,28.0,0.9105691056910569,TP,208
72_upper,2018-04-17,2018,upper,2018-04-17 14:54:00+00:00,2018-04-17 12:14:00-04:00,6791.429923534902,23.0,27.75,-27.75,-1.0,SL,80
78_lower,2018-04-24,2018,lower,2018-04-24 14:24:00+00:00,2018-04-24 11:05:00-04:00,6615.554947578565,32.75,37.5,-37.5,-1.0,SL,41
80_upper,2018-04-26,2018,upper,2018-04-26 14:04:00+00:00,2018-04-26 13:35:00-04:00,6618.426920574853,43.5,45.0,-45.0,-1.0,SL,211
86_upper,2018-05-04,2018,upper,2018-05-04 14:25:00+00:00,2018-05-04 10:43:00-04:00,6692.836225843241,39.0,42.5,-42.5,-1.0,SL,18
92_lower,2018-05-15,2018,lower,2018-05-15 13:32:00+00:00,2018-05-15 09:55:00-04:00,6900.775300909188,26.25,31.75,-31.75,-1.0,SL,23
95_upper,2018-05-17,2018,upper,2018-05-17 14:57:00+00:00,2018-05-17 11:52:00-04:00,6960.568010688974,23.0,28.5,23.0,0.8070175438596491,TP,55
98_lower,2018-05-23,2018,lower,2018-05-23 01:51:00+00:00,2018-05-23 03:30:00-04:00,6878.121273342689,27.25,32.25,-32.25,-1.0,SL,339
106_upper,2018-06-01,2018,upper,2018-06-01 13:55:00+00:00,2018-06-01 10:50:00-04:00,7034.913711385827,24.75,29.0,-29.0,-1.0,SL,55
112_upper,2018-06-11,2018,upper,2018-06-11 13:46:00+00:00,2018-06-11 10:41:00-04:00,7194.487916844135,22.5,25.75,22.5,0.8737864077669902,TP,55
111_upper,2018-06-13,2018,upper,2018-06-13 14:20:00+00:00,2018-06-13 14:06:00-04:00,7269.677208812118,19.0,24.25,19.0,0.7835051546391752,TP,226
115_upper,2018-06-14,2018,upper,2018-06-14 14:20:00+00:00,2018-06-14 11:00:00-04:00,7303.289655676041,24.5,30.25,24.5,0.8099173553719008,TP,40
116_lower,2018-06-19,2018,lower,2018-06-19 01:55:00+00:00,2018-06-19 03:08:00-04:00,7207.821104982877,36.5,38.25,-38.25,-1.0,SL,313
114_lower,2018-06-19,2018,lower,2018-06-19 14:30:00+00:00,2018-06-19 10:47:00-04:00,7161.698294926542,29.5,34.75,29.5,0.8489208633093526,TP,17
120_lower,2018-06-21,2018,lower,2018-06-21 14:22:00+00:00,2018-06-21 10:57:00-04:00,7237.780430387864,33.0,37.0,33.0,0.8918918918918919,TP,35
121_lower,2018-06-22,2018,lower,2018-06-22 14:34:00+00:00,2018-06-22 12:16:00-04:00,7198.555087663368,42.0,44.25,42.0,0.9491525423728814,TP,102
113_lower,2018-06-25,2018,lower,2018-06-25 13:39:00+00:00,2018-06-25 10:11:00-04:00,7127.38217917601,26.75,30.25,-30.25,-1.0,SL,32
112_lower,2018-06-25,2018,lower,2018-06-25 14:12:00+00:00,2018-06-25 11:24:00-04:00,7092.637083155865,27.5,34.5,-34.5,-1.0,SL,72
126_upper,2018-06-29,2018,upper,2018-06-29 02:36:00+00:00,2018-06-29 10:01:00-04:00,7076.796525590399,36.25,38.25,-38.25,-1.0,SL,685
124_upper,2018-07-06,2018,upper,2018-07-06 14:12:00+00:00,2018-07-06 11:35:00-04:00,7169.8256782714725,31.25,35.75,-35.75,-1.0,SL,83
135_upper,2018-07-12,2018,upper,2018-07-12 14:07:00+00:00,2018-07-12 11:57:00-04:00,7328.303579632185,24.25,29.75,-29.75,-1.0,SL,110
140_lower,2018-07-23,2018,lower,2018-07-23 01:00:00+00:00,2018-07-23 09:38:00-04:00,7346.6858821268015,19.5,25.0,-25.0,-1.0,SL,758
141_lower,2018-07-23,2018,lower,2018-07-23 13:40:00+00:00,2018-07-23 10:00:00-04:00,7317.598652863049,17.75,22.25,17.75,0.797752808988764,TP,20
136_lower,2018-07-30,2018,lower,2018-07-30 13:44:00+00:00,2018-07-30 12:48:00-04:00,7226.908261951898,57.25,52.0,-52.0,-1.0,SL,184
146_upper,2018-08-07,2018,upper,2018-08-07 13:35:00+00:00,2018-08-07 09:48:00-04:00,7482.682503501307,16.5,20.5,16.5,0.8048780487804879,TP,13
154_lower,2018-08-10,2018,lower,2018-08-10 14:04:00+00:00,2018-08-10 10:10:00-04:00,7413.1515343948895,16.5,23.0,16.5,0.717391304347826,TP,6
157_lower,2018-08-15,2018,lower,2018-08-15 14:00:00+00:00,2018-08-15 10:05:00-04:00,7372.920652415312,23.5,30.25,-30.25,-1.0,SL,5
152_lower,2018-08-15,2018,lower,2018-08-15 14:29:00+00:00,2018-08-15 10:39:00-04:00,7324.042209470524,23.5,30.25,23.5,0.7768595041322314,TP,10
164_lower,2018-08-22,2018,lower,2018-08-21 23:14:00+00:00,2018-08-21 23:39:00-04:00,7352.896833553673,34.0,37.25,34.0,0.912751677852349,TP,265
165_upper,2018-08-23,2018,upper,2018-08-23 13:42:00+00:00,2018-08-23 11:18:00-04:00,7452.447510363063,21.0,24.75,21.0,0.8484848484848485,TP,96
157_upper,2018-08-24,2018,upper,2018-08-24 14:35:00+00:00,2018-08-24 15:59:00-04:00,7480.329347584688,18.5,24.25,-12.670652415312361,-0.5225011305283448,cutoff,324
168_upper,2018-08-29,2018,upper,2018-08-29 02:28:00+00:00,2018-08-29 05:39:00-04:00,7599.9516883498845,9.75,14.5,9.75,0.6724137931034483,TP,431
169_upper,2018-08-29,2018,upper,2018-08-29 14:41:00+00:00,2018-08-29 11:28:00-04:00,7634.351839522623,12.25,18.75,-18.75,-1.0,SL,47
171_lower,2018-09-04,2018,lower,2018-09-04 13:39:00+00:00,2018-09-04 09:42:00-04:00,7604.500703523443,12.0,17.75,-17.75,-1.0,SL,3
174_lower,2018-09-05,2018,lower,2018-09-05 14:01:00+00:00,2018-09-05 10:35:00-04:00,7549.8898326392355,35.0,40.25,-40.25,-1.0,SL,34
168_lower,2018-09-06,2018,lower,2018-09-06 14:12:00+00:00,2018-09-06 11:07:00-04:00,7472.1733116501155,46.5,48.75,-48.75,-1.0,SL,55
167_lower,2018-09-07,2018,lower,2018-09-07 13:00:00+00:00,2018-09-07 09:53:00-04:00,7401.824362995334,60.0,58.75,60.0,1.0212765957446808,TP,53
178_upper,2018-09-13,2018,upper,2018-09-13 13:32:00+00:00,2018-09-13 15:59:00-04:00,7547.622652900693,46.25,45.5,-16.12734709930737,-0.3544471889957664,cutoff,387
182_lower,2018-09-17,2018,lower,2018-09-17 13:36:00+00:00,2018-09-17 10:01:00-04:00,7544.14004620946,24.5,27.75,-27.75,-1.0,SL,25
184_upper,2018-09-20,2018,upper,2018-09-20 13:43:00+00:00,2018-09-20 15:59:00-04:00,7584.795092564204,30.0,32.75,-16.204907435795576,-0.4948063339174222,cutoff,376
186_lower,2018-09-24,2018,lower,2018-09-24 13:31:00+00:00,2018-09-24 09:55:00-04:00,7499.12113621541,24.75,28.5,24.75,0.868421052631579,TP,24
174_upper,2018-10-01,2018,upper,2018-10-01 02:23:00+00:00,2018-10-01 10:05:00-04:00,7704.8601673607645,17.0,21.75,-21.75,-1.0,SL,702
195_lower,2018-10-04,2018,lower,2018-10-04 01:36:00+00:00,2018-10-04 09:37:00-04:00,7629.524241982807,24.0,28.5,-28.5,-1.0,SL,721
194_lower,2018-10-04,2018,lower,2018-10-04 13:40:00+00:00,2018-10-04 10:16:00-04:00,7588.947492919474,22.0,26.75,-26.75,-1.0,SL,36
191_lower,2018-10-04,2018,lower,2018-10-04 14:20:00+00:00,2018-10-04 11:33:00-04:00,7560.755566578939,21.0,28.5,-28.5,-1.0,SL,73
198_lower,2018-10-10,2018,lower,2018-10-10 13:50:00+00:00,2018-10-10 10:03:00-04:00,7286.224538054712,45.75,45.5,-45.5,-1.0,SL,13
203_lower,2018-10-23,2018,lower,2018-10-23 13:30:00+00:00,2018-10-23 09:34:00-04:00,7000.761047057629,49.75,49.25,4.925000000000182,0.1000000000000037,LOCK,4
217_lower,2018-11-05,2018,lower,2018-11-05 14:44:00+00:00,2018-11-05 15:59:00-05:00,6903.866612075746,56.75,49.25,39.13338792425384,0.7945865568376413,cutoff,375
220_lower,2018-11-12,2018,lower,2018-11-12 14:32:00+00:00,2018-11-12 09:51:00-05:00,6976.819470200613,54.0,50.75,-50.75,-1.0,SL,19
218_lower,2018-11-13,2018,lower,2018-11-13 00:44:00+00:00,2018-11-12 23:22:00-05:00,6806.870238905744,71.25,62.0,71.25,1.1491935483870968,TP,218
227_lower,2018-11-19,2018,lower,2018-11-19 15:34:00+00:00,2018-11-19 10:50:00-05:00,6729.6333303671845,31.25,37.0,31.25,0.8445945945945946,TP,16
229_upper,2018-11-21,2018,upper,2018-11-21 14:31:00+00:00,2018-11-21 09:51:00-05:00,6638.488855974993,58.25,52.25,58.25,1.1148325358851674,TP,20
232_upper,2018-11-26,2018,upper,2018-11-26 14:59:00+00:00,2018-11-26 10:50:00-05:00,6655.437697558632,27.5,30.25,27.5,0.9090909090909091,TP,51
245_lower,2018-12-14,2018,lower,2018-12-14 02:06:00+00:00,2018-12-14 11:12:00-05:00,6708.7658878650445,36.0,38.25,3.824999999999818,0.09999999999999525,LOCK,846
234_lower,2018-12-17,2018,lower,2018-12-17 14:53:00+00:00,2018-12-17 10:11:00-05:00,6528.160513975401,43.75,42.75,43.75,1.023391812865497,TP,18
515_upper,2020-01-07,2020,upper,2020-01-07 02:23:00+00:00,2020-01-07 10:58:00-05:00,8881.00840595395,49.5,47.25,4.725000000000364,0.1000000000000077,LOCK,815
515_lower,2020-01-08,2020,lower,2020-01-08 00:32:00+00:00,2020-01-07 20:41:00-05:00,8696.61659404605,45.0,51.0,45.0,0.8823529411764706,TP,69
526_lower,2020-01-21,2020,lower,2020-01-21 02:35:00+00:00,2020-01-21 02:31:00-05:00,9121.972242453598,14.25,20.5,14.25,0.6951219512195121,TP,296
528_lower,2020-01-23,2020,lower,2020-01-23 14:35:00+00:00,2020-01-23 09:58:00-05:00,9157.475099792831,29.0,33.0,29.0,0.8787878787878788,TP,23
519_lower,2020-01-27,2020,lower,2020-01-27 14:30:00+00:00,2020-01-27 12:16:00-05:00,8937.7482854863,60.0,57.0,60.0,1.0526315789473684,TP,166
531_upper,2020-01-28,2020,upper,2020-01-28 15:25:00+00:00,2020-01-28 12:13:00-05:00,9053.02925865888,43.5,45.0,-45.0,-1.0,SL,108
535_upper,2020-02-04,2020,upper,2020-02-04 15:40:00+00:00,2020-02-04 14:07:00-05:00,9289.789046206855,51.5,49.75,-49.75,-1.0,SL,207
538_upper,2020-02-11,2020,upper,2020-02-11 01:45:00+00:00,2020-02-11 15:15:00-05:00,9567.69569543655,57.75,53.0,57.75,1.0896226415094339,TP,1110
543_upper,2020-02-17,2020,upper,2020-02-17 01:47:00+00:00,2020-02-17 12:59:00-05:00,9673.03187706804,22.5,27.25,6.531877068040558,0.23970191075378194,cutoff,972
545_upper,2020-02-19,2020,upper,2020-02-19 14:36:00+00:00,2020-02-19 12:46:00-05:00,9706.908512159982,30.0,32.5,-32.5,-1.0,SL,190
543_lower,2020-02-21,2020,lower,2020-02-21 14:49:00+00:00,2020-02-21 10:39:00-05:00,9489.09312293196,61.25,54.25,5.424999999999272,0.09999999999998659,LOCK,50
541_lower,2020-02-24,2020,lower,2020-02-24 02:27:00+00:00,2020-02-24 03:09:00-05:00,9281.154486973352,56.0,50.5,-50.5,-1.0,SL,342
553_lower,2020-02-27,2020,lower,2020-02-27 03:58:00+00:00,2020-02-27 04:32:00-05:00,8724.757467992544,112.75,88.25,112.75,1.2776203966005666,TP,334
555_upper,2020-03-02,2020,upper,2020-03-02 01:31:00+00:00,2020-03-01 21:49:00-05:00,8455.361761076416,100.75,84.5,-84.5,-1.0,SL,78
559_lower,2020-03-06,2020,lower,2020-03-06 03:53:00+00:00,2020-03-06 04:56:00-05:00,8551.275749585217,96.5,75.5,-75.5,-1.0,SL,363
565_lower,2020-03-16,2020,lower,2020-03-16 13:45:00+00:00,2020-03-16 13:45:00+00:00,7253.384297299514,105.5,60.0,-60.0,-1.0,SL,0
575_upper,2020-03-31,2020,upper,2020-03-31 00:01:00+00:00,2020-03-31 02:28:00-04:00,7888.718408387388,82.5,63.75,6.375,0.1,LOCK,387
578_lower,2020-04-02,2020,lower,2020-04-02 13:14:00+00:00,2020-04-02 09:34:00-04:00,7388.1058233536705,106.75,90.0,106.75,1.1861111111111111,TP,20
579_upper,2020-04-06,2020,upper,2020-04-06 00:17:00+00:00,2020-04-05 20:31:00-04:00,7703.231612359354,57.0,52.75,-52.75,-1.0,SL,14
580_upper,2020-04-06,2020,upper,2020-04-06 00:35:00+00:00,2020-04-05 22:32:00-04:00,7808.464622827671,57.0,55.75,57.0,1.0224215246636772,TP,117
583_upper,2020-04-09,2020,upper,2020-04-09 13:43:00+00:00,2020-04-09 10:09:00-04:00,8316.921889912834,90.75,77.5,90.75,1.1709677419354838,TP,26
585_upper,2020-04-14,2020,upper,2020-04-14 01:33:00+00:00,2020-04-13 21:54:00-04:00,8377.974427210953,69.75,61.5,-61.5,-1.0,SL,21
582_upper,2020-04-14,2020,upper,2020-04-14 13:34:00+00:00,2020-04-14 09:50:00-04:00,8503.366634118818,69.0,59.25,-59.25,-1.0,SL,16
587_upper,2020-04-16,2020,upper,2020-04-16 14:58:00+00:00,2020-04-16 11:29:00-04:00,8708.551354323605,58.5,56.75,-56.75,-1.0,SL,31
589_lower,2020-04-21,2020,lower,2020-04-21 02:38:00+00:00,2020-04-20 23:44:00-04:00,8627.887119112991,48.25,51.25,5.125,0.1,LOCK,66
590_lower,2020-04-21,2020,lower,2020-04-21 13:37:00+00:00,2020-04-21 09:45:00-04:00,8582.137175759435,48.75,48.75,-48.75,-1.0,SL,8
588_lower,2020-04-21,2020,lower,2020-04-21 14:49:00+00:00,2020-04-21 10:57:00-04:00,8458.051185239154,47.5,50.0,-50.0,-1.0,SL,8
592_upper,2020-04-23,2020,upper,2020-04-23 14:23:00+00:00,2020-04-23 12:45:00-04:00,8752.552576739732,71.75,65.25,71.75,1.0996168582375478,TP,142
594_upper,2020-04-27,2020,upper,2020-04-27 02:06:00+00:00,2020-04-27 00:48:00-04:00,8823.787808365498,70.0,60.5,-60.5,-1.0,SL,162
595_lower,2020-04-28,2020,lower,2020-04-28 14:58:00+00:00,2020-04-28 11:33:00-04:00,8698.205896333413,47.0,49.75,47.0,0.9447236180904522,TP,35
598_upper,2020-05-08,2020,upper,2020-05-08 00:00:00+00:00,2020-05-07 22:22:00-04:00,9157.354943061791,55.75,52.5,-52.5,-1.0,SL,142
603_upper,2020-05-11,2020,upper,2020-05-10 23:33:00+00:00,2020-05-11 05:01:00-04:00,9243.358037197811,40.75,42.0,40.75,0.9702380952380952,TP,568
605_lower,2020-05-13,2020,lower,2020-05-12 23:45:00+00:00,2020-05-13 00:51:00-04:00,9008.407743009884,91.5,72.0,91.5,1.2708333333333333,TP,306
609_upper,2020-05-18,2020,upper,2020-05-17 23:04:00+00:00,2020-05-18 04:01:00-04:00,9169.976526088944,62.75,59.0,-59.0,-1.0,SL,537
607_upper,2020-05-18,2020,upper,2020-05-18 14:59:00+00:00,2020-05-18 15:59:00-04:00,9331.220279581725,61.0,57.5,11.220279581724753,0.19513529707347396,cutoff,300
613_lower,2020-05-22,2020,lower,2020-05-22 02:54:00+00:00,2020-05-22 01:29:00-04:00,9317.39740577974,49.75,50.25,-50.25,-1.0,SL,155
612_upper,2020-05-26,2020,upper,2020-05-26 03:54:00+00:00,2020-05-26 09:22:00-04:00,9572.289936151348,42.25,40.75,4.075000000000728,0.10000000000001785,LOCK,568
614_lower,2020-05-27,2020,lower,2020-05-27 14:46:00+00:00,2020-05-27 11:38:00-04:00,9202.02640409524,69.75,64.5,6.450000000000728,0.10000000000001127,LOCK,52
616_upper,2020-06-03,2020,upper,2020-06-03 14:01:00+00:00,2020-06-03 12:08:00-04:00,9702.493545767027,46.0,47.25,46.0,0.9735449735449735,TP,127
621_upper,2020-06-04,2020,upper,2020-06-04 13:50:00+00:00,2020-06-04 11:06:00-04:00,9728.37040825345,30.25,35.0,30.25,0.8642857142857143,TP,76
625_upper,2020-06-09,2020,upper,2020-06-09 14:45:00+00:00,2020-06-09 13:23:00-04:00,9943.600120332674,44.0,45.25,-45.25,-1.0,SL,158
633_upper,2020-06-19,2020,upper,2020-06-19 13:28:00+00:00,2020-06-19 09:51:00-04:00,10112.11935459612,48.5,47.0,4.700000000000728,0.10000000000001548,LOCK,23
634_upper,2020-06-23,2020,upper,2020-06-23 14:42:00+00:00,2020-06-23 13:40:00-04:00,10230.51639084718,69.25,62.0,-62.0,-1.0,SL,178
638_lower,2020-06-29,2020,lower,2020-06-29 13:41:00+00:00,2020-06-29 10:13:00-04:00,9758.955832485262,74.25,61.75,74.25,1.2024291497975708,TP,32
642_upper,2020-07-06,2020,upper,2020-07-06 14:00:00+00:00,2020-07-06 10:48:00-04:00,10530.716111433376,23.75,30.25,-30.25,-1.0,SL,48
648_lower,2020-07-14,2020,lower,2020-07-14 13:02:00+00:00,2020-07-14 09:49:00-04:00,10495.390551888184,166.25,123.75,12.375,0.1,LOCK,47
646_lower,2020-07-14,2020,lower,2020-07-14 13:52:00+00:00,2020-07-14 11:37:00-04:00,10416.702043158331,166.25,119.0,166.25,1.3970588235294117,TP,105
652_upper,2020-07-20,2020,upper,2020-07-20 14:27:00+00:00,2020-07-20 12:10:00-04:00,10766.167459552898,43.5,47.5,-47.5,-1.0,SL,103
652_lower,2020-07-24,2020,lower,2020-07-24 13:37:00+00:00,2020-07-24 10:54:00-04:00,10357.582540447102,108.5,84.25,108.5,1.2878338278931751,TP,77
656_upper,2020-08-03,2020,upper,2020-08-03 13:33:00+00:00,2020-08-03 15:59:00-04:00,11023.64486768893,58.25,52.25,-15.10513231106961,-0.28909344136018394,cutoff,386
671_upper,2020-08-13,2020,upper,2020-08-13 13:40:00+00:00,2020-08-13 10:29:00-04:00,11226.37510379692,76.0,63.75,6.375,0.1,LOCK,49
676_upper,2020-08-21,2020,upper,2020-08-21 14:55:00+00:00,2020-08-21 12:36:00-04:00,11549.90659303957,74.25,66.25,6.625,0.1,LOCK,101
686_lower,2020-09-03,2020,lower,2020-09-03 14:19:00+00:00,2020-09-03 10:38:00-04:00,12087.299430239142,85.25,76.25,-76.25,-1.0,SL,19
685_lower,2020-09-03,2020,lower,2020-09-03 14:46:00+00:00,2020-09-03 10:56:00-04:00,11938.563043583585,85.25,78.25,7.825000000000728,0.1000000000000093,LOCK,10
681_lower,2020-09-04,2020,lower,2020-09-03 23:06:00+00:00,2020-09-04 07:33:00-04:00,11622.124257880094,283.5,178.75,17.875,0.1,LOCK,747
679_lower,2020-09-04,2020,lower,2020-09-04 14:15:00+00:00,2020-09-04 10:35:00-04:00,11457.682293514365,210.75,150.75,-150.75,-1.0,SL,20
676_lower,2020-09-04,2020,lower,2020-09-04 14:42:00+00:00,2020-09-04 11:51:00-04:00,11216.34340696043,210.75,148.5,210.75,1.4191919191919191,TP,69
675_lower,2020-09-08,2020,lower,2020-09-08 13:41:00+00:00,2020-09-08 09:47:00-04:00,11134.05289964816,90.25,79.75,90.25,1.1316614420062696,TP,6
693_lower,2020-09-17,2020,lower,2020-09-17 13:10:00+00:00,2020-09-17 09:47:00-04:00,10928.374158194558,103.25,85.25,103.25,1.2111436950146628,TP,37
695_upper,2020-10-09,2020,upper,2020-10-09 13:35:00+00:00,2020-10-09 10:47:00-04:00,11618.987828672012,32.5,35.0,-35.0,-1.0,SL,72
715_lower,2020-10-15,2020,lower,2020-10-15 02:50:00+00:00,2020-10-15 04:06:00-04:00,11886.27611815851,75.0,62.75,-62.75,-1.0,SL,316
717_lower,2020-10-22,2020,lower,2020-10-22 14:32:00+00:00,2020-10-22 11:21:00-04:00,11559.063209803786,51.75,53.5,51.75,0.9672897196261683,TP,49
712_lower,2020-10-28,2020,lower,2020-10-28 13:40:00+00:00,2020-10-28 09:52:00-04:00,11338.641182449986,45.75,45.75,-45.75,-1.0,SL,12
729_upper,2020-11-04,2020,upper,2020-11-04 01:52:00+00:00,2020-11-03 21:35:00-05:00,11392.75306250971,122.25,101.0,10.100000000000364,0.1000000000000036,LOCK,43
728_upper,2020-11-04,2020,upper,2020-11-04 03:00:00+00:00,2020-11-03 22:09:00-05:00,11541.84102146125,113.5,97.5,-97.5,-1.0,SL,9
726_upper,2020-11-04,2020,upper,2020-11-04 03:10:00+00:00,2020-11-03 22:16:00-05:00,11667.350479194514,113.5,97.5,-97.5,-1.0,SL,6
723_upper,2020-11-05,2020,upper,2020-11-05 03:27:00+00:00,2020-11-04 22:40:00-05:00,11875.730155823774,141.75,100.0,-100.0,-1.0,SL,13
733_upper,2020-11-09,2020,upper,2020-11-09 00:40:00+00:00,2020-11-08 20:09:00-05:00,12264.887181720746,83.5,68.75,-68.75,-1.0,SL,29
732_lower,2020-11-10,2020,lower,2020-11-10 00:24:00+00:00,2020-11-09 21:37:00-05:00,11791.119783901191,142.25,101.5,10.149999999999636,0.09999999999999641,LOCK,133
733_lower,2020-11-10,2020,lower,2020-11-10 03:38:00+00:00,2020-11-10 04:20:00-05:00,11736.362818279254,160.5,108.5,10.850000000000364,0.10000000000000335,LOCK,342
740_lower,2020-11-19,2020,lower,2020-11-19 03:11:00+00:00,2020-11-19 00:38:00-05:00,11840.639868789596,39.0,39.0,39.0,1.0,TP,147
739_upper,2020-11-25,2020,upper,2020-11-25 00:10:00+00:00,2020-11-25 08:17:00-05:00,12141.813069613385,58.5,52.25,58.5,1.1196172248803828,TP,787
746_upper,2020-11-27,2020,upper,2020-11-27 15:17:00+00:00,2020-11-27 10:31:00-05:00,12270.439816503806,25.75,31.0,-31.0,-1.0,SL,14
748_upper,2020-12-01,2020,upper,2020-12-01 15:02:00+00:00,2020-12-01 11:03:00-05:00,12410.052418330972,67.0,61.75,6.174999999999272,0.09999999999998822,LOCK,61
751_upper,2020-12-07,2020,upper,2020-12-07 14:58:00+00:00,2020-12-07 11:13:00-05:00,12586.46422517784,21.75,25.25,-25.25,-1.0,SL,75
758_upper,2020-12-14,2020,upper,2020-12-14 14:57:00+00:00,2020-12-14 13:08:00-05:00,12513.505255950951,44.5,42.25,44.5,1.0532544378698225,TP,191
762_upper,2020-12-29,2020,upper,2020-12-29 14:30:00+00:00,2020-12-29 09:56:00-05:00,12901.412761652437,44.0,41.0,44.0,1.0731707317073171,TP,26
1287_upper,2023-01-11,2023,upper,2023-01-11 15:30:00+00:00,2023-01-11 10:36:00-05:00,11388.574377212408,50.75,51.25,50.75,0.9902439024390244,TP,6
1277_upper,2023-01-17,2023,upper,2023-01-17 15:00:00+00:00,2023-01-17 10:40:00-05:00,11644.39805068837,37.0,42.0,37.0,0.8809523809523809,TP,40
1297_upper,2023-01-23,2023,upper,2023-01-23 14:51:00+00:00,2023-01-23 10:46:00-05:00,11802.650900245912,76.75,65.0,-65.0,-1.0,SL,55
1298_upper,2023-01-23,2023,upper,2023-01-23 15:47:00+00:00,2023-01-23 11:19:00-05:00,11869.08571788345,79.0,69.0,-69.0,-1.0,SL,32
1302_lower,2023-01-25,2023,lower,2023-01-25 14:30:00+00:00,2023-01-25 09:54:00-05:00,11693.33517488565,47.5,46.25,-46.25,-1.0,SL,24
1302_upper,2023-01-26,2023,upper,2023-01-26 14:32:00+00:00,2023-01-26 09:56:00-05:00,12061.53982511435,106.25,82.5,106.25,1.2878787878787878,TP,24
1316_lower,2023-02-21,2023,lower,2023-02-21 15:12:00+00:00,2023-02-21 10:42:00-05:00,12200.096507801894,22.5,30.0,22.5,0.75,TP,30
1322_lower,2023-02-22,2023,lower,2023-02-22 15:16:00+00:00,2023-02-22 10:57:00-05:00,12041.934029496524,70.0,63.0,70.0,1.1111111111111112,TP,41
1325_upper,2023-02-27,2023,upper,2023-02-27 15:09:00+00:00,2023-02-27 10:36:00-05:00,12183.818814027736,72.5,63.75,72.5,1.1372549019607843,TP,27
1326_lower,2023-03-01,2023,lower,2023-03-01 15:11:00+00:00,2023-03-01 10:38:00-05:00,11962.934722229944,43.25,46.75,43.25,0.9251336898395722,TP,27
1327_lower,2023-03-02,2023,lower,2023-03-02 01:39:00+00:00,2023-03-02 03:04:00-05:00,11896.630632581931,65.5,60.0,-60.0,-1.0,SL,385
1322_upper,2023-03-06,2023,upper,2023-03-06 15:17:00+00:00,2023-03-06 14:51:00-05:00,12422.565970503476,80.5,69.0,80.5,1.1666666666666667,TP,274
1331_lower,2023-03-07,2023,lower,2023-03-07 15:08:00+00:00,2023-03-07 10:23:00-05:00,12203.699916401045,53.25,51.75,53.25,1.0289855072463767,TP,15
1336_upper,2023-03-14,2023,upper,2023-03-14 13:16:00+00:00,2023-03-14 10:31:00-04:00,12215.005555992417,116.75,96.75,-96.75,-1.0,SL,75
1333_upper,2023-03-15,2023,upper,2023-03-15 02:08:00+00:00,2023-03-15 05:39:00-04:00,12357.00815734723,80.25,64.0,80.25,1.25390625,TP,451
1337_upper,2023-03-16,2023,upper,2023-03-16 00:29:00+00:00,2023-03-16 03:44:00-04:00,12439.642295720492,78.0,66.25,6.625,0.1,LOCK,435
1321_upper,2023-03-16,2023,upper,2023-03-16 14:54:00+00:00,2023-03-16 11:26:00-04:00,12516.985681694514,73.0,65.25,-65.25,-1.0,SL,32
1346_lower,2023-03-28,2023,lower,2023-03-28 13:33:00+00:00,2023-03-28 09:42:00-04:00,12736.870630244795,49.0,45.75,-45.75,-1.0,SL,9
1344_lower,2023-03-28,2023,lower,2023-03-28 14:00:00+00:00,2023-03-28 10:31:00-04:00,12676.62259620036,56.5,56.25,5.625,0.1,LOCK,31
1344_upper,2023-03-30,2023,upper,2023-03-30 14:00:00+00:00,2023-03-30 10:24:00-04:00,13081.25240379964,63.5,58.0,5.799999999999272,0.09999999999998746,LOCK,24
1346_upper,2023-03-30,2023,upper,2023-03-30 14:28:00+00:00,2023-03-30 12:48:00-04:00,13102.629369755205,63.5,58.0,63.5,1.0948275862068966,TP,140
1352_lower,2023-04-05,2023,lower,2023-04-05 14:19:00+00:00,2023-04-05 10:44:00-04:00,13100.946936245124,49.5,50.25,-50.25,-1.0,SL,25
1358_upper,2023-04-14,2023,upper,2023-04-14 14:04:00+00:00,2023-04-14 10:09:00-04:00,13252.1139706832,77.0,70.25,77.0,1.096085409252669,TP,5
1362_lower,2023-04-25,2023,lower,2023-04-25 14:07:00+00:00,2023-04-25 12:01:00-04:00,12962.19925758433,46.25,47.5,-47.5,-1.0,SL,114
1367_upper,2023-04-27,2023,upper,2023-04-27 14:34:00+00:00,2023-04-27 11:25:00-04:00,13095.741714779244,47.0,50.0,-50.0,-1.0,SL,51
1370_lower,2023-05-02,2023,lower,2023-05-02 14:36:00+00:00,2023-05-02 11:01:00-04:00,13176.138032476792,32.25,39.0,-39.0,-1.0,SL,25
1373_upper,2023-05-05,2023,upper,2023-05-05 14:09:00+00:00,2023-05-05 10:40:00-04:00,13224.223199417049,48.25,50.0,-50.0,-1.0,SL,31
1369_upper,2023-05-10,2023,upper,2023-05-10 13:32:00+00:00,2023-05-10 09:40:00-04:00,13410.064913270078,44.0,48.0,44.0,0.9166666666666666,TP,8
1375_upper,2023-05-10,2023,upper,2023-05-10 14:04:00+00:00,2023-05-10 10:18:00-04:00,13420.995773064911,33.25,40.25,33.25,0.8260869565217391,TP,14
1386_upper,2023-05-25,2023,upper,2023-05-25 13:06:00+00:00,2023-05-25 09:34:00-04:00,13975.37052097448,87.75,74.75,87.75,1.173913043478261,TP,28
1388_upper,2023-05-26,2023,upper,2023-05-26 14:00:00+00:00,2023-05-26 10:25:00-04:00,14124.819324931072,61.75,60.5,-60.5,-1.0,SL,25
1405_lower,2023-06-20,2023,lower,2023-06-20 14:30:00+00:00,2023-06-20 10:41:00-04:00,15127.861700125628,28.0,35.75,28.0,0.7832167832167832,TP,11
1413_upper,2023-06-30,2023,upper,2023-06-30 13:43:00+00:00,2023-06-30 10:15:00-04:00,15290.171958931223,60.25,56.75,-56.75,-1.0,SL,32
1405_upper,2023-06-30,2023,upper,2023-06-30 14:20:00+00:00,2023-06-30 11:30:00-04:00,15364.888299874372,46.25,49.0,46.25,0.9438775510204082,TP,70
1417_lower,2023-07-06,2023,lower,2023-07-06 14:05:00+00:00,2023-07-06 10:30:00-04:00,15123.607764319166,52.0,53.5,52.0,0.9719626168224299,TP,25
1406_upper,2023-07-12,2023,upper,2023-07-12 13:48:00+00:00,2023-07-12 11:40:00-04:00,15454.584264870437,68.25,64.0,68.25,1.06640625,TP,112
1429_upper,2023-07-27,2023,upper,2023-07-27 13:45:00+00:00,2023-07-27 10:21:00-04:00,15897.89369544417,68.75,61.0,68.75,1.1270491803278688,TP,36
1434_lower,2023-08-02,2023,lower,2023-08-02 14:08:00+00:00,2023-08-02 10:47:00-04:00,15562.880214080487,47.25,50.25,-50.25,-1.0,SL,39
1422_lower,2023-08-08,2023,lower,2023-08-08 14:11:00+00:00,2023-08-08 10:47:00-04:00,15258.530623284443,44.75,48.5,4.850000000000364,0.1000000000000075,LOCK,36
1439_lower,2023-08-08,2023,lower,2023-08-08 14:57:00+00:00,2023-08-08 12:32:00-04:00,15237.655694235033,44.75,47.25,44.75,0.9470899470899471,TP,95
1447_lower,2023-08-17,2023,lower,2023-08-17 00:19:00+00:00,2023-08-17 01:36:00-04:00,14907.749306880967,64.0,55.5,5.549999999999272,0.09999999999998689,LOCK,317
1445_lower,2023-08-17,2023,lower,2023-08-17 14:33:00+00:00,2023-08-17 12:27:00-04:00,14877.054024812234,62.75,59.0,62.75,1.0635593220338984,TP,114
1448_upper,2023-08-23,2023,upper,2023-08-23 14:51:00+00:00,2023-08-23 13:30:00-04:00,15178.222756936231,50.5,51.0,-51.0,-1.0,SL,159
1454_upper,2023-08-29,2023,upper,2023-08-29 14:00:00+00:00,2023-08-29 10:04:00-04:00,15179.062138640244,41.25,45.75,-45.75,-1.0,SL,4
1455_upper,2023-08-29,2023,upper,2023-08-29 14:22:00+00:00,2023-08-29 10:36:00-04:00,15281.362425241365,41.25,45.75,-45.75,-1.0,SL,14
1441_upper,2023-08-31,2023,upper,2023-08-31 13:45:00+00:00,2023-08-31 09:47:00-04:00,15557.31326838668,45.5,45.75,45.5,0.994535519125683,TP,2
1443_upper,2023-08-31,2023,upper,2023-08-31 14:00:00+00:00,2023-08-31 12:23:00-04:00,15569.768237576576,45.25,48.0,45.25,0.9427083333333334,TP,143
1459_lower,2023-09-06,2023,lower,2023-09-06 14:13:00+00:00,2023-09-06 10:28:00-04:00,15389.281890276656,44.5,46.25,4.625,0.1,LOCK,15
1463_upper,2023-09-08,2023,upper,2023-09-08 13:50:00+00:00,2023-09-08 10:04:00-04:00,15365.18591918266,58.0,51.5,5.149999999999636,0.09999999999999294,LOCK,14
1464_upper,2023-09-11,2023,upper,2023-09-11 00:00:00+00:00,2023-09-10 22:26:00-04:00,15522.5,41.0,39.0,3.899999999999636,0.09999999999999067,LOCK,146
1468_lower,2023-09-15,2023,lower,2023-09-15 14:59:00+00:00,2023-09-15 13:05:00-04:00,15426.248171057954,53.0,53.25,5.325000000000728,0.10000000000001366,LOCK,126
1467_lower,2023-09-19,2023,lower,2023-09-19 13:50:00+00:00,2023-09-19 10:01:00-04:00,15323.86663134196,35.5,39.0,-39.0,-1.0,SL,11
1474_lower,2023-09-26,2023,lower,2023-09-26 14:13:00+00:00,2023-09-26 10:45:00-04:00,14756.293148302426,46.75,49.25,46.75,0.949238578680203,TP,32
1495_upper,2023-10-24,2023,upper,2023-10-24 14:38:00+00:00,2023-10-24 12:19:00-04:00,14861.637096466304,87.5,74.75,87.5,1.1705685618729098,TP,101
1496_lower,2023-10-25,2023,lower,2023-10-25 14:27:00+00:00,2023-10-25 10:39:00-04:00,14596.908218834997,68.0,66.0,68.0,1.0303030303030303,TP,12
1501_upper,2023-11-01,2023,upper,2023-11-01 14:22:00+00:00,2023-11-01 13:07:00-04:00,14601.035061183557,50.0,50.75,5.075000000000728,0.10000000000001434,LOCK,165
1503_upper,2023-11-03,2023,upper,2023-11-03 13:43:00+00:00,2023-11-03 10:00:00-04:00,15083.73248435102,84.25,71.75,-71.75,-1.0,SL,17
1504_upper,2023-11-07,2023,upper,2023-11-07 14:17:00+00:00,2023-11-07 09:34:00-05:00,15268.5396343366,31.5,35.0,31.5,0.9,TP,17
1492_upper,2023-11-07,2023,upper,2023-11-07 15:28:00+00:00,2023-11-07 10:51:00-05:00,15343.319510651938,34.5,40.0,-40.0,-1.0,SL,23
1514_upper,2023-11-20,2023,upper,2023-11-20 14:58:00+00:00,2023-11-20 10:21:00-05:00,15994.229960445984,28.5,33.0,28.5,0.8636363636363636,TP,23
1516_upper,2023-11-22,2023,upper,2023-11-22 14:36:00+00:00,2023-11-22 09:52:00-05:00,16158.55957440403,57.0,52.75,57.0,1.080568720379147,TP,16
1522_lower,2023-11-30,2023,lower,2023-11-30 14:42:00+00:00,2023-11-30 10:39:00-05:00,15967.453281160262,59.0,54.5,-54.5,-1.0,SL,57
1519_lower,2023-11-30,2023,lower,2023-11-30 15:48:00+00:00,2023-11-30 15:51:00-05:00,15888.614926757957,58.75,58.0,58.75,1.0129310344827587,TP,303
1521_lower,2023-12-04,2023,lower,2023-12-04 14:24:00+00:00,2023-12-04 10:19:00-05:00,15854.352783397391,50.5,50.0,-50.0,-1.0,SL,55
1524_lower,2023-12-04,2023,lower,2023-12-04 15:24:00+00:00,2023-12-04 11:57:00-05:00,15763.11166609792,55.25,54.25,55.25,1.0184331797235022,TP,93
1525_upper,2023-12-06,2023,upper,2023-12-06 14:00:00+00:00,2023-12-06 09:35:00-05:00,16019.860859026963,62.0,59.5,62.0,1.0420168067226891,TP,35
1524_upper,2023-12-08,2023,upper,2023-12-08 15:11:00+00:00,2023-12-08 10:52:00-05:00,16085.76333390208,68.5,63.25,6.325000000000728,0.10000000000001151,LOCK,41
1522_upper,2023-12-11,2023,upper,2023-12-11 14:33:00+00:00,2023-12-11 09:47:00-05:00,16326.546718839738,44.5,42.75,-42.75,-1.0,SL,14
1542_lower,2023-12-29,2023,lower,2023-12-29 15:48:00+00:00,2023-12-29 11:00:00-05:00,17003.61585585585,21.25,26.25,21.25,0.8095238095238095,TP,12
2053_lower,2026-01-02,2026,lower,2026-01-02 15:57:00+00:00,2026-01-02 11:01:00-05:00,25410.2779278674,74.5,73.0,-73.0,-1.0,SL,4
2066_lower,2026-01-14,2026,lower,2026-01-14 14:59:00+00:00,2026-01-14 10:12:00-05:00,25582.086025672208,71.75,63.75,71.75,1.1254901960784314,TP,13
2065_lower,2026-01-14,2026,lower,2026-01-14 15:51:00+00:00,2026-01-14 11:22:00-05:00,25472.4207777887,68.75,67.0,68.75,1.0261194029850746,TP,31
2068_lower,2026-01-16,2026,lower,2026-01-16 15:36:00+00:00,2026-01-16 11:30:00-05:00,25629.313156713768,93.5,79.25,93.5,1.1798107255520505,TP,54
2063_lower,2026-01-19,2026,lower,2026-01-19 03:24:00+00:00,2026-01-19 04:25:00-05:00,25373.145816891814,77.5,62.25,-62.25,-1.0,SL,361
2062_upper,2026-01-27,2026,upper,2026-01-27 15:10:00+00:00,2026-01-27 15:59:00-05:00,26072.435622228648,128.0,99.5,-3.564377771352156,-0.03582289217439353,cutoff,349
2068_upper,2026-01-28,2026,upper,2026-01-28 00:35:00+00:00,2026-01-28 01:00:00-05:00,26192.561843286232,70.75,62.0,-62.0,-1.0,SL,325
2077_lower,2026-01-29,2026,lower,2026-01-29 14:42:00+00:00,2026-01-29 09:46:00-05:00,25984.096228371414,83.75,71.5,-71.5,-1.0,SL,4
2076_lower,2026-01-29,2026,lower,2026-01-29 15:36:00+00:00,2026-01-29 10:49:00-05:00,25678.006280754824,94.5,82.5,-82.5,-1.0,SL,13
2073_lower,2026-02-02,2026,lower,2026-02-02 03:14:00+00:00,2026-02-02 01:10:00-05:00,25336.47365130561,162.0,120.25,-120.25,-1.0,SL,176
2080_lower,2026-02-04,2026,lower,2026-02-04 15:01:00+00:00,2026-02-04 10:35:00-05:00,25144.154549493003,176.75,126.75,12.674999999999272,0.09999999999999426,LOCK,34
2083_upper,2026-02-09,2026,upper,2026-02-09 00:02:00+00:00,2026-02-09 04:56:00-05:00,25308.784126629384,221.5,140.0,221.5,1.582142857142857,TP,594
2090_upper,2026-02-18,2026,upper,2026-02-18 15:17:00+00:00,2026-02-18 14:31:00-05:00,25073.84211892498,105.75,89.75,105.75,1.1782729805013927,TP,254
2089_upper,2026-02-25,2026,upper,2026-02-25 14:31:00+00:00,2026-02-25 09:45:00-05:00,25224.132890528406,79.0,66.5,-66.5,-1.0,SL,14
2096_upper,2026-02-25,2026,upper,2026-02-25 14:47:00+00:00,2026-02-25 11:31:00-05:00,25317.93310463668,79.0,66.5,6.650000000001455,0.10000000000002188,LOCK,104
2101_upper,2026-03-04,2026,upper,2026-03-04 15:01:00+00:00,2026-03-04 10:08:00-05:00,24982.357602534,140.75,106.0,10.599999999998545,0.09999999999998627,LOCK,7
2099_upper,2026-03-05,2026,upper,2026-03-05 00:15:00+00:00,2026-03-04 20:44:00-05:00,25229.04674451065,154.0,105.5,154.0,1.4597156398104265,TP,89
2091_lower,2026-03-09,2026,lower,2026-03-09 00:23:00+00:00,2026-03-08 21:50:00-04:00,24143.73244001168,165.0,121.0,-121.0,-1.0,SL,87
2107_lower,2026-03-12,2026,lower,2026-03-12 13:55:00+00:00,2026-03-12 10:01:00-04:00,24652.49668235829,68.0,63.25,68.0,1.075098814229249,TP,6
2106_lower,2026-03-12,2026,lower,2026-03-12 14:37:00+00:00,2026-03-12 10:46:00-04:00,24590.175292751177,74.25,68.5,74.25,1.083941605839416,TP,9
2109_upper,2026-03-17,2026,upper,2026-03-17 13:46:00+00:00,2026-03-17 10:35:00-04:00,25096.19805301506,152.0,108.5,10.849999999998545,0.09999999999998659,LOCK,49
2109_lower,2026-03-20,2026,lower,2026-03-20 14:12:00+00:00,2026-03-20 10:38:00-04:00,24257.42694698494,92.5,81.75,8.174999999999272,0.0999999999999911,LOCK,26
2120_lower,2026-03-31,2026,lower,2026-03-31 00:17:00+00:00,2026-03-30 20:44:00-04:00,22983.31380287526,148.5,104.25,148.5,1.4244604316546763,TP,27
2119_upper,2026-04-01,2026,upper,2026-03-31 23:58:00+00:00,2026-04-01 02:36:00-04:00,24027.08869351358,221.25,135.25,-135.25,-1.0,SL,398
2123_upper,2026-04-06,2026,upper,2026-04-06 02:19:00+00:00,2026-04-05 22:53:00-04:00,24289.10131924296,41.75,44.5,41.75,0.9382022471910112,TP,34
2115_upper,2026-04-08,2026,upper,2026-04-07 23:04:00+00:00,2026-04-08 00:13:00-04:00,24984.45968151681,193.5,151.75,-151.75,-1.0,SL,309
2112_upper,2026-04-10,2026,upper,2026-04-10 01:30:00+00:00,2026-04-10 04:15:00-04:00,25282.7774404608,69.75,59.0,69.75,1.1822033898305084,TP,405
2130_upper,2026-04-15,2026,upper,2026-04-14 23:34:00+00:00,2026-04-15 07:46:00-04:00,26016.020610526048,101.25,76.25,7.625,0.1,LOCK,732
2132_upper,2026-04-17,2026,upper,2026-04-17 13:07:00+00:00,2026-04-17 09:33:00-04:00,26750.85865637195,92.5,82.75,92.5,1.1178247734138973,TP,26
2141_upper,2026-04-30,2026,upper,2026-04-29 23:54:00+00:00,2026-04-29 22:30:00-04:00,27551.438765966275,120.75,93.25,120.75,1.2949061662198391,TP,156
2139_upper,2026-05-01,2026,upper,2026-05-01 13:33:00+00:00,2026-05-01 09:54:00-04:00,27727.691212489077,105.5,83.25,-83.25,-1.0,SL,21
2142_upper,2026-05-01,2026,upper,2026-05-01 14:03:00+00:00,2026-05-01 10:36:00-04:00,27896.92021898806,116.5,98.0,116.5,1.1887755102040816,TP,33
2143_upper,2026-05-05,2026,upper,2026-05-05 14:36:00+00:00,2026-05-05 11:06:00-04:00,28138.06154108305,89.0,77.0,7.700000000000728,0.10000000000000944,LOCK,30
2147_upper,2026-05-08,2026,upper,2026-05-08 14:58:00+00:00,2026-05-08 13:01:00-04:00,29174.65787972472,96.5,80.75,-80.75,-1.0,SL,123
2150_upper,2026-05-14,2026,upper,2026-05-13 23:05:00+00:00,2026-05-13 23:48:00-04:00,29646.42303898361,122.25,91.75,122.25,1.332425068119891,TP,283
2149_upper,2026-05-14,2026,upper,2026-05-14 14:50:00+00:00,2026-05-14 13:40:00-04:00,29708.514501113983,125.25,98.75,9.875,0.1,LOCK,170
2152_lower,2026-05-18,2026,lower,2026-05-17 23:40:00+00:00,2026-05-17 20:10:00-04:00,29084.62855805579,181.75,129.0,-129.0,-1.0,SL,30
2151_lower,2026-05-19,2026,lower,2026-05-19 13:20:00+00:00,2026-05-19 09:30:00-04:00,28811.51963438418,127.75,95.5,127.75,1.337696335078534,TP,10
2153_lower,2026-05-19,2026,lower,2026-05-19 14:07:00+00:00,2026-05-19 11:56:00-04:00,28775.551734540284,151.75,116.25,11.625,0.1,LOCK,109
2152_upper,2026-05-25,2026,upper,2026-05-25 03:00:00+00:00,2026-05-25 03:32:00-04:00,29963.24644194421,74.5,65.5,6.549999999999272,0.09999999999998889,LOCK,272
2158_upper,2026-05-26,2026,upper,2026-05-26 14:00:00+00:00,2026-05-26 10:27:00-04:00,30009.455726915767,79.25,73.25,-73.25,-1.0,SL,27
2162_upper,2026-05-29,2026,upper,2026-05-29 13:57:00+00:00,2026-05-29 10:17:00-04:00,30514.38147395403,111.25,83.5,111.25,1.3323353293413174,TP,20
2165_lower,2026-06-05,2026,lower,2026-06-05 01:13:00+00:00,2026-06-04 22:31:00-04:00,30115.50365037811,125.75,97.75,125.75,1.2864450127877238,TP,78
2164_lower,2026-06-05,2026,lower,2026-06-05 13:39:00+00:00,2026-06-05 09:48:00-04:00,29975.874536138486,124.0,94.5,-94.5,-1.0,SL,9
2167_lower,2026-06-05,2026,lower,2026-06-05 13:57:00+00:00,2026-06-05 10:25:00-04:00,29834.523639704264,124.0,94.5,9.450000000000728,0.1000000000000077,LOCK,28
