candidate,skip_counts,n_trades,net_pts,PF,avg_R,max_dd_pts,max_dd_R,n_TP,n_SL,n_BE,n_LOCK,n_cutoff,true_tp_win_rate,lower_n,lower_net_pts,upper_n,upper_net_pts,ex_2026_net_pts,ex_2026_PF,yearly_json
no_filter,"{""blocked_reserved_year"": 1840, ""blocked_window"": 932, ""blocked_regime"": 0, ""position_open"": 83, ""same_bar_reentry"": 10}",249,1968.98,1.4192,0.107,-380.27,-10.6936,113,91,0,36,9,0.4538,110,844.26,139,1124.73,1231.0,1.3029,"{""2018"": {""n"": 67, ""net_pts"": 200.05, ""PF"": 1.2039}, ""2020"": {""n"": 60, ""net_pts"": 247.72, ""PF"": 1.1738}, ""2023"": {""n"": 86, ""net_pts"": 783.23, ""PF"": 1.4725}, ""2026"": {""n"": 36, ""net_pts"": 737.99, ""PF"": 2.1657}}"
garch_LOW_only_3367,"{""blocked_reserved_year"": 1840, ""blocked_window"": 932, ""blocked_regime"": 230, ""position_open"": 24, ""same_bar_reentry"": 5}",83,214.72,1.1427,-0.0194,-262.0,-9.8638,33,35,0,11,4,0.3976,30,-124.52,53,339.25,18.41,1.0136,"{""2018"": {""n"": 20, ""net_pts"": -51.55, ""PF"": 0.8239}, ""2020"": {""n"": 18, ""net_pts"": -95.12, ""PF"": 0.7455}, ""2023"": {""n"": 35, ""net_pts"": 165.08, ""PF"": 1.2413}, ""2026"": {""n"": 10, ""net_pts"": 196.31, ""PF"": 2.2748}}"
garch_MID_only_3367,"{""blocked_reserved_year"": 1840, ""blocked_window"": 932, ""blocked_regime"": 237, ""position_open"": 29, ""same_bar_reentry"": 2}",74,591.15,1.4018,0.133,-301.03,-6.3948,33,25,0,12,4,0.4459,26,124.0,48,467.15,383.31,1.314,"{""2018"": {""n"": 14, ""net_pts"": -17.73, ""PF"": 0.9172}, ""2020"": {""n"": 22, ""net_pts"": 25.39, ""PF"": 1.0541}, ""2023"": {""n"": 26, ""net_pts"": 375.65, ""PF"": 1.6995}, ""2026"": {""n"": 12, ""net_pts"": 207.84, ""PF"": 1.8303}}"
garch_HIGH_only_3367,"{""blocked_reserved_year"": 1840, ""blocked_window"": 932, ""blocked_regime"": 242, ""position_open"": 17, ""same_bar_reentry"": 2}",81,898.93,1.5335,0.1522,-266.67,-4.2231,37,28,0,15,1,0.4568,52,894.36,29,4.57,558.78,1.3837,"{""2018"": {""n"": 13, ""net_pts"": 29.13, ""PF"": 1.1318}, ""2020"": {""n"": 22, ""net_pts"": 426.08, ""PF"": 1.7321}, ""2023"": {""n"": 31, ""net_pts"": 103.58, ""PF"": 1.1586}, ""2026"": {""n"": 15, ""net_pts"": 340.15, ""PF"": 2.487}}"
garch_exclude_LOW_3367,"{""blocked_reserved_year"": 1840, ""blocked_window"": 932, ""blocked_regime"": 137, ""position_open"": 50, ""same_bar_reentry"": 5}",150,1543.95,1.5157,0.159,-252.62,-6.0308,69,50,0,26,5,0.46,76,966.11,74,577.85,995.97,1.3961,"{""2018"": {""n"": 27, ""net_pts"": 11.4, ""PF"": 1.0262}, ""2020"": {""n"": 42, ""net_pts"": 342.84, ""PF"": 1.326}, ""2023"": {""n"": 54, ""net_pts"": 641.73, ""PF"": 1.6244}, ""2026"": {""n"": 27, ""net_pts"": 547.99, ""PF"": 2.1439}}"
garch_exclude_HIGH_3367,"{""blocked_reserved_year"": 1840, ""blocked_window"": 932, ""blocked_regime"": 125, ""position_open"": 58, ""same_bar_reentry"": 6}",153,844.18,1.2889,0.0586,-473.11,-13.1407,66,59,0,21,7,0.4314,54,48.65,99,795.53,446.34,1.1773,"{""2018"": {""n"": 33, ""net_pts"": -73.83, ""PF"": 0.8544}, ""2020"": {""n"": 40, ""net_pts"": -69.73, ""PF"": 0.9173}, ""2023"": {""n"": 59, ""net_pts"": 589.91, ""PF"": 1.5055}, ""2026"": {""n"": 21, ""net_pts"": 397.84, ""PF"": 1.984}}"
garch_LOW_only_2575,"{""blocked_reserved_year"": 1840, ""blocked_window"": 932, ""blocked_regime"": 247, ""position_open"": 19, ""same_bar_reentry"": 5}",71,317.51,1.2554,0.0504,-247.25,-6.0,31,28,0,10,2,0.4366,26,-117.85,45,435.36,212.51,1.1951,"{""2018"": {""n"": 16, ""net_pts"": 60.37, ""PF"": 1.3338}, ""2020"": {""n"": 16, ""net_pts"": -34.62, ""PF"": 0.8895}, ""2023"": {""n"": 31, ""net_pts"": 186.76, ""PF"": 1.3138}, ""2026"": {""n"": 8, ""net_pts"": 105.0, ""PF"": 1.6818}}"
garch_MID_only_2575,"{""blocked_reserved_year"": 1840, ""blocked_window"": 932, ""blocked_regime"": 200, ""position_open"": 39, ""same_bar_reentry"": 2}",101,212.95,1.0978,0.0055,-560.51,-12.565,39,40,0,17,5,0.3861,39,61.55,62,151.4,-16.51,0.9911,"{""2018"": {""n"": 21, ""net_pts"": -192.4, ""PF"": 0.5401}, ""2020"": {""n"": 25, ""net_pts"": -80.86, ""PF"": 0.8596}, ""2023"": {""n"": 40, ""net_pts"": 256.75, ""PF"": 1.2984}, ""2026"": {""n"": 15, ""net_pts"": 229.46, ""PF"": 1.7092}}"
garch_HIGH_only_2575,"{""blocked_reserved_year"": 1840, ""blocked_window"": 932, ""blocked_regime"": 262, ""position_open"": 13, ""same_bar_reentry"": 2}",65,1239.58,2.0563,0.2685,-266.67,-3.4029,33,19,0,12,1,0.5077,44,904.38,21,335.2,836.06,1.8213,"{""2018"": {""n"": 10, ""net_pts"": 91.88, ""PF"": 1.7137}, ""2020"": {""n"": 22, ""net_pts"": 426.08, ""PF"": 1.7321}, ""2023"": {""n"": 20, ""net_pts"": 318.1, ""PF"": 2.0353}, ""2026"": {""n"": 13, ""net_pts"": 403.52, ""PF"": 3.595}}"
garch_exclude_LOW_2575,"{""blocked_reserved_year"": 1840, ""blocked_window"": 932, ""blocked_regime"": 120, ""position_open"": 55, ""same_bar_reentry"": 5}",162,1440.66,1.4426,0.1154,-346.27,-8.8141,71,57,0,28,6,0.4383,80,959.43,82,481.23,807.67,1.291,"{""2018"": {""n"": 31, ""net_pts"": -100.52, ""PF"": 0.8163}, ""2020"": {""n"": 44, ""net_pts"": 282.34, ""PF"": 1.2539}, ""2023"": {""n"": 59, ""net_pts"": 625.85, ""PF"": 1.5604}, ""2026"": {""n"": 28, ""net_pts"": 632.99, ""PF"": 2.3213}}"
garch_exclude_HIGH_2575,"{""blocked_reserved_year"": 1840, ""blocked_window"": 932, ""blocked_regime"": 105, ""position_open"": 63, ""same_bar_reentry"": 6}",168,569.28,1.1691,0.0288,-560.86,-14.1961,70,67,0,24,7,0.4167,63,-7.12,105,576.41,234.82,1.0813,"{""2018"": {""n"": 36, ""net_pts"": -136.58, ""PF"": 0.7721}, ""2020"": {""n"": 41, ""net_pts"": -115.48, ""PF"": 0.8701}, ""2023"": {""n"": 68, ""net_pts"": 486.88, ""PF"": 1.3474}, ""2026"": {""n"": 23, ""net_pts"": 334.46, ""PF"": 1.7003}}"
garch_LOW_only_4060,"{""blocked_reserved_year"": 1840, ""blocked_window"": 932, ""blocked_regime"": 207, ""position_open"": 30, ""same_bar_reentry"": 5}",100,298.89,1.1536,0.0087,-275.61,-9.1293,41,41,0,13,5,0.41,37,-32.5,63,331.39,100.88,1.0653,"{""2018"": {""n"": 21, ""net_pts"": -28.55, ""PF"": 0.9025}, ""2020"": {""n"": 22, ""net_pts"": -79.48, ""PF"": 0.8204}, ""2023"": {""n"": 41, ""net_pts"": 208.91, ""PF"": 1.2579}, ""2026"": {""n"": 16, ""net_pts"": 198.01, ""PF"": 1.4941}}"
garch_MID_only_4060,"{""blocked_reserved_year"": 1840, ""blocked_window"": 932, ""blocked_regime"": 279, ""position_open"": 16, ""same_bar_reentry"": 1}",46,377.08,1.5146,0.1396,-330.35,-6.3948,20,14,0,10,2,0.4348,16,-11.45,30,388.53,287.45,1.3942,"{""2018"": {""n"": 13, ""net_pts"": -40.73, ""PF"": 0.8099}, ""2020"": {""n"": 14, ""net_pts"": -99.15, ""PF"": 0.684}, ""2023"": {""n"": 14, ""net_pts"": 427.33, ""PF"": 3.1234}, ""2026"": {""n"": 5, ""net_pts"": 89.64, ""PF"": 26.1476}}"
garch_HIGH_only_4060,"{""blocked_reserved_year"": 1840, ""blocked_window"": 932, ""blocked_regime"": 223, ""position_open"": 25, ""same_bar_reentry"": 2}",92,1095.35,1.5856,0.1655,-219.17,-4.2231,42,31,0,17,2,0.4565,55,839.36,37,256.0,638.7,1.389,"{""2018"": {""n"": 13, ""net_pts"": 29.13, ""PF"": 1.1318}, ""2020"": {""n"": 26, ""net_pts"": 436.42, ""PF"": 1.6523}, ""2023"": {""n"": 37, ""net_pts"": 173.15, ""PF"": 1.2303}, ""2026"": {""n"": 16, ""net_pts"": 456.65, ""PF"": 2.9963}}"
garch_exclude_LOW_4060,"{""blocked_reserved_year"": 1840, ""blocked_window"": 932, ""blocked_regime"": 160, ""position_open"": 40, ""same_bar_reentry"": 5}",137,1523.43,1.5969,0.1654,-276.3,-6.0308,62,44,0,27,4,0.4526,70,878.91,67,644.53,977.15,1.4212,"{""2018"": {""n"": 26, ""net_pts"": -11.6, ""PF"": 0.9734}, ""2020"": {""n"": 40, ""net_pts"": 337.27, ""PF"": 1.3432}, ""2023"": {""n"": 50, ""net_pts"": 651.48, ""PF"": 1.7223}, ""2026"": {""n"": 21, ""net_pts"": 546.29, ""PF"": 3.3515}}"
garch_exclude_HIGH_4060,"{""blocked_reserved_year"": 1840, ""blocked_window"": 932, ""blocked_regime"": 144, ""position_open"": 53, ""same_bar_reentry"": 5}",140,660.84,1.2518,0.0496,-546.71,-13.6693,60,54,0,20,6,0.4286,51,5.23,89,655.61,379.5,1.1709,"{""2018"": {""n"": 33, ""net_pts"": -73.83, ""PF"": 0.8544}, ""2020"": {""n"": 35, ""net_pts"": -183.33, ""PF"": 0.7576}, ""2023"": {""n"": 52, ""net_pts"": 636.66, ""PF"": 1.6653}, ""2026"": {""n"": 20, ""net_pts"": 281.34, ""PF"": 1.6958}}"
hmm2_LOW_only,"{""blocked_reserved_year"": 1840, ""blocked_window"": 932, ""blocked_regime"": 251, ""position_open"": 18, ""same_bar_reentry"": 5}",68,-94.02,0.9342,-0.0464,-372.89,-6.62,25,29,0,11,3,0.3676,16,-200.55,52,106.53,59.93,1.0508,"{""2018"": {""n"": 13, ""net_pts"": 48.37, ""PF"": 1.3206}, ""2020"": {""n"": 23, ""net_pts"": 66.39, ""PF"": 1.1516}, ""2023"": {""n"": 25, ""net_pts"": -54.84, ""PF"": 0.9072}, ""2026"": {""n"": 7, ""net_pts"": -153.95, ""PF"": 0.3805}}"
hmm2_HIGH_only,"{""blocked_reserved_year"": 1840, ""blocked_window"": 932, ""blocked_regime"": 96, ""position_open"": 55, ""same_bar_reentry"": 4}",187,2013.55,1.5948,0.1534,-303.02,-6.667,87,63,0,30,7,0.4652,95,1114.06,92,899.49,1121.61,1.3738,"{""2018"": {""n"": 52, ""net_pts"": 144.23, ""PF"": 1.1786}, ""2020"": {""n"": 40, ""net_pts"": 182.06, ""PF"": 1.1824}, ""2023"": {""n"": 66, ""net_pts"": 795.33, ""PF"": 1.6654}, ""2026"": {""n"": 29, ""net_pts"": 891.94, ""PF"": 3.3193}}"
hmm3_LOW_VOL_only,"{""blocked_reserved_year"": 1840, ""blocked_window"": 932, ""blocked_regime"": 290, ""position_open"": 12, ""same_bar_reentry"": 2}",38,137.31,1.2072,0.0954,-177.5,-4.0822,16,13,0,8,1,0.4211,6,30.95,32,106.36,120.83,1.2041,"{""2018"": {""n"": 5, ""net_pts"": 99.25, ""PF"": 5.0928}, ""2020"": {""n"": 14, ""net_pts"": 1.38, ""PF"": 1.0052}, ""2023"": {""n"": 15, ""net_pts"": 20.21, ""PF"": 1.0662}, ""2026"": {""n"": 4, ""net_pts"": 16.48, ""PF"": 1.2329}}"
hmm3_exclude_LOW_VOL,"{""blocked_reserved_year"": 1840, ""blocked_window"": 932, ""blocked_regime"": 57, ""position_open"": 65, ""same_bar_reentry"": 6}",214,1699.13,1.4095,0.0952,-387.19,-9.1665,94,79,0,33,8,0.4393,103,797.81,111,901.32,1044.12,1.2966,"{""2018"": {""n"": 58, ""net_pts"": 76.8, ""PF"": 1.0822}, ""2020"": {""n"": 49, ""net_pts"": 263.04, ""PF"": 1.2262}, ""2023"": {""n"": 74, ""net_pts"": 704.28, ""PF"": 1.4946}, ""2026"": {""n"": 33, ""net_pts"": 655.01, ""PF"": 2.0417}}"
hmm3_MID_VOL_only,"{""blocked_reserved_year"": 1840, ""blocked_window"": 932, ""blocked_regime"": 281, ""position_open"": 12, ""same_bar_reentry"": 1}",48,-232.59,0.7819,-0.1254,-333.22,-7.121,14,21,0,10,3,0.2917,13,-370.7,35,138.11,4.34,1.0053,"{""2018"": {""n"": 9, ""net_pts"": -47.83, ""PF"": 0.6223}, ""2020"": {""n"": 20, ""net_pts"": 4.92, ""PF"": 1.014}, ""2023"": {""n"": 15, ""net_pts"": 47.25, ""PF"": 1.1377}, ""2026"": {""n"": 4, ""net_pts"": -236.92, ""PF"": 0.03}}"
hmm3_exclude_MID_VOL,"{""blocked_reserved_year"": 1840, ""blocked_window"": 932, ""blocked_regime"": 66, ""position_open"": 61, ""same_bar_reentry"": 6}",209,2320.36,1.6201,0.1618,-332.08,-6.9629,100,71,0,31,7,0.4785,99,1387.46,110,932.9,1411.95,1.4296,"{""2018"": {""n"": 56, ""net_pts"": 240.43, ""PF"": 1.2891}, ""2020"": {""n"": 45, ""net_pts"": 351.74, ""PF"": 1.3245}, ""2023"": {""n"": 75, ""net_pts"": 819.78, ""PF"": 1.5979}, ""2026"": {""n"": 33, ""net_pts"": 908.41, ""PF"": 2.9951}}"
hmm3_HIGH_VOL_only,"{""blocked_reserved_year"": 1840, ""blocked_window"": 932, ""blocked_regime"": 118, ""position_open"": 47, ""same_bar_reentry"": 4}",173,2118.51,1.6723,0.1693,-303.02,-6.667,84,59,0,24,6,0.4855,93,1356.51,80,762.0,1226.57,1.4433,"{""2018"": {""n"": 51, ""net_pts"": 141.18, ""PF"": 1.1749}, ""2020"": {""n"": 31, ""net_pts"": 350.37, ""PF"": 1.4264}, ""2023"": {""n"": 62, ""net_pts"": 735.03, ""PF"": 1.6462}, ""2026"": {""n"": 29, ""net_pts"": 891.94, ""PF"": 3.3193}}"
hmm3_exclude_HIGH_VOL,"{""blocked_reserved_year"": 1840, ""blocked_window"": 932, ""blocked_regime"": 229, ""position_open"": 27, ""same_bar_reentry"": 5}",81,-51.28,0.9692,-0.0222,-272.89,-7.3324,30,33,0,14,4,0.3704,19,-339.75,62,288.47,102.67,1.0726,"{""2018"": {""n"": 14, ""net_pts"": 51.42, ""PF"": 1.3408}, ""2020"": {""n"": 31, ""net_pts"": -10.41, ""PF"": 0.9831}, ""2023"": {""n"": 29, ""net_pts"": 61.66, ""PF"": 1.0951}, ""2026"": {""n"": 7, ""net_pts"": -153.95, ""PF"": 0.3805}}"
