candidate_id,feature_set,mfe_quantile,mae_quantile,test_year,train_years,tp_coefs,sl_coefs,clip_fraction_test,executed,net_pts,PF,avg_R,max_dd_R,gains_pts,losses_pts,gains_r,losses_r
learned|fs=F1|mfeq=0.50|maeq=0.50,F1,0.5,0.5,2021,"[2018, 2019, 2020]","{""log1p_range_30m"": 0.06139488192553053, ""log1p_atr14_60m"": 0.5974761163162918, ""log_rvol60"": 0.270142926399994, ""intercept"": 1.4952000223944997}","{""log1p_range_30m"": 0.0440452424827068, ""log1p_atr14_60m"": 0.6195668065649134, ""log_rvol60"": 0.22041175055067197, ""intercept"": 1.5527405623991708}",0.0,239,930.26,1.1721,0.0502,-8.1298,6335.515049373591,5405.254726504685,112.40979256180034,100.41797258609088
learned|fs=F1|mfeq=0.50|maeq=0.50,F1,0.5,0.5,2022,"[2018, 2019, 2020, 2021]","{""log1p_range_30m"": 0.02859275662227925, ""log1p_atr14_60m"": 0.6124572308030939, ""log_rvol60"": 0.3, ""intercept"": 1.543824366189415}","{""log1p_range_30m"": 0.06898359929710848, ""log1p_atr14_60m"": 0.5405394355135766, ""log_rvol60"": 0.1875728273159622, ""intercept"": 1.7689249129418658}",0.0,276,45.34,1.0057,0.0035,-11.8663,8032.685853499102,7987.345847603172,117.38054408724705,116.42711450729611
learned|fs=F1|mfeq=0.50|maeq=0.50,F1,0.5,0.5,2023,"[2018, 2019, 2020, 2021, 2022]","{""log1p_range_30m"": 0.033833253870860745, ""log1p_atr14_60m"": 0.5776315696670643, ""log_rvol60"": 0.3, ""intercept"": 1.6974509184425697}","{""log1p_range_30m"": 0.08425709810407091, ""log1p_atr14_60m"": 0.5249035835286536, ""log_rvol60"": 0.15154539253817237, ""intercept"": 1.811158141791181}",0.0,244,680.6,1.1348,0.0371,-12.206,5728.456511476397,5047.854888490467,104.9077491022615,95.85929730393694
learned|fs=F1|mfeq=0.50|maeq=0.50,F1,0.5,0.5,2024,"[2018, 2019, 2020, 2021, 2022, 2023]","{""log1p_range_30m"": 0.07062108400847822, ""log1p_atr14_60m"": 0.4990379939515393, ""log_rvol60"": 0.3, ""intercept"": 1.8556547519864155}","{""log1p_range_30m"": 0.08272523432660796, ""log1p_atr14_60m"": 0.4870216653750935, ""log_rvol60"": 0.12515357894311518, ""intercept"": 1.94833148138163}",0.0,267,-2197.06,0.7414,-0.1275,-38.8676,6297.963243807764,8495.020053331282,102.96903086375869,137.0238451108883
learned|fs=F1|mfeq=0.50|maeq=0.50,F1,0.5,0.5,2025,"[2018, 2019, 2020, 2021, 2022, 2023, 2024]","{""log1p_range_30m"": 0.1155920002535565, ""log1p_atr14_60m"": 0.4150853417852977, ""log_rvol60"": 0.24296543857979522, ""intercept"": 2.004588003523503}","{""log1p_range_30m"": 0.07641119522079481, ""log1p_atr14_60m"": 0.5145113660795374, ""log_rvol60"": 0.14866711139539474, ""intercept"": 1.9163124353028866}",0.0,239,-620.53,0.9268,-0.0194,-15.7345,7855.396987619755,8475.929076938715,100.41423771634604,105.04869991858132
learned|fs=F1|mfeq=0.50|maeq=0.65,F1,0.5,0.65,2021,"[2018, 2019, 2020]","{""log1p_range_30m"": 0.06139488192553053, ""log1p_atr14_60m"": 0.5974761163162918, ""log_rvol60"": 0.270142926399994, ""intercept"": 1.4952000223944997}","{""log1p_range_30m"": 0.0960396489462559, ""log1p_atr14_60m"": 0.6126801991603815, ""log_rvol60"": 0.1735357703799813, ""intercept"": 1.7713117758031593}",0.0,224,582.47,1.0991,0.0143,-6.9583,6459.992134776234,5877.526784418946,78.724645303719,75.52258891882094
learned|fs=F1|mfeq=0.50|maeq=0.65,F1,0.5,0.65,2022,"[2018, 2019, 2020, 2021]","{""log1p_range_30m"": 0.02859275662227925, ""log1p_atr14_60m"": 0.6124572308030939, ""log_rvol60"": 0.3, ""intercept"": 1.543824366189415}","{""log1p_range_30m"": 0.07991076316872701, ""log1p_atr14_60m"": 0.5640905071096974, ""log_rvol60"": 0.1561082417995283, ""intercept"": 2.0282606565398944}",0.0,257,184.21,1.0219,0.0144,-10.8143,8592.377512588044,8408.172381238714,84.89202500242504,81.19306581285093
learned|fs=F1|mfeq=0.50|maeq=0.65,F1,0.5,0.65,2023,"[2018, 2019, 2020, 2021, 2022]","{""log1p_range_30m"": 0.033833253870860745, ""log1p_atr14_60m"": 0.5776315696670643, ""log_rvol60"": 0.3, ""intercept"": 1.6974509184425697}","{""log1p_range_30m"": 0.10814286418327687, ""log1p_atr14_60m"": 0.5655141292660333, ""log_rvol60"": 0.08299777460361382, ""intercept"": 1.9917578735942716}",0.0,228,-110.75,0.9816,-0.0128,-16.1283,5895.8683524965745,6006.6170118160735,72.37242135712357,75.29681347037703
learned|fs=F1|mfeq=0.50|maeq=0.65,F1,0.5,0.65,2024,"[2018, 2019, 2020, 2021, 2022, 2023]","{""log1p_range_30m"": 0.07062108400847822, ""log1p_atr14_60m"": 0.4990379939515393, ""log_rvol60"": 0.3, ""intercept"": 1.8556547519864155}","{""log1p_range_30m"": 0.0938678208854899, ""log1p_atr14_60m"": 0.5629979486000966, ""log_rvol60"": 0.062470510660440993, ""intercept"": 2.065766290214591}",0.0,239,-2451.63,0.7311,-0.1005,-24.7934,6666.657668238455,9118.284516218318,69.82053204042471,93.83381247705584
learned|fs=F1|mfeq=0.50|maeq=0.65,F1,0.5,0.65,2025,"[2018, 2019, 2020, 2021, 2022, 2023, 2024]","{""log1p_range_30m"": 0.1155920002535565, ""log1p_atr14_60m"": 0.4150853417852977, ""log_rvol60"": 0.24296543857979522, ""intercept"": 2.004588003523503}","{""log1p_range_30m"": 0.057572945928608135, ""log1p_atr14_60m"": 0.6037229078361076, ""log_rvol60"": 0.08510178039348523, ""intercept"": 2.1085968942786284}",0.0,221,1379.17,1.1715,0.063,-6.252,9420.9749632196,8041.806912553806,74.63463184224622,60.72241844157213
learned|fs=F1|mfeq=0.50|maeq=0.80,F1,0.5,0.8,2021,"[2018, 2019, 2020]","{""log1p_range_30m"": 0.06139488192553053, ""log1p_atr14_60m"": 0.5974761163162918, ""log_rvol60"": 0.270142926399994, ""intercept"": 1.4952000223944997}","{""log1p_range_30m"": 0.04843992209244174, ""log1p_atr14_60m"": 0.598919640796739, ""log_rvol60"": 0.01136196099067277, ""intercept"": 2.4066109233116744}",0.0,208,224.06,1.0363,-0.003,-6.6452,6392.492134776234,6168.431949728931,53.61903589162964,54.24922706436577
learned|fs=F1|mfeq=0.50|maeq=0.80,F1,0.5,0.8,2022,"[2018, 2019, 2020, 2021]","{""log1p_range_30m"": 0.02859275662227925, ""log1p_atr14_60m"": 0.6124572308030939, ""log_rvol60"": 0.3, ""intercept"": 1.543824366189415}","{""log1p_range_30m"": 0.06584839778268821, ""log1p_atr14_60m"": 0.569939981807504, ""log_rvol60"": 0.006856791991537656, ""intercept"": 2.508830287370238}",0.0,240,-1015.72,0.8911,-0.0203,-10.3324,8308.891170703502,9324.610627246111,53.73025310636254,58.613489741541116
learned|fs=F1|mfeq=0.50|maeq=0.80,F1,0.5,0.8,2023,"[2018, 2019, 2020, 2021, 2022]","{""log1p_range_30m"": 0.033833253870860745, ""log1p_atr14_60m"": 0.5776315696670643, ""log_rvol60"": 0.3, ""intercept"": 1.6974509184425697}","{""log1p_range_30m"": 0.07985384751188959, ""log1p_atr14_60m"": 0.5810362992665927, ""log_rvol60"": 0.009535891495818752, ""intercept"": 2.471887297473834}",0.0,215,151.3,1.0256,0.0,-9.4001,6066.697647973953,5915.392832899828,48.43118982555772,48.42985672060518
learned|fs=F1|mfeq=0.50|maeq=0.80,F1,0.5,0.8,2024,"[2018, 2019, 2020, 2021, 2022, 2023]","{""log1p_range_30m"": 0.07062108400847822, ""log1p_atr14_60m"": 0.4990379939515393, ""log_rvol60"": 0.3, ""intercept"": 1.8556547519864155}","{""log1p_range_30m"": 0.06082192133307744, ""log1p_atr14_60m"": 0.5637538719483696, ""log_rvol60"": -0.03257796102972836, ""intercept"": 2.598178723822793}",0.0,222,-2957.57,0.6955,-0.0812,-21.2962,6754.715832132733,9712.284311330208,48.54735106993153,66.5757580580534
learned|fs=F1|mfeq=0.50|maeq=0.80,F1,0.5,0.8,2025,"[2018, 2019, 2020, 2021, 2022, 2023, 2024]","{""log1p_range_30m"": 0.1155920002535565, ""log1p_atr14_60m"": 0.4150853417852977, ""log_rvol60"": 0.24296543857979522, ""intercept"": 2.004588003523503}","{""log1p_range_30m"": 0.030640794727295216, ""log1p_atr14_60m"": 0.612449544904758, ""log_rvol60"": 0.020374392833904482, ""intercept"": 2.605148622372867}",0.0,208,1477.39,1.1848,0.0441,-3.3022,9472.081630853132,7994.690298518966,49.93162451181857,40.75283607026962
learned|fs=F1|mfeq=0.65|maeq=0.50,F1,0.65,0.5,2021,"[2018, 2019, 2020]","{""log1p_range_30m"": 0.04770232517032091, ""log1p_atr14_60m"": 0.6037641608478598, ""log_rvol60"": 0.226904426376899, ""intercept"": 1.9251927237439428}","{""log1p_range_30m"": 0.0440452424827068, ""log1p_atr14_60m"": 0.6195668065649134, ""log_rvol60"": 0.22041175055067197, ""intercept"": 1.5527405623991708}",0.0,231,1515.62,1.2605,0.092,-7.7146,7333.450780404191,5817.834176765058,130.07002189642753,108.80975389461615
learned|fs=F1|mfeq=0.65|maeq=0.50,F1,0.65,0.5,2022,"[2018, 2019, 2020, 2021]","{""log1p_range_30m"": 0.0, ""log1p_atr14_60m"": 0.681833950377079, ""log_rvol60"": 0.3, ""intercept"": 1.9330115297245576}","{""log1p_range_30m"": 0.06898359929710848, ""log1p_atr14_60m"": 0.5405394355135766, ""log_rvol60"": 0.1875728273159622, ""intercept"": 1.7689249129418658}",0.01084010840108401,269,-309.29,0.968,-0.0291,-20.4966,9342.59755673859,9651.890832914916,135.23505766628702,143.07407302001252
learned|fs=F1|mfeq=0.65|maeq=0.50,F1,0.65,0.5,2023,"[2018, 2019, 2020, 2021, 2022]","{""log1p_range_30m"": 0.05336031453559222, ""log1p_atr14_60m"": 0.601364644883407, ""log_rvol60"": 0.25718869836064284, ""intercept"": 1.9815674469258227}","{""log1p_range_30m"": 0.08425709810407091, ""log1p_atr14_60m"": 0.5249035835286536, ""log_rvol60"": 0.15154539253817237, ""intercept"": 1.811158141791181}",0.0,236,1128.05,1.1968,0.0801,-10.0142,6858.590118250731,5730.544127555935,127.72550204794807,108.81700496483207
learned|fs=F1|mfeq=0.65|maeq=0.50,F1,0.65,0.5,2024,"[2018, 2019, 2020, 2021, 2022, 2023]","{""log1p_range_30m"": 0.1036420773405296, ""log1p_atr14_60m"": 0.5023508782110567, ""log_rvol60"": 0.20826187175932565, ""intercept"": 2.186419623429878}","{""log1p_range_30m"": 0.08272523432660796, ""log1p_atr14_60m"": 0.4870216653750935, ""log_rvol60"": 0.12515357894311518, ""intercept"": 1.94833148138163}",0.0,262,-1382.03,0.8498,-0.0716,-30.4982,7820.49823441929,9202.52952198984,129.7573597180134,148.52354183349905
learned|fs=F1|mfeq=0.65|maeq=0.50,F1,0.65,0.5,2025,"[2018, 2019, 2020, 2021, 2022, 2023, 2024]","{""log1p_range_30m"": 0.11192342642526991, ""log1p_atr14_60m"": 0.4689899138267198, ""log_rvol60"": 0.1673307920834926, ""intercept"": 2.2876324605558422}","{""log1p_range_30m"": 0.07641119522079481, ""log1p_atr14_60m"": 0.5145113660795374, ""log_rvol60"": 0.14866711139539474, ""intercept"": 1.9163124353028866}",0.0028169014084507044,230,-748.98,0.9246,-0.002,-16.911,9190.23219373827,9939.210987550425,121.30036881049331,121.77123041540206
learned|fs=F1|mfeq=0.65|maeq=0.65,F1,0.65,0.65,2021,"[2018, 2019, 2020]","{""log1p_range_30m"": 0.04770232517032091, ""log1p_atr14_60m"": 0.6037641608478598, ""log_rvol60"": 0.226904426376899, ""intercept"": 1.9251927237439428}","{""log1p_range_30m"": 0.0960396489462559, ""log1p_atr14_60m"": 0.6126801991603815, ""log_rvol60"": 0.1735357703799813, ""intercept"": 1.7713117758031593}",0.0,217,962.72,1.1476,0.0368,-5.7973,7485.503707870879,6522.783850504822,92.03120934347659,84.03835429497673
learned|fs=F1|mfeq=0.65|maeq=0.65,F1,0.65,0.65,2022,"[2018, 2019, 2020, 2021]","{""log1p_range_30m"": 0.0, ""log1p_atr14_60m"": 0.681833950377079, ""log_rvol60"": 0.3, ""intercept"": 1.9330115297245576}","{""log1p_range_30m"": 0.07991076316872701, ""log1p_atr14_60m"": 0.5640905071096974, ""log_rvol60"": 0.1561082417995283, ""intercept"": 2.0282606565398944}",0.01084010840108401,247,71.89,1.0069,-0.0049,-19.0313,10480.77014554373,10408.880743911732,102.36790993144486,103.58168115644226
learned|fs=F1|mfeq=0.65|maeq=0.65,F1,0.65,0.65,2023,"[2018, 2019, 2020, 2021, 2022]","{""log1p_range_30m"": 0.05336031453559222, ""log1p_atr14_60m"": 0.601364644883407, ""log_rvol60"": 0.25718869836064284, ""intercept"": 1.9815674469258227}","{""log1p_range_30m"": 0.10814286418327687, ""log1p_atr14_60m"": 0.5655141292660333, ""log_rvol60"": 0.08299777460361382, ""intercept"": 1.9917578735942716}",0.0,217,-104.52,0.9851,-0.0084,-11.9789,6897.8601190323025,7002.383792630568,86.15126615603128,87.97072383631871
learned|fs=F1|mfeq=0.65|maeq=0.65,F1,0.65,0.65,2024,"[2018, 2019, 2020, 2021, 2022, 2023]","{""log1p_range_30m"": 0.1036420773405296, ""log1p_atr14_60m"": 0.5023508782110567, ""log_rvol60"": 0.20826187175932565, ""intercept"": 2.186419623429878}","{""log1p_range_30m"": 0.0938678208854899, ""log1p_atr14_60m"": 0.5629979486000966, ""log_rvol60"": 0.062470510660440993, ""intercept"": 2.065766290214591}",0.0,234,-1653.91,0.8367,-0.0644,-20.4691,8474.459797854652,10128.372910028706,89.5964654890044,104.66882863361879
learned|fs=F1|mfeq=0.65|maeq=0.65,F1,0.65,0.65,2025,"[2018, 2019, 2020, 2021, 2022, 2023, 2024]","{""log1p_range_30m"": 0.11192342642526991, ""log1p_atr14_60m"": 0.4689899138267198, ""log_rvol60"": 0.1673307920834926, ""intercept"": 2.2876324605558422}","{""log1p_range_30m"": 0.057572945928608135, ""log1p_atr14_60m"": 0.6037229078361076, ""log_rvol60"": 0.08510178039348523, ""intercept"": 2.1085968942786284}",0.0028169014084507044,206,304.53,1.0292,0.0564,-10.023,10720.58866566217,10416.055670570415,88.34856226535337,76.73390340854934
learned|fs=F1|mfeq=0.65|maeq=0.80,F1,0.65,0.8,2021,"[2018, 2019, 2020]","{""log1p_range_30m"": 0.04770232517032091, ""log1p_atr14_60m"": 0.6037641608478598, ""log_rvol60"": 0.226904426376899, ""intercept"": 1.9251927237439428}","{""log1p_range_30m"": 0.04843992209244174, ""log1p_atr14_60m"": 0.598919640796739, ""log_rvol60"": 0.01136196099067277, ""intercept"": 2.4066109233116744}",0.0,199,253.79,1.0364,0.0002,-5.6747,7229.449058355574,6975.65904190234,61.3937200414638,61.35299197991253
learned|fs=F1|mfeq=0.65|maeq=0.80,F1,0.65,0.8,2022,"[2018, 2019, 2020, 2021]","{""log1p_range_30m"": 0.0, ""log1p_atr14_60m"": 0.681833950377079, ""log_rvol60"": 0.3, ""intercept"": 1.9330115297245576}","{""log1p_range_30m"": 0.06584839778268821, ""log1p_atr14_60m"": 0.569939981807504, ""log_rvol60"": 0.006856791991537656, ""intercept"": 2.508830287370238}",0.01084010840108401,225,-617.65,0.9443,-0.0276,-13.1399,10464.868650402836,11082.520333059932,66.50306180199081,72.7104673612074
learned|fs=F1|mfeq=0.65|maeq=0.80,F1,0.65,0.8,2023,"[2018, 2019, 2020, 2021, 2022]","{""log1p_range_30m"": 0.05336031453559222, ""log1p_atr14_60m"": 0.601364644883407, ""log_rvol60"": 0.25718869836064284, ""intercept"": 1.9815674469258227}","{""log1p_range_30m"": 0.07985384751188959, ""log1p_atr14_60m"": 0.5810362992665927, ""log_rvol60"": 0.009535891495818752, ""intercept"": 2.471887297473834}",0.0,204,762.84,1.1159,0.0327,-5.1096,7341.988661414143,6579.150142024686,59.733415954961046,53.05788477102789
learned|fs=F1|mfeq=0.65|maeq=0.80,F1,0.65,0.8,2024,"[2018, 2019, 2020, 2021, 2022, 2023]","{""log1p_range_30m"": 0.1036420773405296, ""log1p_atr14_60m"": 0.5023508782110567, ""log_rvol60"": 0.20826187175932565, ""intercept"": 2.186419623429878}","{""log1p_range_30m"": 0.06082192133307744, ""log1p_atr14_60m"": 0.5637538719483696, ""log_rvol60"": -0.03257796102972836, ""intercept"": 2.598178723822793}",0.0,213,-2343.83,0.7836,-0.0629,-19.2012,8488.252597507857,10832.077841230108,61.58669368217278,74.99182502465915
learned|fs=F1|mfeq=0.65|maeq=0.80,F1,0.65,0.8,2025,"[2018, 2019, 2020, 2021, 2022, 2023, 2024]","{""log1p_range_30m"": 0.11192342642526991, ""log1p_atr14_60m"": 0.4689899138267198, ""log_rvol60"": 0.1673307920834926, ""intercept"": 2.2876324605558422}","{""log1p_range_30m"": 0.030640794727295216, ""log1p_atr14_60m"": 0.612449544904758, ""log_rvol60"": 0.020374392833904482, ""intercept"": 2.605148622372867}",0.0028169014084507044,193,2199.62,1.2311,0.0826,-4.9744,11718.758355746515,9519.140231456899,63.48037055382921,47.53882933780647
learned|fs=F1|mfeq=0.80|maeq=0.50,F1,0.8,0.5,2021,"[2018, 2019, 2020]","{""log1p_range_30m"": 0.0, ""log1p_atr14_60m"": 0.7122790423527634, ""log_rvol60"": 0.13785086985535477, ""intercept"": 2.297364081046143}","{""log1p_range_30m"": 0.0440452424827068, ""log1p_atr14_60m"": 0.6195668065649134, ""log_rvol60"": 0.22041175055067197, ""intercept"": 1.5527405623991708}",0.1,224,2091.44,1.3298,0.1479,-12.9358,8432.564879168927,6341.1229101900335,151.27734945035976,118.14001642849898
learned|fs=F1|mfeq=0.80|maeq=0.50,F1,0.8,0.5,2022,"[2018, 2019, 2020, 2021]","{""log1p_range_30m"": 0.013321294923943931, ""log1p_atr14_60m"": 0.6836648229682606, ""log_rvol60"": 0.1851285999465555, ""intercept"": 2.270420784027744}","{""log1p_range_30m"": 0.06898359929710848, ""log1p_atr14_60m"": 0.5405394355135766, ""log_rvol60"": 0.1875728273159622, ""intercept"": 1.7689249129418658}",0.15447154471544716,267,421.57,1.0414,0.0002,-16.1514,10614.879671758214,10193.30672424665,152.9008540266994,152.83499098585224
learned|fs=F1|mfeq=0.80|maeq=0.50,F1,0.8,0.5,2023,"[2018, 2019, 2020, 2021, 2022]","{""log1p_range_30m"": 0.047972525831826186, ""log1p_atr14_60m"": 0.7006512363350997, ""log_rvol60"": 0.16596654302393438, ""intercept"": 2.144895361952007}","{""log1p_range_30m"": 0.08425709810407091, ""log1p_atr14_60m"": 0.5249035835286536, ""log_rvol60"": 0.15154539253817237, ""intercept"": 1.811158141791181}",0.0,230,932.15,1.1494,0.0582,-13.852,7173.3431960442485,6241.194003783305,132.42513157499826,119.03570077019023
learned|fs=F1|mfeq=0.80|maeq=0.50,F1,0.8,0.5,2024,"[2018, 2019, 2020, 2021, 2022, 2023]","{""log1p_range_30m"": 0.07456188540825388, ""log1p_atr14_60m"": 0.6572734768838255, ""log_rvol60"": 0.17756205156178784, ""intercept"": 2.2176133193628025}","{""log1p_range_30m"": 0.08272523432660796, ""log1p_atr14_60m"": 0.4870216653750935, ""log_rvol60"": 0.12515357894311518, ""intercept"": 1.94833148138163}",0.050761421319796954,254,-2329.12,0.7707,-0.1362,-38.6965,7829.564943080699,10158.684691373597,130.22168891727534,164.81214519426135
learned|fs=F1|mfeq=0.80|maeq=0.50,F1,0.8,0.5,2025,"[2018, 2019, 2020, 2021, 2022, 2023, 2024]","{""log1p_range_30m"": 0.06894835783501885, ""log1p_atr14_60m"": 0.6141536318592288, ""log_rvol60"": 0.12137834612140944, ""intercept"": 2.4056955903121717}","{""log1p_range_30m"": 0.07641119522079481, ""log1p_atr14_60m"": 0.5145113660795374, ""log_rvol60"": 0.14866711139539474, ""intercept"": 1.9163124353028866}",0.12112676056338029,223,-2234.48,0.8033,-0.0911,-28.8243,9124.705291353024,11359.185043973695,120.21147409175225,140.5362783341593
learned|fs=F1|mfeq=0.80|maeq=0.65,F1,0.8,0.65,2021,"[2018, 2019, 2020]","{""log1p_range_30m"": 0.0, ""log1p_atr14_60m"": 0.7122790423527634, ""log_rvol60"": 0.13785086985535477, ""intercept"": 2.297364081046143}","{""log1p_range_30m"": 0.0960396489462559, ""log1p_atr14_60m"": 0.6126801991603815, ""log_rvol60"": 0.1735357703799813, ""intercept"": 1.7713117758031593}",0.1,209,1361.91,1.1912,0.0554,-8.8005,8485.146911864053,7123.23777967006,103.80471276881991,92.23357760697102
learned|fs=F1|mfeq=0.80|maeq=0.65,F1,0.8,0.65,2022,"[2018, 2019, 2020, 2021]","{""log1p_range_30m"": 0.013321294923943931, ""log1p_atr14_60m"": 0.6836648229682606, ""log_rvol60"": 0.1851285999465555, ""intercept"": 2.270420784027744}","{""log1p_range_30m"": 0.07991076316872701, ""log1p_atr14_60m"": 0.5640905071096974, ""log_rvol60"": 0.1561082417995283, ""intercept"": 2.0282606565398944}",0.15447154471544716,244,162.09,1.0141,-0.0083,-18.1081,11641.059173763524,11478.97236436657,113.75273117769281,115.76949065362713
learned|fs=F1|mfeq=0.80|maeq=0.65,F1,0.8,0.65,2023,"[2018, 2019, 2020, 2021, 2022]","{""log1p_range_30m"": 0.047972525831826186, ""log1p_atr14_60m"": 0.7006512363350997, ""log_rvol60"": 0.16596654302393438, ""intercept"": 2.144895361952007}","{""log1p_range_30m"": 0.10814286418327687, ""log1p_atr14_60m"": 0.5655141292660333, ""log_rvol60"": 0.08299777460361382, ""intercept"": 1.9917578735942716}",0.0,210,-352.95,0.9541,-0.0302,-15.8794,7336.869445544404,7689.823348415341,91.02311096600828,97.35693638953893
learned|fs=F1|mfeq=0.80|maeq=0.65,F1,0.8,0.65,2024,"[2018, 2019, 2020, 2021, 2022, 2023]","{""log1p_range_30m"": 0.07456188540825388, ""log1p_atr14_60m"": 0.6572734768838255, ""log_rvol60"": 0.17756205156178784, ""intercept"": 2.2176133193628025}","{""log1p_range_30m"": 0.0938678208854899, ""log1p_atr14_60m"": 0.5629979486000966, ""log_rvol60"": 0.062470510660440993, ""intercept"": 2.065766290214591}",0.050761421319796954,226,-1983.9,0.8196,-0.0676,-21.2738,9012.482075679203,10996.38211510169,98.10598484404716,113.37366971913457
learned|fs=F1|mfeq=0.80|maeq=0.65,F1,0.8,0.65,2025,"[2018, 2019, 2020, 2021, 2022, 2023, 2024]","{""log1p_range_30m"": 0.06894835783501885, ""log1p_atr14_60m"": 0.6141536318592288, ""log_rvol60"": 0.12137834612140944, ""intercept"": 2.4056955903121717}","{""log1p_range_30m"": 0.057572945928608135, ""log1p_atr14_60m"": 0.6037229078361076, ""log_rvol60"": 0.08510178039348523, ""intercept"": 2.1085968942786284}",0.12112676056338029,198,-1227.2,0.8966,-0.0128,-14.1511,10642.817080967427,11870.019140417775,86.56904497976456,89.09718712933467
learned|fs=F1|mfeq=0.80|maeq=0.80,F1,0.8,0.8,2021,"[2018, 2019, 2020]","{""log1p_range_30m"": 0.0, ""log1p_atr14_60m"": 0.7122790423527634, ""log_rvol60"": 0.13785086985535477, ""intercept"": 2.297364081046143}","{""log1p_range_30m"": 0.04843992209244174, ""log1p_atr14_60m"": 0.598919640796739, ""log_rvol60"": 0.01136196099067277, ""intercept"": 2.4066109233116744}",0.1,191,63.6,1.0081,-0.0123,-6.8484,7928.692245989992,7865.089572610834,66.98499608555304,69.33693915010198
learned|fs=F1|mfeq=0.80|maeq=0.80,F1,0.8,0.8,2022,"[2018, 2019, 2020, 2021]","{""log1p_range_30m"": 0.013321294923943931, ""log1p_atr14_60m"": 0.6836648229682606, ""log_rvol60"": 0.1851285999465555, ""intercept"": 2.270420784027744}","{""log1p_range_30m"": 0.06584839778268821, ""log1p_atr14_60m"": 0.569939981807504, ""log_rvol60"": 0.006856791991537656, ""intercept"": 2.508830287370238}",0.15447154471544716,220,-94.99,0.9921,-0.0194,-10.2959,11870.349721652921,11965.33973398267,75.229720211112,79.4917073694731
learned|fs=F1|mfeq=0.80|maeq=0.80,F1,0.8,0.8,2023,"[2018, 2019, 2020, 2021, 2022]","{""log1p_range_30m"": 0.047972525831826186, ""log1p_atr14_60m"": 0.7006512363350997, ""log_rvol60"": 0.16596654302393438, ""intercept"": 2.144895361952007}","{""log1p_range_30m"": 0.07985384751188959, ""log1p_atr14_60m"": 0.5810362992665927, ""log_rvol60"": 0.009535891495818752, ""intercept"": 2.471887297473834}",0.0,194,490.47,1.0667,0.0182,-7.1183,7847.781481494492,7357.311105231174,63.56471932363619,60.0355195198275
learned|fs=F1|mfeq=0.80|maeq=0.80,F1,0.8,0.8,2024,"[2018, 2019, 2020, 2021, 2022, 2023]","{""log1p_range_30m"": 0.07456188540825388, ""log1p_atr14_60m"": 0.6572734768838255, ""log_rvol60"": 0.17756205156178784, ""intercept"": 2.2176133193628025}","{""log1p_range_30m"": 0.06082192133307744, ""log1p_atr14_60m"": 0.5637538719483696, ""log_rvol60"": -0.03257796102972836, ""intercept"": 2.598178723822793}",0.050761421319796954,204,-2867.15,0.7613,-0.0766,-19.6991,9142.172156974368,12009.32698315871,67.75964384533528,83.38287863517513
learned|fs=F1|mfeq=0.80|maeq=0.80,F1,0.8,0.8,2025,"[2018, 2019, 2020, 2021, 2022, 2023, 2024]","{""log1p_range_30m"": 0.06894835783501885, ""log1p_atr14_60m"": 0.6141536318592288, ""log_rvol60"": 0.12137834612140944, ""intercept"": 2.4056955903121717}","{""log1p_range_30m"": 0.030640794727295216, ""log1p_atr14_60m"": 0.612449544904758, ""log_rvol60"": 0.020374392833904482, ""intercept"": 2.605148622372867}",0.12112676056338029,182,1012.07,1.0923,0.0543,-9.1875,11976.349432404626,10964.283766774799,64.77573594669418,54.90084018628663
learned|fs=F2|mfeq=0.50|maeq=0.50,F2,0.5,0.5,2021,"[2018, 2019, 2020]","{""log1p_range_30m"": 0.0, ""log1p_prev_session_range"": 0.7540488245490355, ""log_rvol60"": 0.3, ""intercept"": -0.02792723627536824}","{""log1p_range_30m"": 0.04592855281066565, ""log1p_prev_session_range"": 0.5865072326492118, ""log_rvol60"": 0.3, ""intercept"": 0.6431814234287888}",0.0,236,887.14,1.1541,0.0339,-10.58,6644.0678611693875,5756.929236023529,113.03717215862935,105.03903688130676
learned|fs=F2|mfeq=0.50|maeq=0.50,F2,0.5,0.5,2022,"[2018, 2019, 2020, 2021]","{""log1p_range_30m"": 0.019584072505725268, ""log1p_prev_session_range"": 0.6133696931261998, ""log_rvol60"": 0.3, ""intercept"": 0.5324751870248573}","{""log1p_range_30m"": 0.04766831911837939, ""log1p_prev_session_range"": 0.5497897837268809, ""log_rvol60"": 0.2989182455338173, ""intercept"": 0.8358336891817064}",0.0,271,1064.0,1.1361,0.0377,-10.0143,8882.501422570293,7818.505627159857,124.42635542969873,114.20526868108314
learned|fs=F2|mfeq=0.50|maeq=0.50,F2,0.5,0.5,2023,"[2018, 2019, 2020, 2021, 2022]","{""log1p_range_30m"": 0.009216979375044359, ""log1p_prev_session_range"": 0.6514430614960451, ""log_rvol60"": 0.3, ""intercept"": 0.38656298716419635}","{""log1p_range_30m"": 0.03538077863848032, ""log1p_prev_session_range"": 0.5799162644673087, ""log_rvol60"": 0.23050978337502329, ""intercept"": 0.7678067536905351}",0.0,242,704.08,1.1323,0.047,-12.5254,6026.7415490901585,5322.65851457841,108.42233474970826,97.0383980955396
learned|fs=F2|mfeq=0.50|maeq=0.50,F2,0.5,0.5,2024,"[2018, 2019, 2020, 2021, 2022, 2023]","{""log1p_range_30m"": 0.03383999461702743, ""log1p_prev_session_range"": 0.6159043703877466, ""log_rvol60"": 0.3, ""intercept"": 0.5067395819438275}","{""log1p_range_30m"": 0.029733575158982423, ""log1p_prev_session_range"": 0.5831345304105373, ""log_rvol60"": 0.1819036772078157, ""intercept"": 0.7794547578202199}",0.0,268,-1203.08,0.8538,-0.0584,-21.4246,7025.371275083999,8228.447225256983,111.80251483019548,127.45554723005006
learned|fs=F2|mfeq=0.50|maeq=0.50,F2,0.5,0.5,2025,"[2018, 2019, 2020, 2021, 2022, 2023, 2024]","{""log1p_range_30m"": 0.06123755591988769, ""log1p_prev_session_range"": 0.5690056521733267, ""log_rvol60"": 0.3, ""intercept"": 0.6647673088462738}","{""log1p_range_30m"": 0.00027935179371724867, ""log1p_prev_session_range"": 0.6044982233498614, ""log_rvol60"": 0.2227724299620925, ""intercept"": 0.8039262366479113}",0.0,236,254.39,1.0304,0.0146,-13.0497,8614.980922869225,8360.587674383012,106.98500978514862,103.53980464083659
learned|fs=F2|mfeq=0.50|maeq=0.65,F2,0.5,0.65,2021,"[2018, 2019, 2020]","{""log1p_range_30m"": 0.0, ""log1p_prev_session_range"": 0.7540488245490355, ""log_rvol60"": 0.3, ""intercept"": -0.02792723627536824}","{""log1p_range_30m"": 0.07043679160391947, ""log1p_prev_session_range"": 0.5210861957991152, ""log_rvol60"": 0.24837361413517003, ""intercept"": 1.2457598352678378}",0.0,224,792.27,1.1277,0.0191,-6.1761,6997.476257981067,6205.201647498074,85.260603530048,80.98360091343072
learned|fs=F2|mfeq=0.50|maeq=0.65,F2,0.5,0.65,2022,"[2018, 2019, 2020, 2021]","{""log1p_range_30m"": 0.019584072505725268, ""log1p_prev_session_range"": 0.6133696931261998, ""log_rvol60"": 0.3, ""intercept"": 0.5324751870248573}","{""log1p_range_30m"": 0.061009233804318115, ""log1p_prev_session_range"": 0.528017968033812, ""log_rvol60"": 0.21007554433607267, ""intercept"": 1.2825582718363602}",0.0,257,391.9,1.0446,0.0008,-11.6378,9185.255573632898,8793.357044107519,89.20840612603705,88.99821157404605
learned|fs=F2|mfeq=0.50|maeq=0.65,F2,0.5,0.65,2023,"[2018, 2019, 2020, 2021, 2022]","{""log1p_range_30m"": 0.009216979375044359, ""log1p_prev_session_range"": 0.6514430614960451, ""log_rvol60"": 0.3, ""intercept"": 0.38656298716419635}","{""log1p_range_30m"": 0.07871334316739215, ""log1p_prev_session_range"": 0.5345174931128508, ""log_rvol60"": 0.17960018660900265, ""intercept"": 1.2237197531750204}",0.0,227,-111.82,0.9819,-0.0125,-13.601,6058.348874890371,6170.17068012864,74.88907080840426,77.72524111446481
learned|fs=F2|mfeq=0.50|maeq=0.65,F2,0.5,0.65,2024,"[2018, 2019, 2020, 2021, 2022, 2023]","{""log1p_range_30m"": 0.03383999461702743, ""log1p_prev_session_range"": 0.6159043703877466, ""log_rvol60"": 0.3, ""intercept"": 0.5067395819438275}","{""log1p_range_30m"": 0.06798753822081646, ""log1p_prev_session_range"": 0.5511592274372512, ""log_rvol60"": 0.1353893141261281, ""intercept"": 1.2021371332760507}",0.0,244,-1903.0,0.7882,-0.0813,-22.1697,7083.330789051037,8986.333342843402,75.63562405033409,95.46118926815552
learned|fs=F2|mfeq=0.50|maeq=0.65,F2,0.5,0.65,2025,"[2018, 2019, 2020, 2021, 2022, 2023, 2024]","{""log1p_range_30m"": 0.06123755591988769, ""log1p_prev_session_range"": 0.5690056521733267, ""log_rvol60"": 0.3, ""intercept"": 0.6647673088462738}","{""log1p_range_30m"": 0.02196376886682341, ""log1p_prev_session_range"": 0.5633863792575512, ""log_rvol60"": 0.153628483159461, ""intercept"": 1.3574792098643902}",0.0,220,1175.01,1.1416,0.0532,-7.9225,9475.579898421227,8300.56574467813,80.84941647035552,69.1549957740616
learned|fs=F2|mfeq=0.50|maeq=0.80,F2,0.5,0.8,2021,"[2018, 2019, 2020]","{""log1p_range_30m"": 0.0, ""log1p_prev_session_range"": 0.7540488245490355, ""log_rvol60"": 0.3, ""intercept"": -0.02792723627536824}","{""log1p_range_30m"": 0.11320999069900438, ""log1p_prev_session_range"": 0.48098618546937916, ""log_rvol60"": 0.026218105123631718, ""intercept"": 1.7724179158217952}",0.0,203,-306.13,0.9554,-0.0185,-7.7162,6557.1268696672105,6863.257520004459,53.854323521707975,57.61990174707383
learned|fs=F2|mfeq=0.50|maeq=0.80,F2,0.5,0.8,2022,"[2018, 2019, 2020, 2021]","{""log1p_range_30m"": 0.019584072505725268, ""log1p_prev_session_range"": 0.6133696931261998, ""log_rvol60"": 0.3, ""intercept"": 0.5324751870248573}","{""log1p_range_30m"": 0.03747924407659228, ""log1p_prev_session_range"": 0.5068040549172219, ""log_rvol60"": 0.12261476239594066, ""intercept"": 1.9321333037954804}",0.0,244,-780.36,0.9205,-0.0266,-12.9068,9030.803108463564,9811.163582280176,58.26956943246522,64.765826909857
learned|fs=F2|mfeq=0.50|maeq=0.80,F2,0.5,0.8,2023,"[2018, 2019, 2020, 2021, 2022]","{""log1p_range_30m"": 0.009216979375044359, ""log1p_prev_session_range"": 0.6514430614960451, ""log_rvol60"": 0.3, ""intercept"": 0.38656298716419635}","{""log1p_range_30m"": 0.058269588996594186, ""log1p_prev_session_range"": 0.5361251132514149, ""log_rvol60"": 0.0988516134125085, ""intercept"": 1.7706213957268153}",0.0,212,398.27,1.0704,0.0086,-7.2347,6051.652924935468,5653.387107587156,46.408965723835834,44.57546865842111
learned|fs=F2|mfeq=0.50|maeq=0.80,F2,0.5,0.8,2024,"[2018, 2019, 2020, 2021, 2022, 2023]","{""log1p_range_30m"": 0.03383999461702743, ""log1p_prev_session_range"": 0.6159043703877466, ""log_rvol60"": 0.3, ""intercept"": 0.5067395819438275}","{""log1p_range_30m"": 0.0512894559418863, ""log1p_prev_session_range"": 0.5224274802797158, ""log_rvol60"": 0.05413463170863939, ""intercept"": 1.870232624456161}",0.0,216,-3304.84,0.6655,-0.1011,-24.7902,6574.4274040638775,9879.263356692903,45.61931949666917,67.44671748613212
learned|fs=F2|mfeq=0.50|maeq=0.80,F2,0.5,0.8,2025,"[2018, 2019, 2020, 2021, 2022, 2023, 2024]","{""log1p_range_30m"": 0.06123755591988769, ""log1p_prev_session_range"": 0.5690056521733267, ""log_rvol60"": 0.3, ""intercept"": 0.6647673088462738}","{""log1p_range_30m"": 0.011408392774957012, ""log1p_prev_session_range"": 0.5563952165650303, ""log_rvol60"": 0.0922393408343728, ""intercept"": 1.8892269509269362}",0.0,207,863.6,1.0971,0.0216,-5.2942,9761.644917379188,8898.043403177544,53.011473019975,48.54576208043501
learned|fs=F2|mfeq=0.65|maeq=0.50,F2,0.65,0.5,2021,"[2018, 2019, 2020]","{""log1p_range_30m"": 0.0, ""log1p_prev_session_range"": 0.6537872961488139, ""log_rvol60"": 0.2271360346208281, ""intercept"": 0.8207538344361839}","{""log1p_range_30m"": 0.04592855281066565, ""log1p_prev_session_range"": 0.5865072326492118, ""log_rvol60"": 0.3, ""intercept"": 0.6431814234287888}",0.0,233,1699.67,1.2858,0.1031,-7.3567,7645.943634358677,5946.278105934201,132.80884845225378,108.78302675567583
learned|fs=F2|mfeq=0.65|maeq=0.50,F2,0.65,0.5,2022,"[2018, 2019, 2020, 2021]","{""log1p_range_30m"": 0.008255228997801426, ""log1p_prev_session_range"": 0.5838972972476568, ""log_rvol60"": 0.3, ""intercept"": 1.1133836229488456}","{""log1p_range_30m"": 0.04766831911837939, ""log1p_prev_session_range"": 0.5497897837268809, ""log_rvol60"": 0.2989182455338173, ""intercept"": 0.8358336891817064}",0.0,262,-605.15,0.936,-0.0517,-18.7406,8851.882692447849,9457.033876709407,124.17024344138574,137.719835710906
learned|fs=F2|mfeq=0.65|maeq=0.50,F2,0.65,0.5,2023,"[2018, 2019, 2020, 2021, 2022]","{""log1p_range_30m"": 0.04058393833522975, ""log1p_prev_session_range"": 0.6204048572815145, ""log_rvol60"": 0.3, ""intercept"": 0.8718428580934292}","{""log1p_range_30m"": 0.03538077863848032, ""log1p_prev_session_range"": 0.5799162644673087, ""log_rvol60"": 0.23050978337502329, ""intercept"": 0.7678067536905351}",0.0,238,1232.74,1.2047,0.0808,-10.1018,7256.247844861084,6023.511381224449,130.5176329360404,111.28914349886641
learned|fs=F2|mfeq=0.65|maeq=0.50,F2,0.65,0.5,2024,"[2018, 2019, 2020, 2021, 2022, 2023]","{""log1p_range_30m"": 0.05709369586637705, ""log1p_prev_session_range"": 0.5888308129531169, ""log_rvol60"": 0.2809627379143121, ""intercept"": 0.9943418622241487}","{""log1p_range_30m"": 0.029733575158982423, ""log1p_prev_session_range"": 0.5831345304105373, ""log_rvol60"": 0.1819036772078157, ""intercept"": 0.7794547578202199}",0.0,257,-1624.41,0.8239,-0.0753,-28.9996,7601.692788050259,9226.107482010026,124.33104860822657,143.6757312898566
learned|fs=F2|mfeq=0.65|maeq=0.50,F2,0.65,0.5,2025,"[2018, 2019, 2020, 2021, 2022, 2023, 2024]","{""log1p_range_30m"": 0.0811026065880555, ""log1p_prev_session_range"": 0.5253408834045874, ""log_rvol60"": 0.21689204611093468, ""intercept"": 1.256526798762743}","{""log1p_range_30m"": 0.00027935179371724867, ""log1p_prev_session_range"": 0.6044982233498614, ""log_rvol60"": 0.2227724299620925, ""intercept"": 0.8039262366479113}",0.008450704225352112,227,-449.45,0.953,-0.0094,-18.0179,9115.048510643148,9564.49640993424,116.58067024532323,118.72171787466176
learned|fs=F2|mfeq=0.65|maeq=0.65,F2,0.65,0.65,2021,"[2018, 2019, 2020]","{""log1p_range_30m"": 0.0, ""log1p_prev_session_range"": 0.6537872961488139, ""log_rvol60"": 0.2271360346208281, ""intercept"": 0.8207538344361839}","{""log1p_range_30m"": 0.07043679160391947, ""log1p_prev_session_range"": 0.5210861957991152, ""log_rvol60"": 0.24837361413517003, ""intercept"": 1.2457598352678378}",0.0,220,1361.02,1.2072,0.0428,-5.7945,7928.322750738005,6567.300517408747,97.01448998888675,87.59824605324202
learned|fs=F2|mfeq=0.65|maeq=0.65,F2,0.65,0.65,2022,"[2018, 2019, 2020, 2021]","{""log1p_range_30m"": 0.008255228997801426, ""log1p_prev_session_range"": 0.5838972972476568, ""log_rvol60"": 0.3, ""intercept"": 1.1133836229488456}","{""log1p_range_30m"": 0.061009233804318115, ""log1p_prev_session_range"": 0.528017968033812, ""log_rvol60"": 0.21007554433607267, ""intercept"": 1.2825582718363602}",0.0,245,-929.12,0.911,-0.0548,-19.7426,9513.544450911744,10442.666172281544,92.53188773383967,105.96995228652021
learned|fs=F2|mfeq=0.65|maeq=0.65,F2,0.65,0.65,2023,"[2018, 2019, 2020, 2021, 2022]","{""log1p_range_30m"": 0.04058393833522975, ""log1p_prev_session_range"": 0.6204048572815145, ""log_rvol60"": 0.3, ""intercept"": 0.8718428580934292}","{""log1p_range_30m"": 0.07871334316739215, ""log1p_prev_session_range"": 0.5345174931128508, ""log_rvol60"": 0.17960018660900265, ""intercept"": 1.2237197531750204}",0.0,220,21.02,1.003,-0.0113,-13.5848,7053.613418543542,7032.597701946817,87.10795064295417,89.5975616070027
learned|fs=F2|mfeq=0.65|maeq=0.65,F2,0.65,0.65,2024,"[2018, 2019, 2020, 2021, 2022, 2023]","{""log1p_range_30m"": 0.05709369586637705, ""log1p_prev_session_range"": 0.5888308129531169, ""log_rvol60"": 0.2809627379143121, ""intercept"": 0.9943418622241487}","{""log1p_range_30m"": 0.06798753822081646, ""log1p_prev_session_range"": 0.5511592274372512, ""log_rvol60"": 0.1353893141261281, ""intercept"": 1.2021371332760507}",0.0,233,-2152.33,0.788,-0.0942,-25.4166,7999.492470353362,10151.823829030676,86.51664530993418,108.45423716038505
learned|fs=F2|mfeq=0.65|maeq=0.65,F2,0.65,0.65,2025,"[2018, 2019, 2020, 2021, 2022, 2023, 2024]","{""log1p_range_30m"": 0.0811026065880555, ""log1p_prev_session_range"": 0.5253408834045874, ""log_rvol60"": 0.21689204611093468, ""intercept"": 1.256526798762743}","{""log1p_range_30m"": 0.02196376886682341, ""log1p_prev_session_range"": 0.5633863792575512, ""log_rvol60"": 0.153628483159461, ""intercept"": 1.3574792098643902}",0.008450704225352112,210,-433.75,0.9581,0.0026,-13.6487,9929.926636282406,10363.679512026141,86.70859880069706,86.16488511218958
learned|fs=F2|mfeq=0.65|maeq=0.80,F2,0.65,0.8,2021,"[2018, 2019, 2020]","{""log1p_range_30m"": 0.0, ""log1p_prev_session_range"": 0.6537872961488139, ""log_rvol60"": 0.2271360346208281, ""intercept"": 0.8207538344361839}","{""log1p_range_30m"": 0.11320999069900438, ""log1p_prev_session_range"": 0.48098618546937916, ""log_rvol60"": 0.026218105123631718, ""intercept"": 1.7724179158217952}",0.0,197,271.1,1.0377,0.0033,-4.9068,7463.6899542765,7192.594434653347,61.63595323505915,60.98358698101112
learned|fs=F2|mfeq=0.65|maeq=0.80,F2,0.65,0.8,2022,"[2018, 2019, 2020, 2021]","{""log1p_range_30m"": 0.008255228997801426, ""log1p_prev_session_range"": 0.5838972972476568, ""log_rvol60"": 0.3, ""intercept"": 1.1133836229488456}","{""log1p_range_30m"": 0.03747924407659228, ""log1p_prev_session_range"": 0.5068040549172219, ""log_rvol60"": 0.12261476239594066, ""intercept"": 1.9321333037954804}",0.0,227,-1964.94,0.8296,-0.0698,-16.098,9566.227969855785,11531.167035544582,61.25854414065995,77.11374005008456
learned|fs=F2|mfeq=0.65|maeq=0.80,F2,0.65,0.8,2023,"[2018, 2019, 2020, 2021, 2022]","{""log1p_range_30m"": 0.04058393833522975, ""log1p_prev_session_range"": 0.6204048572815145, ""log_rvol60"": 0.3, ""intercept"": 0.8718428580934292}","{""log1p_range_30m"": 0.058269588996594186, ""log1p_prev_session_range"": 0.5361251132514149, ""log_rvol60"": 0.0988516134125085, ""intercept"": 1.7706213957268153}",0.0,203,725.93,1.1136,0.0255,-6.3428,7113.5793041189245,6387.647634379569,55.2389792756396,50.05867989372637
learned|fs=F2|mfeq=0.65|maeq=0.80,F2,0.65,0.8,2024,"[2018, 2019, 2020, 2021, 2022, 2023]","{""log1p_range_30m"": 0.05709369586637705, ""log1p_prev_session_range"": 0.5888308129531169, ""log_rvol60"": 0.2809627379143121, ""intercept"": 0.9943418622241487}","{""log1p_range_30m"": 0.0512894559418863, ""log1p_prev_session_range"": 0.5224274802797158, ""log_rvol60"": 0.05413463170863939, ""intercept"": 1.870232624456161}",0.0,206,-3168.82,0.7123,-0.0957,-23.2209,7846.279932500194,11015.102842332704,55.31188403629219,75.01974228998634
learned|fs=F2|mfeq=0.65|maeq=0.80,F2,0.65,0.8,2025,"[2018, 2019, 2020, 2021, 2022, 2023, 2024]","{""log1p_range_30m"": 0.0811026065880555, ""log1p_prev_session_range"": 0.5253408834045874, ""log_rvol60"": 0.21689204611093468, ""intercept"": 1.256526798762743}","{""log1p_range_30m"": 0.011408392774957012, ""log1p_prev_session_range"": 0.5563952165650303, ""log_rvol60"": 0.0922393408343728, ""intercept"": 1.8892269509269362}",0.008450704225352112,195,-168.14,0.9841,0.0043,-9.0443,10439.518365990501,10607.659301683689,58.474170055053236,57.626673016381545
learned|fs=F2|mfeq=0.80|maeq=0.50,F2,0.8,0.5,2021,"[2018, 2019, 2020]","{""log1p_range_30m"": 0.0, ""log1p_prev_session_range"": 0.7228136139349038, ""log_rvol60"": 0.24426602990786483, ""intercept"": 1.0780412666265666}","{""log1p_range_30m"": 0.04592855281066565, ""log1p_prev_session_range"": 0.5865072326492118, ""log_rvol60"": 0.3, ""intercept"": 0.6431814234287888}",0.17567567567567569,224,1598.89,1.2474,0.1151,-11.7492,8060.557694253437,6461.669459195768,144.55597307218127,118.77534894275199
learned|fs=F2|mfeq=0.80|maeq=0.50,F2,0.8,0.5,2022,"[2018, 2019, 2020, 2021]","{""log1p_range_30m"": 0.0028282024246479233, ""log1p_prev_session_range"": 0.5994360842850962, ""log_rvol60"": 0.26583194025470197, ""intercept"": 1.5237354717902725}","{""log1p_range_30m"": 0.04766831911837939, ""log1p_prev_session_range"": 0.5497897837268809, ""log_rvol60"": 0.2989182455338173, ""intercept"": 0.8358336891817064}",0.08672086720867209,259,277.64,1.0276,0.0057,-17.6111,10330.086092426525,10052.447905576044,147.5419411144503,146.06437734442528
learned|fs=F2|mfeq=0.80|maeq=0.50,F2,0.8,0.5,2023,"[2018, 2019, 2020, 2021, 2022]","{""log1p_range_30m"": 0.03584132292879963, ""log1p_prev_session_range"": 0.6365642670360949, ""log_rvol60"": 0.21160504759999507, ""intercept"": 1.2855650526410904}","{""log1p_range_30m"": 0.03538077863848032, ""log1p_prev_session_range"": 0.5799162644673087, ""log_rvol60"": 0.23050978337502329, ""intercept"": 0.7678067536905351}",0.0,232,488.46,1.0758,0.035,-15.1581,6928.8406747715035,6440.378234314825,127.17906299285366,119.0631433148695
learned|fs=F2|mfeq=0.80|maeq=0.50,F2,0.8,0.5,2024,"[2018, 2019, 2020, 2021, 2022, 2023]","{""log1p_range_30m"": 0.03547872365272019, ""log1p_prev_session_range"": 0.6114147400631429, ""log_rvol60"": 0.21392176629330062, ""intercept"": 1.424075890705464}","{""log1p_range_30m"": 0.029733575158982423, ""log1p_prev_session_range"": 0.5831345304105373, ""log_rvol60"": 0.1819036772078157, ""intercept"": 0.7794547578202199}",0.030456852791878174,253,-1297.77,0.8669,-0.063,-25.0274,8453.170079082465,9750.93743740538,138.09569893002424,154.0356057531754
learned|fs=F2|mfeq=0.80|maeq=0.50,F2,0.8,0.5,2025,"[2018, 2019, 2020, 2021, 2022, 2023, 2024]","{""log1p_range_30m"": 0.051196376799797896, ""log1p_prev_session_range"": 0.5693219622148307, ""log_rvol60"": 0.1988420585024791, ""intercept"": 1.6021289962820395}","{""log1p_range_30m"": 0.00027935179371724867, ""log1p_prev_session_range"": 0.6044982233498614, ""log_rvol60"": 0.2227724299620925, ""intercept"": 0.8039262366479113}",0.061971830985915494,219,-386.67,0.9626,-0.0065,-17.2467,9946.117044174483,10332.78475586405,126.87779957152053,128.30726686620864
learned|fs=F2|mfeq=0.80|maeq=0.65,F2,0.8,0.65,2021,"[2018, 2019, 2020]","{""log1p_range_30m"": 0.0, ""log1p_prev_session_range"": 0.7228136139349038, ""log_rvol60"": 0.24426602990786483, ""intercept"": 1.0780412666265666}","{""log1p_range_30m"": 0.07043679160391947, ""log1p_prev_session_range"": 0.5210861957991152, ""log_rvol60"": 0.24837361413517003, ""intercept"": 1.2457598352678378}",0.17567567567567569,211,1206.12,1.1673,0.055,-9.7167,8415.570616551808,7209.4521702736365,106.83025410438809,95.21809556359713
learned|fs=F2|mfeq=0.80|maeq=0.65,F2,0.8,0.65,2022,"[2018, 2019, 2020, 2021]","{""log1p_range_30m"": 0.0028282024246479233, ""log1p_prev_session_range"": 0.5994360842850962, ""log_rvol60"": 0.26583194025470197, ""intercept"": 1.5237354717902725}","{""log1p_range_30m"": 0.061009233804318115, ""log1p_prev_session_range"": 0.528017968033812, ""log_rvol60"": 0.21007554433607267, ""intercept"": 1.2825582718363602}",0.08672086720867209,242,112.18,1.01,-0.009,-17.5546,11383.202356630296,11271.026323313641,111.6849474189881,113.85668391584103
learned|fs=F2|mfeq=0.80|maeq=0.65,F2,0.8,0.65,2023,"[2018, 2019, 2020, 2021, 2022]","{""log1p_range_30m"": 0.03584132292879963, ""log1p_prev_session_range"": 0.6365642670360949, ""log_rvol60"": 0.21160504759999507, ""intercept"": 1.2855650526410904}","{""log1p_range_30m"": 0.07871334316739215, ""log1p_prev_session_range"": 0.5345174931128508, ""log_rvol60"": 0.17960018660900265, ""intercept"": 1.2237197531750204}",0.0,215,-572.8,0.9233,-0.0379,-18.3705,6899.788899664203,7472.585946226765,87.25960128883125,95.41255209049486
learned|fs=F2|mfeq=0.80|maeq=0.65,F2,0.8,0.65,2024,"[2018, 2019, 2020, 2021, 2022, 2023]","{""log1p_range_30m"": 0.03547872365272019, ""log1p_prev_session_range"": 0.6114147400631429, ""log_rvol60"": 0.21392176629330062, ""intercept"": 1.424075890705464}","{""log1p_range_30m"": 0.06798753822081646, ""log1p_prev_session_range"": 0.5511592274372512, ""log_rvol60"": 0.1353893141261281, ""intercept"": 1.2021371332760507}",0.030456852791878174,231,-1646.12,0.8465,-0.074,-23.0285,9076.945625393488,10723.062292064435,99.04253849738312,116.13390953560658
learned|fs=F2|mfeq=0.80|maeq=0.65,F2,0.8,0.65,2025,"[2018, 2019, 2020, 2021, 2022, 2023, 2024]","{""log1p_range_30m"": 0.051196376799797896, ""log1p_prev_session_range"": 0.5693219622148307, ""log_rvol60"": 0.1988420585024791, ""intercept"": 1.6021289962820395}","{""log1p_range_30m"": 0.02196376886682341, ""log1p_prev_session_range"": 0.5633863792575512, ""log_rvol60"": 0.153628483159461, ""intercept"": 1.3574792098643902}",0.061971830985915494,203,194.19,1.0175,0.0298,-11.837,11269.46022588139,11075.26854598201,98.0444145289113,91.99596303508866
learned|fs=F2|mfeq=0.80|maeq=0.80,F2,0.8,0.8,2021,"[2018, 2019, 2020]","{""log1p_range_30m"": 0.0, ""log1p_prev_session_range"": 0.7228136139349038, ""log_rvol60"": 0.24426602990786483, ""intercept"": 1.0780412666265666}","{""log1p_range_30m"": 0.11320999069900438, ""log1p_prev_session_range"": 0.48098618546937916, ""log_rvol60"": 0.026218105123631718, ""intercept"": 1.7724179158217952}",0.17567567567567569,187,78.45,1.0101,-0.0014,-7.4728,7860.888163151958,7782.436446320797,66.50288882511235,66.76372011679699
learned|fs=F2|mfeq=0.80|maeq=0.80,F2,0.8,0.8,2022,"[2018, 2019, 2020, 2021]","{""log1p_range_30m"": 0.0028282024246479233, ""log1p_prev_session_range"": 0.5994360842850962, ""log_rvol60"": 0.26583194025470197, ""intercept"": 1.5237354717902725}","{""log1p_range_30m"": 0.03747924407659228, ""log1p_prev_session_range"": 0.5068040549172219, ""log_rvol60"": 0.12261476239594066, ""intercept"": 1.9321333037954804}",0.08672086720867209,222,-700.9,0.9429,-0.0312,-10.9881,11575.193541382538,12276.089780292754,74.77898070089492,81.70318667155715
learned|fs=F2|mfeq=0.80|maeq=0.80,F2,0.8,0.8,2023,"[2018, 2019, 2020, 2021, 2022]","{""log1p_range_30m"": 0.03584132292879963, ""log1p_prev_session_range"": 0.6365642670360949, ""log_rvol60"": 0.21160504759999507, ""intercept"": 1.2855650526410904}","{""log1p_range_30m"": 0.058269588996594186, ""log1p_prev_session_range"": 0.5361251132514149, ""log_rvol60"": 0.0988516134125085, ""intercept"": 1.7706213957268153}",0.0,195,307.6,1.0457,0.014,-6.1156,7042.5283056967,6734.924747108504,56.08261753122294,53.35240313740186
learned|fs=F2|mfeq=0.80|maeq=0.80,F2,0.8,0.8,2024,"[2018, 2019, 2020, 2021, 2022, 2023]","{""log1p_range_30m"": 0.03547872365272019, ""log1p_prev_session_range"": 0.6114147400631429, ""log_rvol60"": 0.21392176629330062, ""intercept"": 1.424075890705464}","{""log1p_range_30m"": 0.0512894559418863, ""log1p_prev_session_range"": 0.5224274802797158, ""log_rvol60"": 0.05413463170863939, ""intercept"": 1.870232624456161}",0.030456852791878174,202,-3057.89,0.7425,-0.0965,-21.3517,8818.839901932595,11876.728014273038,62.61504124774773,82.10741606036234
learned|fs=F2|mfeq=0.80|maeq=0.80,F2,0.8,0.8,2025,"[2018, 2019, 2020, 2021, 2022, 2023, 2024]","{""log1p_range_30m"": 0.051196376799797896, ""log1p_prev_session_range"": 0.5693219622148307, ""log_rvol60"": 0.1988420585024791, ""intercept"": 1.6021289962820395}","{""log1p_range_30m"": 0.011408392774957012, ""log1p_prev_session_range"": 0.5563952165650303, ""log_rvol60"": 0.0922393408343728, ""intercept"": 1.8892269509269362}",0.061971830985915494,186,1136.14,1.1015,0.0444,-7.3529,12328.68737909057,11192.550998117684,68.85921800668439,60.60226750337031
learned|fs=F3|mfeq=0.50|maeq=0.50,F3,0.5,0.5,2021,"[2018, 2019, 2020]","{""log1p_atr14_60m"": 0.14682257935226403, ""log1p_prev_session_range"": 0.5909188918281169, ""log_rvol60"": 0.3, ""intercept"": 0.24683263506061356}","{""log1p_atr14_60m"": 0.4026832225093457, ""log1p_prev_session_range"": 0.30031762683609325, ""log_rvol60"": 0.23362272324590114, ""intercept"": 0.9257742776484027}",0.0,239,1205.24,1.2152,0.0532,-6.4335,6805.443663368427,5600.206275590801,113.45244518164482,100.72988409055503
learned|fs=F3|mfeq=0.50|maeq=0.50,F3,0.5,0.5,2022,"[2018, 2019, 2020, 2021]","{""log1p_atr14_60m"": 0.2832506608814374, ""log1p_prev_session_range"": 0.4427733929423259, ""log_rvol60"": 0.3, ""intercept"": 0.5223335353157436}","{""log1p_atr14_60m"": 0.31660470914394895, ""log1p_prev_session_range"": 0.328408855883383, ""log_rvol60"": 0.20629789775119037, ""intercept"": 1.072502791028578}",0.0,273,163.28,1.0191,0.0099,-14.9003,8695.62208188066,8532.341169715854,122.49787720732722,119.79012827594242
learned|fs=F3|mfeq=0.50|maeq=0.50,F3,0.5,0.5,2023,"[2018, 2019, 2020, 2021, 2022]","{""log1p_atr14_60m"": 0.05372247571702718, ""log1p_prev_session_range"": 0.6246327726153439, ""log_rvol60"": 0.3, ""intercept"": 0.3748914642472524}","{""log1p_atr14_60m"": 0.19105300793565136, ""log1p_prev_session_range"": 0.45665182406112076, ""log_rvol60"": 0.1793999435704037, ""intercept"": 0.8731148859465724}",0.0,242,631.64,1.1186,0.0298,-12.6986,5957.4915490901585,5325.850566437051,107.07611850427372,99.87149468805103
learned|fs=F3|mfeq=0.50|maeq=0.50,F3,0.5,0.5,2024,"[2018, 2019, 2020, 2021, 2022, 2023]","{""log1p_atr14_60m"": 0.0, ""log1p_prev_session_range"": 0.6583839021481821, ""log_rvol60"": 0.3, ""intercept"": 0.4846756989614996}","{""log1p_atr14_60m"": 0.11044570305633973, ""log1p_prev_session_range"": 0.517097967710267, ""log_rvol60"": 0.15579370914397062, ""intercept"": 0.8506976587592425}",0.0,266,-1376.77,0.8382,-0.0675,-28.7462,7133.8780980104275,8510.645964762509,113.54772006517966,131.50831542904027
learned|fs=F3|mfeq=0.50|maeq=0.50,F3,0.5,0.5,2025,"[2018, 2019, 2020, 2021, 2022, 2023, 2024]","{""log1p_atr14_60m"": 0.0, ""log1p_prev_session_range"": 0.6157230907344754, ""log_rvol60"": 0.3, ""intercept"": 0.6668707980526221}","{""log1p_atr14_60m"": 0.11509455962572825, ""log1p_prev_session_range"": 0.5079216899661418, ""log_rvol60"": 0.19849093913036805, ""intercept"": 0.9026996664245499}",0.0,236,412.39,1.0492,0.0254,-12.2,8786.730922869225,8374.337077264547,109.0253274560934,103.03628666776835
learned|fs=F3|mfeq=0.50|maeq=0.65,F3,0.5,0.65,2021,"[2018, 2019, 2020]","{""log1p_atr14_60m"": 0.14682257935226403, ""log1p_prev_session_range"": 0.5909188918281169, ""log_rvol60"": 0.3, ""intercept"": 0.24683263506061356}","{""log1p_atr14_60m"": 0.48810736874037614, ""log1p_prev_session_range"": 0.22653006059639735, ""log_rvol60"": 0.25529682651180985, ""intercept"": 1.339981837883209}",0.0,225,212.55,1.033,-0.016,-8.77,6647.8520601801065,6435.303030415505,78.88052508301287,82.48329977873472
learned|fs=F3|mfeq=0.50|maeq=0.65,F3,0.5,0.65,2022,"[2018, 2019, 2020, 2021]","{""log1p_atr14_60m"": 0.2832506608814374, ""log1p_prev_session_range"": 0.4427733929423259, ""log_rvol60"": 0.3, ""intercept"": 0.5223335353157436}","{""log1p_atr14_60m"": 0.3524153750954798, ""log1p_prev_session_range"": 0.3321054813536368, ""log_rvol60"": 0.20233205170303187, ""intercept"": 1.3079486552855055}",0.0,254,177.47,1.0195,0.0005,-12.1411,9260.813740969601,9083.343321915083,86.26606280122505,86.14954207050172
learned|fs=F3|mfeq=0.50|maeq=0.65,F3,0.5,0.65,2023,"[2018, 2019, 2020, 2021, 2022]","{""log1p_atr14_60m"": 0.05372247571702718, ""log1p_prev_session_range"": 0.6246327726153439, ""log_rvol60"": 0.3, ""intercept"": 0.3748914642472524}","{""log1p_atr14_60m"": 0.2718799044340914, ""log1p_prev_session_range"": 0.4032520389563775, ""log_rvol60"": 0.18215083504663832, ""intercept"": 1.2581521066577799}",0.0,223,-117.38,0.9807,-0.0162,-13.767,5965.4573221661685,6082.832992934229,72.88872319259247,76.50996885451808
learned|fs=F3|mfeq=0.50|maeq=0.65,F3,0.5,0.65,2024,"[2018, 2019, 2020, 2021, 2022, 2023]","{""log1p_atr14_60m"": 0.0, ""log1p_prev_session_range"": 0.6583839021481821, ""log_rvol60"": 0.3, ""intercept"": 0.4846756989614996}","{""log1p_atr14_60m"": 0.22346777065934334, ""log1p_prev_session_range"": 0.43122042626471563, ""log_rvol60"": 0.14073578458690952, ""intercept"": 1.307028147686584}",0.0,242,-2292.04,0.7582,-0.0895,-24.3832,7186.822522441118,9478.865227599497,75.749064476913,97.40930567238229
learned|fs=F3|mfeq=0.50|maeq=0.65,F3,0.5,0.65,2025,"[2018, 2019, 2020, 2021, 2022, 2023, 2024]","{""log1p_atr14_60m"": 0.0, ""log1p_prev_session_range"": 0.6157230907344754, ""log_rvol60"": 0.3, ""intercept"": 0.6668707980526221}","{""log1p_atr14_60m"": 0.27217175905009106, ""log1p_prev_session_range"": 0.4283045552995001, ""log_rvol60"": 0.1486882091240066, ""intercept"": 1.2097460285847603}",0.0,221,691.82,1.077,0.0409,-6.5449,9670.682551042275,8978.861359954608,76.17676469348541,67.13567261712038
learned|fs=F3|mfeq=0.50|maeq=0.80,F3,0.5,0.8,2021,"[2018, 2019, 2020]","{""log1p_atr14_60m"": 0.14682257935226403, ""log1p_prev_session_range"": 0.5909188918281169, ""log_rvol60"": 0.3, ""intercept"": 0.24683263506061356}","{""log1p_atr14_60m"": 0.5745217799480675, ""log1p_prev_session_range"": 0.07254935410585614, ""log_rvol60"": 0.05313651534874678, ""intercept"": 2.2692083345316796}",0.0,206,-105.77,0.984,-0.0174,-7.3464,6490.946306331252,6596.721158593184,54.55381832020517,58.12926528450786
learned|fs=F3|mfeq=0.50|maeq=0.80,F3,0.5,0.8,2022,"[2018, 2019, 2020, 2021]","{""log1p_atr14_60m"": 0.2832506608814374, ""log1p_prev_session_range"": 0.4427733929423259, ""log_rvol60"": 0.3, ""intercept"": 0.5223335353157436}","{""log1p_atr14_60m"": 0.49346481504485323, ""log1p_prev_session_range"": 0.1866662156699176, ""log_rvol60"": 0.06250454382903163, ""intercept"": 2.0391176989697475}",0.0,237,-1339.7,0.8706,-0.0343,-14.5255,9013.07739908506,10352.7821879146,56.01253353415587,64.151003634315
learned|fs=F3|mfeq=0.50|maeq=0.80,F3,0.5,0.8,2023,"[2018, 2019, 2020, 2021, 2022]","{""log1p_atr14_60m"": 0.05372247571702718, ""log1p_prev_session_range"": 0.6246327726153439, ""log_rvol60"": 0.3, ""intercept"": 0.3748914642472524}","{""log1p_atr14_60m"": 0.3484611879891033, ""log1p_prev_session_range"": 0.32587764049545515, ""log_rvol60"": 0.062244413104866766, ""intercept"": 1.8720701426708972}",0.0,213,81.73,1.0136,-0.0045,-8.1149,6102.152648810621,6020.427213817071,46.89008424059793,47.85183648708565
learned|fs=F3|mfeq=0.50|maeq=0.80,F3,0.5,0.8,2024,"[2018, 2019, 2020, 2021, 2022, 2023]","{""log1p_atr14_60m"": 0.0, ""log1p_prev_session_range"": 0.6583839021481821, ""log_rvol60"": 0.3, ""intercept"": 0.4846756989614996}","{""log1p_atr14_60m"": 0.32121707571296493, ""log1p_prev_session_range"": 0.3350954778846882, ""log_rvol60"": 0.0067362915992479604, ""intercept"": 1.9127088352285653}",0.0,216,-3315.97,0.6767,-0.0951,-23.3724,6942.2212912685645,10258.19012693817,48.15177656760178,68.68892623835582
learned|fs=F3|mfeq=0.50|maeq=0.80,F3,0.5,0.8,2025,"[2018, 2019, 2020, 2021, 2022, 2023, 2024]","{""log1p_atr14_60m"": 0.0, ""log1p_prev_session_range"": 0.6157230907344754, ""log_rvol60"": 0.3, ""intercept"": 0.6668707980526221}","{""log1p_atr14_60m"": 0.36726226729999606, ""log1p_prev_session_range"": 0.3202426490109438, ""log_rvol60"": 0.04236129203824054, ""intercept"": 1.8722643957270786}",0.0,204,1156.29,1.1319,0.0338,-4.4103,9925.667249070848,8769.380807861213,51.86723201864085,44.97212279852265
learned|fs=F3|mfeq=0.65|maeq=0.50,F3,0.65,0.5,2021,"[2018, 2019, 2020]","{""log1p_atr14_60m"": 0.16434003688712687, ""log1p_prev_session_range"": 0.5332452341637426, ""log_rvol60"": 0.1897488009768142, ""intercept"": 0.8728190325434698}","{""log1p_atr14_60m"": 0.4026832225093457, ""log1p_prev_session_range"": 0.30031762683609325, ""log_rvol60"": 0.23362272324590114, ""intercept"": 0.9257742776484027}",0.0,232,1705.66,1.2849,0.0879,-7.8623,7692.6701445718045,5987.006814712355,128.35181165254573,107.96888544579701
learned|fs=F3|mfeq=0.65|maeq=0.50,F3,0.65,0.5,2022,"[2018, 2019, 2020, 2021]","{""log1p_atr14_60m"": 0.2762194384776454, ""log1p_prev_session_range"": 0.42669871333192383, ""log_rvol60"": 0.3, ""intercept"": 1.028728048582792}","{""log1p_atr14_60m"": 0.31660470914394895, ""log1p_prev_session_range"": 0.328408855883383, ""log_rvol60"": 0.20629789775119037, ""intercept"": 1.072502791028578}",0.0,268,-208.69,0.9786,-0.0177,-20.9963,9536.579922513296,9745.268589595147,134.0990598327021,138.83489611329998
learned|fs=F3|mfeq=0.65|maeq=0.50,F3,0.65,0.5,2023,"[2018, 2019, 2020, 2021, 2022]","{""log1p_atr14_60m"": 0.16483828352987784, ""log1p_prev_session_range"": 0.547882275184393, ""log_rvol60"": 0.3, ""intercept"": 0.8173267781250838}","{""log1p_atr14_60m"": 0.19105300793565136, ""log1p_prev_session_range"": 0.45665182406112076, ""log_rvol60"": 0.1793999435704037, ""intercept"": 0.8731148859465724}",0.0,236,1330.19,1.2276,0.0831,-9.6554,7174.147243706126,5843.95343308309,129.6404199713121,110.01994996631664
learned|fs=F3|mfeq=0.65|maeq=0.50,F3,0.65,0.5,2024,"[2018, 2019, 2020, 2021, 2022, 2023]","{""log1p_atr14_60m"": 0.08935918729194815, ""log1p_prev_session_range"": 0.5738006812683171, ""log_rvol60"": 0.3, ""intercept"": 0.9650551357506956}","{""log1p_atr14_60m"": 0.11044570305633973, ""log1p_prev_session_range"": 0.517097967710267, ""log_rvol60"": 0.15579370914397062, ""intercept"": 0.8506976587592425}",0.0,256,-1519.02,0.8345,-0.0693,-32.2072,7658.2128004921215,9177.232988389922,124.56456290406665,142.3134082497461
learned|fs=F3|mfeq=0.65|maeq=0.50,F3,0.65,0.5,2025,"[2018, 2019, 2020, 2021, 2022, 2023, 2024]","{""log1p_atr14_60m"": 0.07095772280540154, ""log1p_prev_session_range"": 0.5316511973228805, ""log_rvol60"": 0.25667112681936516, ""intercept"": 1.2720548518010342}","{""log1p_atr14_60m"": 0.11509455962572825, ""log1p_prev_session_range"": 0.5079216899661418, ""log_rvol60"": 0.19849093913036805, ""intercept"": 0.9026996664245499}",0.008450704225352112,228,-365.29,0.9622,-0.0049,-17.3845,9301.953260528844,9667.245812815774,118.17004620144236,119.2909900836037
learned|fs=F3|mfeq=0.65|maeq=0.65,F3,0.65,0.65,2021,"[2018, 2019, 2020]","{""log1p_atr14_60m"": 0.16434003688712687, ""log1p_prev_session_range"": 0.5332452341637426, ""log_rvol60"": 0.1897488009768142, ""intercept"": 0.8728190325434698}","{""log1p_atr14_60m"": 0.48810736874037614, ""log1p_prev_session_range"": 0.22653006059639735, ""log_rvol60"": 0.25529682651180985, ""intercept"": 1.339981837883209}",0.0,217,851.71,1.126,0.0126,-8.2058,7612.064382031467,6760.353569537059,90.09328489142499,87.36826640045724
learned|fs=F3|mfeq=0.65|maeq=0.65,F3,0.65,0.65,2022,"[2018, 2019, 2020, 2021]","{""log1p_atr14_60m"": 0.2762194384776454, ""log1p_prev_session_range"": 0.42669871333192383, ""log_rvol60"": 0.3, ""intercept"": 1.028728048582792}","{""log1p_atr14_60m"": 0.3524153750954798, ""log1p_prev_session_range"": 0.3321054813536368, ""log_rvol60"": 0.20233205170303187, ""intercept"": 1.3079486552855055}",0.0,242,-401.38,0.9617,-0.0311,-18.8212,10077.032219500663,10478.411715028013,93.18007103566298,100.70878517334947
learned|fs=F3|mfeq=0.65|maeq=0.65,F3,0.65,0.65,2023,"[2018, 2019, 2020, 2021, 2022]","{""log1p_atr14_60m"": 0.16483828352987784, ""log1p_prev_session_range"": 0.547882275184393, ""log_rvol60"": 0.3, ""intercept"": 0.8173267781250838}","{""log1p_atr14_60m"": 0.2718799044340914, ""log1p_prev_session_range"": 0.4032520389563775, ""log_rvol60"": 0.18215083504663832, ""intercept"": 1.2581521066577799}",0.0,217,375.31,1.0553,0.0103,-10.9715,7163.675779884346,6788.369610647736,88.36945607148593,86.12846704531509
learned|fs=F3|mfeq=0.65|maeq=0.65,F3,0.65,0.65,2024,"[2018, 2019, 2020, 2021, 2022, 2023]","{""log1p_atr14_60m"": 0.08935918729194815, ""log1p_prev_session_range"": 0.5738006812683171, ""log_rvol60"": 0.3, ""intercept"": 0.9650551357506956}","{""log1p_atr14_60m"": 0.22346777065934334, ""log1p_prev_session_range"": 0.43122042626471563, ""log_rvol60"": 0.14073578458690952, ""intercept"": 1.307028147686584}",0.0,233,-2089.73,0.797,-0.0828,-25.0482,8204.944314703116,10294.677113979415,87.08494534339209,106.37782957826501
learned|fs=F3|mfeq=0.65|maeq=0.65,F3,0.65,0.65,2025,"[2018, 2019, 2020, 2021, 2022, 2023, 2024]","{""log1p_atr14_60m"": 0.07095772280540154, ""log1p_prev_session_range"": 0.5316511973228805, ""log_rvol60"": 0.25667112681936516, ""intercept"": 1.2720548518010342}","{""log1p_atr14_60m"": 0.27217175905009106, ""log1p_prev_session_range"": 0.4283045552995001, ""log_rvol60"": 0.1486882091240066, ""intercept"": 1.2097460285847603}",0.008450704225352112,211,-740.66,0.933,0.0023,-12.4396,10317.43403878915,11058.09405622623,83.0668717374872,82.59133833307968
learned|fs=F3|mfeq=0.65|maeq=0.80,F3,0.65,0.8,2021,"[2018, 2019, 2020]","{""log1p_atr14_60m"": 0.16434003688712687, ""log1p_prev_session_range"": 0.5332452341637426, ""log_rvol60"": 0.1897488009768142, ""intercept"": 0.8728190325434698}","{""log1p_atr14_60m"": 0.5745217799480675, ""log1p_prev_session_range"": 0.07254935410585614, ""log_rvol60"": 0.05313651534874678, ""intercept"": 2.2692083345316796}",0.0,197,411.48,1.0585,-0.0013,-6.1167,7446.53391004199,7035.05082662771,62.13776979706011,62.39172189349888
learned|fs=F3|mfeq=0.65|maeq=0.80,F3,0.65,0.8,2022,"[2018, 2019, 2020, 2021]","{""log1p_atr14_60m"": 0.2762194384776454, ""log1p_prev_session_range"": 0.42669871333192383, ""log_rvol60"": 0.3, ""intercept"": 1.028728048582792}","{""log1p_atr14_60m"": 0.49346481504485323, ""log1p_prev_session_range"": 0.1866662156699176, ""log_rvol60"": 0.06250454382903163, ""intercept"": 2.0391176989697475}",0.0,225,-1470.67,0.8719,-0.0502,-12.5796,10007.132373698978,11477.80009483109,61.682719161579655,72.97717420916707
learned|fs=F3|mfeq=0.65|maeq=0.80,F3,0.65,0.8,2023,"[2018, 2019, 2020, 2021, 2022]","{""log1p_atr14_60m"": 0.16483828352987784, ""log1p_prev_session_range"": 0.547882275184393, ""log_rvol60"": 0.3, ""intercept"": 0.8173267781250838}","{""log1p_atr14_60m"": 0.3484611879891033, ""log1p_prev_session_range"": 0.32587764049545515, ""log_rvol60"": 0.062244413104866766, ""intercept"": 1.8720701426708972}",0.0,205,858.96,1.1317,0.0303,-6.2705,7380.201183775351,6521.2449750103715,57.489813460322516,51.27759835569758
learned|fs=F3|mfeq=0.65|maeq=0.80,F3,0.65,0.8,2024,"[2018, 2019, 2020, 2021, 2022, 2023]","{""log1p_atr14_60m"": 0.08935918729194815, ""log1p_prev_session_range"": 0.5738006812683171, ""log_rvol60"": 0.3, ""intercept"": 0.9650551357506956}","{""log1p_atr14_60m"": 0.32121707571296493, ""log1p_prev_session_range"": 0.3350954778846882, ""log_rvol60"": 0.0067362915992479604, ""intercept"": 1.9127088352285653}",0.0,208,-3060.2,0.7252,-0.0884,-20.8858,8077.533930664555,11137.732587369195,56.429360192890215,74.81362756450885
learned|fs=F3|mfeq=0.65|maeq=0.80,F3,0.65,0.8,2025,"[2018, 2019, 2020, 2021, 2022, 2023, 2024]","{""log1p_atr14_60m"": 0.07095772280540154, ""log1p_prev_session_range"": 0.5316511973228805, ""log_rvol60"": 0.25667112681936516, ""intercept"": 1.2720548518010342}","{""log1p_atr14_60m"": 0.36726226729999606, ""log1p_prev_session_range"": 0.3202426490109438, ""log_rvol60"": 0.04236129203824054, ""intercept"": 1.8722643957270786}",0.008450704225352112,193,644.74,1.063,0.0305,-6.9159,10886.584962729728,10241.843550627385,58.25275815952109,52.36825453342108
learned|fs=F3|mfeq=0.80|maeq=0.50,F3,0.8,0.5,2021,"[2018, 2019, 2020]","{""log1p_atr14_60m"": 0.1827358565369555, ""log1p_prev_session_range"": 0.5588070622041963, ""log_rvol60"": 0.16359200975005372, ""intercept"": 1.1349885761526268}","{""log1p_atr14_60m"": 0.4026832225093457, ""log1p_prev_session_range"": 0.30031762683609325, ""log_rvol60"": 0.23362272324590114, ""intercept"": 0.9257742776484027}",0.1,226,1918.56,1.2965,0.1124,-9.9609,8389.791765875067,6471.233753833561,141.7842926424808,116.37462985008074
learned|fs=F3|mfeq=0.80|maeq=0.50,F3,0.8,0.5,2022,"[2018, 2019, 2020, 2021]","{""log1p_atr14_60m"": 0.38770429795167544, ""log1p_prev_session_range"": 0.32801310715689347, ""log_rvol60"": 0.2327065556095462, ""intercept"": 1.6148313652457458}","{""log1p_atr14_60m"": 0.31660470914394895, ""log1p_prev_session_range"": 0.328408855883383, ""log_rvol60"": 0.20629789775119037, ""intercept"": 1.072502791028578}",0.15447154471544716,264,730.83,1.0702,0.0271,-15.562,11136.869011121757,10406.037170134508,156.0347146222556,148.87607564967564
learned|fs=F3|mfeq=0.80|maeq=0.50,F3,0.8,0.5,2023,"[2018, 2019, 2020, 2021, 2022]","{""log1p_atr14_60m"": 0.3387979839433024, ""log1p_prev_session_range"": 0.41794502124370325, ""log_rvol60"": 0.18070102864775936, ""intercept"": 1.3832112656471562}","{""log1p_atr14_60m"": 0.19105300793565136, ""log1p_prev_session_range"": 0.45665182406112076, ""log_rvol60"": 0.1793999435704037, ""intercept"": 0.8731148859465724}",0.0025906735751295338,230,857.82,1.1353,0.053,-13.8325,7196.389568782146,6338.570286173466,131.09066878936483,118.90226391195813
learned|fs=F3|mfeq=0.80|maeq=0.50,F3,0.8,0.5,2024,"[2018, 2019, 2020, 2021, 2022, 2023]","{""log1p_atr14_60m"": 0.28456099208847935, ""log1p_prev_session_range"": 0.44417342948186994, ""log_rvol60"": 0.16840028418440386, ""intercept"": 1.446452673562963}","{""log1p_atr14_60m"": 0.11044570305633973, ""log1p_prev_session_range"": 0.517097967710267, ""log_rvol60"": 0.15579370914397062, ""intercept"": 0.8506976587592425}",0.02284263959390863,251,-1839.0,0.813,-0.0915,-33.3376,7997.76392577761,9836.764463070904,131.73603984730343,154.71190909936513
learned|fs=F3|mfeq=0.80|maeq=0.50,F3,0.8,0.5,2025,"[2018, 2019, 2020, 2021, 2022, 2023, 2024]","{""log1p_atr14_60m"": 0.26709934956793746, ""log1p_prev_session_range"": 0.41400113762508345, ""log_rvol60"": 0.17896718543731058, ""intercept"": 1.6704920318556389}","{""log1p_atr14_60m"": 0.11509455962572825, ""log1p_prev_session_range"": 0.5079216899661418, ""log_rvol60"": 0.19849093913036805, ""intercept"": 0.9026996664245499}",0.10985915492957747,221,-522.45,0.9504,-0.0289,-24.0336,10013.337008720235,10535.784158745584,124.60824633963587,131.00332711892665
learned|fs=F3|mfeq=0.80|maeq=0.65,F3,0.8,0.65,2021,"[2018, 2019, 2020]","{""log1p_atr14_60m"": 0.1827358565369555, ""log1p_prev_session_range"": 0.5588070622041963, ""log_rvol60"": 0.16359200975005372, ""intercept"": 1.1349885761526268}","{""log1p_atr14_60m"": 0.48810736874037614, ""log1p_prev_session_range"": 0.22653006059639735, ""log_rvol60"": 0.25529682651180985, ""intercept"": 1.339981837883209}",0.1,212,1171.14,1.1628,0.0303,-8.081,8367.1012225915,7195.958819712016,99.28127428449037,92.85504891309809
learned|fs=F3|mfeq=0.80|maeq=0.65,F3,0.8,0.65,2022,"[2018, 2019, 2020, 2021]","{""log1p_atr14_60m"": 0.38770429795167544, ""log1p_prev_session_range"": 0.32801310715689347, ""log_rvol60"": 0.2327065556095462, ""intercept"": 1.6148313652457458}","{""log1p_atr14_60m"": 0.3524153750954798, ""log1p_prev_session_range"": 0.3321054813536368, ""log_rvol60"": 0.20233205170303187, ""intercept"": 1.3079486552855055}",0.15447154471544716,237,500.16,1.0441,-0.0022,-16.4046,11842.504304625396,11342.342024911539,108.92453778290185,109.43858477722726
learned|fs=F3|mfeq=0.80|maeq=0.65,F3,0.8,0.65,2023,"[2018, 2019, 2020, 2021, 2022]","{""log1p_atr14_60m"": 0.3387979839433024, ""log1p_prev_session_range"": 0.41794502124370325, ""log_rvol60"": 0.18070102864775936, ""intercept"": 1.3832112656471562}","{""log1p_atr14_60m"": 0.2718799044340914, ""log1p_prev_session_range"": 0.4032520389563775, ""log_rvol60"": 0.18215083504663832, ""intercept"": 1.2581521066577799}",0.0025906735751295338,210,-123.59,0.9832,-0.0172,-16.4145,7233.398806858979,7356.987248018979,89.65287304105078,93.25819647483564
learned|fs=F3|mfeq=0.80|maeq=0.65,F3,0.8,0.65,2024,"[2018, 2019, 2020, 2021, 2022, 2023]","{""log1p_atr14_60m"": 0.28456099208847935, ""log1p_prev_session_range"": 0.44417342948186994, ""log_rvol60"": 0.16840028418440386, ""intercept"": 1.446452673562963}","{""log1p_atr14_60m"": 0.22346777065934334, ""log1p_prev_session_range"": 0.43122042626471563, ""log_rvol60"": 0.14073578458690952, ""intercept"": 1.307028147686584}",0.02284263959390863,227,-2547.58,0.7697,-0.1025,-29.6012,8516.525684830282,11064.10239362423,92.59057173031519,115.85282696042879
learned|fs=F3|mfeq=0.80|maeq=0.65,F3,0.8,0.65,2025,"[2018, 2019, 2020, 2021, 2022, 2023, 2024]","{""log1p_atr14_60m"": 0.26709934956793746, ""log1p_prev_session_range"": 0.41400113762508345, ""log_rvol60"": 0.17896718543731058, ""intercept"": 1.6704920318556389}","{""log1p_atr14_60m"": 0.27217175905009106, ""log1p_prev_session_range"": 0.4283045552995001, ""log_rvol60"": 0.1486882091240066, ""intercept"": 1.2097460285847603}",0.10985915492957747,203,-1052.89,0.913,-0.0161,-11.2193,11042.682425843923,12095.57521823423,87.88907190873245,91.15567475801187
learned|fs=F3|mfeq=0.80|maeq=0.80,F3,0.8,0.8,2021,"[2018, 2019, 2020]","{""log1p_atr14_60m"": 0.1827358565369555, ""log1p_prev_session_range"": 0.5588070622041963, ""log_rvol60"": 0.16359200975005372, ""intercept"": 1.1349885761526268}","{""log1p_atr14_60m"": 0.5745217799480675, ""log1p_prev_session_range"": 0.07254935410585614, ""log_rvol60"": 0.05313651534874678, ""intercept"": 2.2692083345316796}",0.1,191,82.61,1.0106,-0.0144,-8.6352,7884.09122756117,7801.478460977163,66.24313822407329,69.00037942539096
learned|fs=F3|mfeq=0.80|maeq=0.80,F3,0.8,0.8,2022,"[2018, 2019, 2020, 2021]","{""log1p_atr14_60m"": 0.38770429795167544, ""log1p_prev_session_range"": 0.32801310715689347, ""log_rvol60"": 0.2327065556095462, ""intercept"": 1.6148313652457458}","{""log1p_atr14_60m"": 0.49346481504485323, ""log1p_prev_session_range"": 0.1866662156699176, ""log_rvol60"": 0.06250454382903163, ""intercept"": 2.0391176989697475}",0.15447154471544716,219,-286.41,0.9767,-0.0242,-9.4042,11987.52286356719,12273.934515355946,73.28350069713201,78.59389223897574
learned|fs=F3|mfeq=0.80|maeq=0.80,F3,0.8,0.8,2023,"[2018, 2019, 2020, 2021, 2022]","{""log1p_atr14_60m"": 0.3387979839433024, ""log1p_prev_session_range"": 0.41794502124370325, ""log_rvol60"": 0.18070102864775936, ""intercept"": 1.3832112656471562}","{""log1p_atr14_60m"": 0.3484611879891033, ""log1p_prev_session_range"": 0.32587764049545515, ""log_rvol60"": 0.062244413104866766, ""intercept"": 1.8720701426708972}",0.0025906735751295338,195,571.46,1.0802,0.0224,-6.2214,7700.767858145067,7129.307440005252,60.51344872838156,56.14593966926554
learned|fs=F3|mfeq=0.80|maeq=0.80,F3,0.8,0.8,2024,"[2018, 2019, 2020, 2021, 2022, 2023]","{""log1p_atr14_60m"": 0.28456099208847935, ""log1p_prev_session_range"": 0.44417342948186994, ""log_rvol60"": 0.16840028418440386, ""intercept"": 1.446452673562963}","{""log1p_atr14_60m"": 0.32121707571296493, ""log1p_prev_session_range"": 0.3350954778846882, ""log_rvol60"": 0.0067362915992479604, ""intercept"": 1.9127088352285653}",0.02284263959390863,201,-3776.64,0.688,-0.1123,-24.3532,8329.612253505766,12106.254139755758,59.7363733069931,82.30116481583738
learned|fs=F3|mfeq=0.80|maeq=0.80,F3,0.8,0.8,2025,"[2018, 2019, 2020, 2021, 2022, 2023, 2024]","{""log1p_atr14_60m"": 0.26709934956793746, ""log1p_prev_session_range"": 0.41400113762508345, ""log_rvol60"": 0.17896718543731058, ""intercept"": 1.6704920318556389}","{""log1p_atr14_60m"": 0.36726226729999606, ""log1p_prev_session_range"": 0.3202426490109438, ""log_rvol60"": 0.04236129203824054, ""intercept"": 1.8722643957270786}",0.10985915492957747,184,1400.05,1.1258,0.058,-6.6803,12524.796681115178,11124.747359252011,66.94537172945091,56.27758025274769
learned|fs=F4|mfeq=0.50|maeq=0.50,F4,0.5,0.5,2021,"[2018, 2019, 2020]","{""log1p_range_30m"": 0.0070125035285129676, ""log1p_atr14_60m"": 0.1595229465365657, ""log1p_prev_session_range"": 0.6695842846411407, ""intercept"": -0.15364066924418385}","{""log1p_range_30m"": 0.07579432018031829, ""log1p_atr14_60m"": 0.38093818893480147, ""log1p_prev_session_range"": 0.26370434379743907, ""intercept"": 0.945519652358019}",0.0,236,637.6,1.1114,0.0153,-14.3752,6359.876752784643,5722.279205344601,108.40282066414454,104.80165097119661
learned|fs=F4|mfeq=0.50|maeq=0.50,F4,0.5,0.5,2022,"[2018, 2019, 2020, 2021]","{""log1p_range_30m"": 0.05144407464818482, ""log1p_atr14_60m"": 0.38089471431327937, ""log1p_prev_session_range"": 0.38306897527513156, ""intercept"": 0.4159814698687327}","{""log1p_range_30m"": 0.0830406610201978, ""log1p_atr14_60m"": 0.33109049612915264, ""log1p_prev_session_range"": 0.27957076618343574, ""intercept"": 1.0297310627132292}",0.0,268,-210.47,0.9772,-0.0181,-18.3162,9034.973449967656,9245.441827080107,119.46843463936142,124.30948530795958
learned|fs=F4|mfeq=0.50|maeq=0.50,F4,0.5,0.5,2023,"[2018, 2019, 2020, 2021, 2022]","{""log1p_range_30m"": 0.05001930102052702, ""log1p_atr14_60m"": 0.14992988544166788, ""log1p_prev_session_range"": 0.5437271684122607, ""intercept"": 0.37642838280109037}","{""log1p_range_30m"": 0.0807082136707159, ""log1p_atr14_60m"": 0.20108673043811198, ""log1p_prev_session_range"": 0.40016419350960125, ""intercept"": 0.8780680841294639}",0.0,242,724.59,1.1321,0.0298,-13.4857,6209.5103125695205,5484.918005249976,109.07720714862407,101.8539473508431
learned|fs=F4|mfeq=0.50|maeq=0.50,F4,0.5,0.5,2024,"[2018, 2019, 2020, 2021, 2022, 2023]","{""log1p_range_30m"": 0.06355021584933936, ""log1p_atr14_60m"": 0.02285464314067988, ""log1p_prev_session_range"": 0.6220613356456928, ""intercept"": 0.3630896915072164}","{""log1p_range_30m"": 0.059149100943174104, ""log1p_atr14_60m"": 0.10895281658581196, ""log1p_prev_session_range"": 0.4917633428003206, ""intercept"": 0.8059129481541847}",0.0,268,-673.74,0.9178,-0.0394,-16.9056,7525.430747422168,8199.170064075952,115.79020242634606,126.33935908772145
learned|fs=F4|mfeq=0.50|maeq=0.50,F4,0.5,0.5,2025,"[2018, 2019, 2020, 2021, 2022, 2023, 2024]","{""log1p_range_30m"": 0.0989753031473536, ""log1p_atr14_60m"": 0.05476568151011737, ""log1p_prev_session_range"": 0.5199160346211035, ""intercept"": 0.6583236177993568}","{""log1p_range_30m"": 0.03807284972200398, ""log1p_atr14_60m"": 0.13367984752843834, ""log1p_prev_session_range"": 0.49373502640149136, ""intercept"": 0.8112958723443844}",0.0,238,208.59,1.024,0.0351,-12.029,8895.781880452883,8687.193474613548,109.68216104031661,101.33110500366507
learned|fs=F4|mfeq=0.50|maeq=0.65,F4,0.5,0.65,2021,"[2018, 2019, 2020]","{""log1p_range_30m"": 0.0070125035285129676, ""log1p_atr14_60m"": 0.1595229465365657, ""log1p_prev_session_range"": 0.6695842846411407, ""intercept"": -0.15364066924418385}","{""log1p_range_30m"": 0.12211456469169597, ""log1p_atr14_60m"": 0.4955454313151286, ""log1p_prev_session_range"": 0.1212544157031163, ""intercept"": 1.504020988889434}",0.0,223,669.52,1.1104,0.0118,-7.4389,6733.186667663758,6063.66934320488,78.69578815821691,76.06075959383001
learned|fs=F4|mfeq=0.50|maeq=0.65,F4,0.5,0.65,2022,"[2018, 2019, 2020, 2021]","{""log1p_range_30m"": 0.05144407464818482, ""log1p_atr14_60m"": 0.38089471431327937, ""log1p_prev_session_range"": 0.38306897527513156, ""intercept"": 0.4159814698687327}","{""log1p_range_30m"": 0.08319849813415046, ""log1p_atr14_60m"": 0.33228311198740856, ""log1p_prev_session_range"": 0.30889058874334974, ""intercept"": 1.2727948727270788}",0.0,248,-554.72,0.9448,-0.027,-15.2931,9489.179587469449,10043.903271129311,82.27224280864593,88.97966280600843
learned|fs=F4|mfeq=0.50|maeq=0.65,F4,0.5,0.65,2023,"[2018, 2019, 2020, 2021, 2022]","{""log1p_range_30m"": 0.05001930102052702, ""log1p_atr14_60m"": 0.14992988544166788, ""log1p_prev_session_range"": 0.5437271684122607, ""intercept"": 0.37642838280109037}","{""log1p_range_30m"": 0.09544917144177047, ""log1p_atr14_60m"": 0.26058721771922666, ""log1p_prev_session_range"": 0.3500438662479952, ""intercept"": 1.2802517117473173}",0.0,224,-24.54,0.9961,-0.0234,-13.8072,6320.867638369733,6345.406010625866,74.05508314281371,79.29185242055243
learned|fs=F4|mfeq=0.50|maeq=0.65,F4,0.5,0.65,2024,"[2018, 2019, 2020, 2021, 2022, 2023]","{""log1p_range_30m"": 0.06355021584933936, ""log1p_atr14_60m"": 0.02285464314067988, ""log1p_prev_session_range"": 0.6220613356456928, ""intercept"": 0.3630896915072164}","{""log1p_range_30m"": 0.07271788455217086, ""log1p_atr14_60m"": 0.23733899512794784, ""log1p_prev_session_range"": 0.38570812972476154, ""intercept"": 1.2646302370286309}",0.0,244,-1585.38,0.8269,-0.0677,-20.296,7574.375171852858,9159.755118766345,77.2229496599056,93.74119107697739
learned|fs=F4|mfeq=0.50|maeq=0.65,F4,0.5,0.65,2025,"[2018, 2019, 2020, 2021, 2022, 2023, 2024]","{""log1p_range_30m"": 0.0989753031473536, ""log1p_atr14_60m"": 0.05476568151011737, ""log1p_prev_session_range"": 0.5199160346211035, ""intercept"": 0.6583236177993568}","{""log1p_range_30m"": 0.03635708197690228, ""log1p_atr14_60m"": 0.3034851529023966, ""log1p_prev_session_range"": 0.35088950044821293, ""intercept"": 1.4032066278036517}",0.0,220,800.0,1.0883,0.0456,-6.7491,9860.219891889963,9060.215311006996,77.57743822013755,67.55262022663065
learned|fs=F4|mfeq=0.50|maeq=0.80,F4,0.5,0.8,2021,"[2018, 2019, 2020]","{""log1p_range_30m"": 0.0070125035285129676, ""log1p_atr14_60m"": 0.1595229465365657, ""log1p_prev_session_range"": 0.6695842846411407, ""intercept"": -0.15364066924418385}","{""log1p_range_30m"": 0.06526990949611332, ""log1p_atr14_60m"": 0.5730950313113827, ""log1p_prev_session_range"": 0.04294015626858428, ""intercept"": 2.221722154067083}",0.0,203,-97.59,0.9849,-0.018,-9.3042,6363.629395747468,6461.218600873215,52.350468093847184,55.99857116371288
learned|fs=F4|mfeq=0.50|maeq=0.80,F4,0.5,0.8,2022,"[2018, 2019, 2020, 2021]","{""log1p_range_30m"": 0.05144407464818482, ""log1p_atr14_60m"": 0.38089471431327937, ""log1p_prev_session_range"": 0.38306897527513156, ""intercept"": 0.4159814698687327}","{""log1p_range_30m"": 0.03501678349186903, ""log1p_atr14_60m"": 0.4912126157564852, ""log1p_prev_session_range"": 0.1649402706633346, ""intercept"": 2.044618060709084}",0.0,232,-1624.47,0.8515,-0.044,-13.3542,9311.837593132195,10936.303854608279,57.224215530093346,67.44190660823463
learned|fs=F4|mfeq=0.50|maeq=0.80,F4,0.5,0.8,2023,"[2018, 2019, 2020, 2021, 2022]","{""log1p_range_30m"": 0.05001930102052702, ""log1p_atr14_60m"": 0.14992988544166788, ""log1p_prev_session_range"": 0.5437271684122607, ""intercept"": 0.37642838280109037}","{""log1p_range_30m"": 0.05420016664045351, ""log1p_atr14_60m"": 0.37211303725079004, ""log1p_prev_session_range"": 0.26915793499737334, ""intercept"": 1.891064774039931}",0.0,212,549.12,1.0929,0.0093,-7.4738,6462.639522013327,5913.522976360784,49.72907466197401,47.75907981371049
learned|fs=F4|mfeq=0.50|maeq=0.80,F4,0.5,0.8,2024,"[2018, 2019, 2020, 2021, 2022, 2023]","{""log1p_range_30m"": 0.06355021584933936, ""log1p_atr14_60m"": 0.02285464314067988, ""log1p_prev_session_range"": 0.6220613356456928, ""intercept"": 0.3630896915072164}","{""log1p_range_30m"": 0.03756481646422817, ""log1p_atr14_60m"": 0.3325924728866603, ""log1p_prev_session_range"": 0.30239367106864334, ""intercept"": 1.910836796842786}",0.0,219,-2724.17,0.7274,-0.0788,-20.3112,7269.523940680305,9993.69791767788,49.85475056665907,67.11167173962012
learned|fs=F4|mfeq=0.50|maeq=0.80,F4,0.5,0.8,2025,"[2018, 2019, 2020, 2021, 2022, 2023, 2024]","{""log1p_range_30m"": 0.0989753031473536, ""log1p_atr14_60m"": 0.05476568151011737, ""log1p_prev_session_range"": 0.5199160346211035, ""intercept"": 0.6583236177993568}","{""log1p_range_30m"": 0.0075885369397361456, ""log1p_atr14_60m"": 0.3934747351323436, ""log1p_prev_session_range"": 0.30167428599988616, ""intercept"": 1.863694598350435}",0.0,204,515.97,1.0557,0.0232,-4.3286,9784.954589918536,9268.988934917517,51.084483808815804,46.345244564267674
learned|fs=F4|mfeq=0.65|maeq=0.50,F4,0.65,0.5,2021,"[2018, 2019, 2020]","{""log1p_range_30m"": 0.0010041464340249293, ""log1p_atr14_60m"": 0.11791162659835482, ""log1p_prev_session_range"": 0.5791108911379189, ""intercept"": 0.8326409112558895}","{""log1p_range_30m"": 0.07579432018031829, ""log1p_atr14_60m"": 0.38093818893480147, ""log1p_prev_session_range"": 0.26370434379743907, ""intercept"": 0.945519652358019}",0.0,231,1257.99,1.2079,0.0678,-8.0686,7309.645479451423,6051.65950420883,126.48729285519494,110.82103196432647
learned|fs=F4|mfeq=0.65|maeq=0.50,F4,0.65,0.5,2022,"[2018, 2019, 2020, 2021]","{""log1p_range_30m"": 0.03805027558685896, ""log1p_atr14_60m"": 0.30851283254525325, ""log1p_prev_session_range"": 0.36746989882610304, ""intercept"": 1.185154619798572}","{""log1p_range_30m"": 0.0830406610201978, ""log1p_atr14_60m"": 0.33109049612915264, ""log1p_prev_session_range"": 0.27957076618343574, ""intercept"": 1.0297310627132292}",0.0,264,-126.14,0.9876,-0.0247,-20.3033,10044.169447213946,10170.313282124323,131.5706551319741,138.10273282306358
learned|fs=F4|mfeq=0.65|maeq=0.50,F4,0.65,0.5,2023,"[2018, 2019, 2020, 2021, 2022]","{""log1p_range_30m"": 0.04278833000755669, ""log1p_atr14_60m"": 0.14537107435414273, ""log1p_prev_session_range"": 0.49734738067527834, ""intercept"": 1.065505377858091}","{""log1p_range_30m"": 0.0807082136707159, ""log1p_atr14_60m"": 0.20108673043811198, ""log1p_prev_session_range"": 0.40016419350960125, ""intercept"": 0.8780680841294639}",0.0,237,1362.74,1.2248,0.0846,-11.6596,7424.346580040801,6061.6048405158035,131.87791169317012,111.8254884503142
learned|fs=F4|mfeq=0.65|maeq=0.50,F4,0.65,0.5,2024,"[2018, 2019, 2020, 2021, 2022, 2023]","{""log1p_range_30m"": 0.06481146323571564, ""log1p_atr14_60m"": 0.10176235053204055, ""log1p_prev_session_range"": 0.510872043439789, ""intercept"": 1.080760694945292}","{""log1p_range_30m"": 0.059149100943174104, ""log1p_atr14_60m"": 0.10895281658581196, ""log1p_prev_session_range"": 0.4917633428003206, ""intercept"": 0.8059129481541847}",0.0,257,-1254.63,0.8631,-0.064,-25.3562,7910.024944678698,9164.65900001174,125.42965427967137,141.8854792200229
learned|fs=F4|mfeq=0.65|maeq=0.50,F4,0.65,0.5,2025,"[2018, 2019, 2020, 2021, 2022, 2023, 2024]","{""log1p_range_30m"": 0.07585221742034198, ""log1p_atr14_60m"": 0.0899868172010936, ""log1p_prev_session_range"": 0.47889564635007553, ""intercept"": 1.2527673048986387}","{""log1p_range_30m"": 0.03807284972200398, ""log1p_atr14_60m"": 0.13367984752843834, ""log1p_prev_session_range"": 0.49373502640149136, ""intercept"": 0.8112958723443844}",0.019498607242339833,232,177.69,1.018,0.0435,-13.2423,10046.050646139563,9868.356605743615,126.16614291416614,116.0853403867177
learned|fs=F4|mfeq=0.65|maeq=0.65,F4,0.65,0.65,2021,"[2018, 2019, 2020]","{""log1p_range_30m"": 0.0010041464340249293, ""log1p_atr14_60m"": 0.11791162659835482, ""log1p_prev_session_range"": 0.5791108911379189, ""intercept"": 0.8326409112558895}","{""log1p_range_30m"": 0.12211456469169597, ""log1p_atr14_60m"": 0.4955454313151286, ""log1p_prev_session_range"": 0.1212544157031163, ""intercept"": 1.504020988889434}",0.0,216,1030.45,1.1574,0.0364,-5.7324,7576.761759865536,6546.3165694430245,89.8984528531405,82.03624926991205
learned|fs=F4|mfeq=0.65|maeq=0.65,F4,0.65,0.65,2022,"[2018, 2019, 2020, 2021]","{""log1p_range_30m"": 0.03805027558685896, ""log1p_atr14_60m"": 0.30851283254525325, ""log1p_prev_session_range"": 0.36746989882610304, ""intercept"": 1.185154619798572}","{""log1p_range_30m"": 0.08319849813415046, ""log1p_atr14_60m"": 0.33228311198740856, ""log1p_prev_session_range"": 0.30889058874334974, ""intercept"": 1.2727948727270788}",0.0,239,-473.03,0.9565,-0.0352,-17.2158,10397.515813433633,10870.543078218403,89.41748196959183,97.83781158654718
learned|fs=F4|mfeq=0.65|maeq=0.65,F4,0.65,0.65,2023,"[2018, 2019, 2020, 2021, 2022]","{""log1p_range_30m"": 0.04278833000755669, ""log1p_atr14_60m"": 0.14537107435414273, ""log1p_prev_session_range"": 0.49734738067527834, ""intercept"": 1.065505377858091}","{""log1p_range_30m"": 0.09544917144177047, ""log1p_atr14_60m"": 0.26058721771922666, ""log1p_prev_session_range"": 0.3500438662479952, ""intercept"": 1.2802517117473173}",0.0,218,233.37,1.0326,-0.0022,-15.3508,7391.149826290455,7157.776990165872,87.9763407114346,88.45507915970879
learned|fs=F4|mfeq=0.65|maeq=0.65,F4,0.65,0.65,2024,"[2018, 2019, 2020, 2021, 2022, 2023]","{""log1p_range_30m"": 0.06481146323571564, ""log1p_atr14_60m"": 0.10176235053204055, ""log1p_prev_session_range"": 0.510872043439789, ""intercept"": 1.080760694945292}","{""log1p_range_30m"": 0.07271788455217086, ""log1p_atr14_60m"": 0.23733899512794784, ""log1p_prev_session_range"": 0.38570812972476154, ""intercept"": 1.2646302370286309}",0.0,233,-2210.24,0.789,-0.0936,-24.41,8265.632640125208,10475.87376608764,85.95560070531357,107.77508326674774
learned|fs=F4|mfeq=0.65|maeq=0.65,F4,0.65,0.65,2025,"[2018, 2019, 2020, 2021, 2022, 2023, 2024]","{""log1p_range_30m"": 0.07585221742034198, ""log1p_atr14_60m"": 0.0899868172010936, ""log1p_prev_session_range"": 0.47889564635007553, ""intercept"": 1.2527673048986387}","{""log1p_range_30m"": 0.03635708197690228, ""log1p_atr14_60m"": 0.3034851529023966, ""log1p_prev_session_range"": 0.35088950044821293, ""intercept"": 1.4032066278036517}",0.019498607242339833,212,-392.3,0.9645,0.021,-13.3388,10643.971816291858,11036.271734552836,86.39280361889647,81.93899844197848
learned|fs=F4|mfeq=0.65|maeq=0.80,F4,0.65,0.8,2021,"[2018, 2019, 2020]","{""log1p_range_30m"": 0.0010041464340249293, ""log1p_atr14_60m"": 0.11791162659835482, ""log1p_prev_session_range"": 0.5791108911379189, ""intercept"": 0.8326409112558895}","{""log1p_range_30m"": 0.06526990949611332, ""log1p_atr14_60m"": 0.5730950313113827, ""log1p_prev_session_range"": 0.04294015626858428, ""intercept"": 2.221722154067083}",0.0,195,337.3,1.0487,0.0007,-6.4376,7269.391799369247,6932.089775513601,60.19776922653241,60.06986223661774
learned|fs=F4|mfeq=0.65|maeq=0.80,F4,0.65,0.8,2022,"[2018, 2019, 2020, 2021]","{""log1p_range_30m"": 0.03805027558685896, ""log1p_atr14_60m"": 0.30851283254525325, ""log1p_prev_session_range"": 0.36746989882610304, ""intercept"": 1.185154619798572}","{""log1p_range_30m"": 0.03501678349186903, ""log1p_atr14_60m"": 0.4912126157564852, ""log1p_prev_session_range"": 0.1649402706633346, ""intercept"": 2.044618060709084}",0.0,224,-1639.16,0.8623,-0.0582,-15.1447,10266.890680525174,11906.047620936604,62.456775231871944,75.48757071099577
learned|fs=F4|mfeq=0.65|maeq=0.80,F4,0.65,0.8,2023,"[2018, 2019, 2020, 2021, 2022]","{""log1p_range_30m"": 0.04278833000755669, ""log1p_atr14_60m"": 0.14537107435414273, ""log1p_prev_session_range"": 0.49734738067527834, ""intercept"": 1.065505377858091}","{""log1p_range_30m"": 0.05420016664045351, ""log1p_atr14_60m"": 0.37211303725079004, ""log1p_prev_session_range"": 0.26915793499737334, ""intercept"": 1.891064774039931}",0.0,203,814.27,1.1203,0.0269,-6.9373,7582.427763173795,6768.160254532519,59.202357975789134,53.739940826374934
learned|fs=F4|mfeq=0.65|maeq=0.80,F4,0.65,0.8,2024,"[2018, 2019, 2020, 2021, 2022, 2023]","{""log1p_range_30m"": 0.06481146323571564, ""log1p_atr14_60m"": 0.10176235053204055, ""log1p_prev_session_range"": 0.510872043439789, ""intercept"": 1.080760694945292}","{""log1p_range_30m"": 0.03756481646422817, ""log1p_atr14_60m"": 0.3325924728866603, ""log1p_prev_session_range"": 0.30239367106864334, ""intercept"": 1.910836796842786}",0.0,208,-3255.83,0.715,-0.0936,-20.6318,8168.846074851132,11424.673722774434,57.24859507194498,76.71913883183353
learned|fs=F4|mfeq=0.65|maeq=0.80,F4,0.65,0.8,2025,"[2018, 2019, 2020, 2021, 2022, 2023, 2024]","{""log1p_range_30m"": 0.07585221742034198, ""log1p_atr14_60m"": 0.0899868172010936, ""log1p_prev_session_range"": 0.47889564635007553, ""intercept"": 1.2527673048986387}","{""log1p_range_30m"": 0.0075885369397361456, ""log1p_atr14_60m"": 0.3934747351323436, ""log1p_prev_session_range"": 0.30167428599988616, ""intercept"": 1.863694598350435}",0.019498607242339833,195,977.99,1.095,0.0444,-6.7038,11271.003512022122,10293.015536629133,60.029697872783586,51.37480213778353
learned|fs=F4|mfeq=0.80|maeq=0.50,F4,0.8,0.5,2021,"[2018, 2019, 2020]","{""log1p_range_30m"": 0.0, ""log1p_atr14_60m"": 0.33938245961768365, ""log1p_prev_session_range"": 0.4925200841321298, ""intercept"": 1.0495247476828589}","{""log1p_range_30m"": 0.07579432018031829, ""log1p_atr14_60m"": 0.38093818893480147, ""log1p_prev_session_range"": 0.26370434379743907, ""intercept"": 0.945519652358019}",0.12398921832884097,224,1035.19,1.1562,0.0705,-12.9028,7662.849477317481,6627.662961397473,136.9995486839956,121.21154131572425
learned|fs=F4|mfeq=0.80|maeq=0.50,F4,0.8,0.5,2022,"[2018, 2019, 2020, 2021]","{""log1p_range_30m"": 0.025728411832908155, ""log1p_atr14_60m"": 0.48593250845303526, ""log1p_prev_session_range"": 0.26258980261663345, ""intercept"": 1.5835242895680335}","{""log1p_range_30m"": 0.0830406610201978, ""log1p_atr14_60m"": 0.33109049612915264, ""log1p_prev_session_range"": 0.27957076618343574, ""intercept"": 1.0297310627132292}",0.21505376344086022,263,682.22,1.063,0.0183,-17.776,11507.103464532476,10824.885833177083,151.8630960491615,147.039415763868
learned|fs=F4|mfeq=0.80|maeq=0.50,F4,0.8,0.5,2023,"[2018, 2019, 2020, 2021, 2022]","{""log1p_range_30m"": 0.03812092396088883, ""log1p_atr14_60m"": 0.3630646393489545, ""log1p_prev_session_range"": 0.3797786702376305, ""intercept"": 1.401460429045938}","{""log1p_range_30m"": 0.0807082136707159, ""log1p_atr14_60m"": 0.20108673043811198, ""log1p_prev_session_range"": 0.40016419350960125, ""intercept"": 0.8780680841294639}",0.0,232,1362.94,1.2137,0.097,-14.2527,7739.4539776262645,6376.51151872053,139.53630741048053,117.02398737109706
learned|fs=F4|mfeq=0.80|maeq=0.50,F4,0.8,0.5,2024,"[2018, 2019, 2020, 2021, 2022, 2023]","{""log1p_range_30m"": 0.054050930050170067, ""log1p_atr14_60m"": 0.2784403536097391, ""log1p_prev_session_range"": 0.4181480746752384, ""intercept"": 1.4448676312236424}","{""log1p_range_30m"": 0.059149100943174104, ""log1p_atr14_60m"": 0.10895281658581196, ""log1p_prev_session_range"": 0.4917633428003206, ""intercept"": 0.8059129481541847}",0.02518891687657431,253,-962.81,0.9007,-0.059,-22.94,8736.126253031362,9698.939558305665,137.53086029983967,152.45071711317388
learned|fs=F4|mfeq=0.80|maeq=0.50,F4,0.8,0.5,2025,"[2018, 2019, 2020, 2021, 2022, 2023, 2024]","{""log1p_range_30m"": 0.0645976318789002, ""log1p_atr14_60m"": 0.25613251020735467, ""log1p_prev_session_range"": 0.40514698633976604, ""intercept"": 1.5571335149491234}","{""log1p_range_30m"": 0.03807284972200398, ""log1p_atr14_60m"": 0.13367984752843834, ""log1p_prev_session_range"": 0.49373502640149136, ""intercept"": 0.8112958723443844}",0.09192200557103064,223,-1080.88,0.9014,-0.0279,-24.8657,9878.265677977291,10959.144951673425,123.47091451202326,129.69336930915313
learned|fs=F4|mfeq=0.80|maeq=0.65,F4,0.8,0.65,2021,"[2018, 2019, 2020]","{""log1p_range_30m"": 0.0, ""log1p_atr14_60m"": 0.33938245961768365, ""log1p_prev_session_range"": 0.4925200841321298, ""intercept"": 1.0495247476828589}","{""log1p_range_30m"": 0.12211456469169597, ""log1p_atr14_60m"": 0.4955454313151286, ""log1p_prev_session_range"": 0.1212544157031163, ""intercept"": 1.504020988889434}",0.12398921832884097,208,1019.24,1.1425,0.0466,-6.7111,8172.051882616945,7152.807231049692,98.94118572330284,89.25717206369494
learned|fs=F4|mfeq=0.80|maeq=0.65,F4,0.8,0.65,2022,"[2018, 2019, 2020, 2021]","{""log1p_range_30m"": 0.025728411832908155, ""log1p_atr14_60m"": 0.48593250845303526, ""log1p_prev_session_range"": 0.26258980261663345, ""intercept"": 1.5835242895680335}","{""log1p_range_30m"": 0.08319849813415046, ""log1p_atr14_60m"": 0.33228311198740856, ""log1p_prev_session_range"": 0.30889058874334974, ""intercept"": 1.2727948727270788}",0.21505376344086022,238,167.81,1.0143,-0.0124,-13.6991,11901.382827268435,11733.571098221139,102.56762700314886,105.52220507825997
learned|fs=F4|mfeq=0.80|maeq=0.65,F4,0.8,0.65,2023,"[2018, 2019, 2020, 2021, 2022]","{""log1p_range_30m"": 0.03812092396088883, ""log1p_atr14_60m"": 0.3630646393489545, ""log1p_prev_session_range"": 0.3797786702376305, ""intercept"": 1.401460429045938}","{""log1p_range_30m"": 0.09544917144177047, ""log1p_atr14_60m"": 0.26058721771922666, ""log1p_prev_session_range"": 0.3500438662479952, ""intercept"": 1.2802517117473173}",0.0,212,-128.02,0.9833,-0.017,-16.1251,7549.113247600786,7677.135055550036,91.04912056098405,94.6470787230232
learned|fs=F4|mfeq=0.80|maeq=0.65,F4,0.8,0.65,2024,"[2018, 2019, 2020, 2021, 2022, 2023]","{""log1p_range_30m"": 0.054050930050170067, ""log1p_atr14_60m"": 0.2784403536097391, ""log1p_prev_session_range"": 0.4181480746752384, ""intercept"": 1.4448676312236424}","{""log1p_range_30m"": 0.07271788455217086, ""log1p_atr14_60m"": 0.23733899512794784, ""log1p_prev_session_range"": 0.38570812972476154, ""intercept"": 1.2646302370286309}",0.02518891687657431,229,-1559.73,0.8594,-0.0761,-25.5783,9536.133613328871,11095.862229121398,98.10182678732535,115.52545683203564
learned|fs=F4|mfeq=0.80|maeq=0.65,F4,0.8,0.65,2025,"[2018, 2019, 2020, 2021, 2022, 2023, 2024]","{""log1p_range_30m"": 0.0645976318789002, ""log1p_atr14_60m"": 0.25613251020735467, ""log1p_prev_session_range"": 0.40514698633976604, ""intercept"": 1.5571335149491234}","{""log1p_range_30m"": 0.03635708197690228, ""log1p_atr14_60m"": 0.3034851529023966, ""log1p_prev_session_range"": 0.35088950044821293, ""intercept"": 1.4032066278036517}",0.09192200557103064,202,-1704.91,0.8604,-0.0367,-17.3604,10511.425080529632,12216.339917450048,84.1252964017721,91.53355627208961
learned|fs=F4|mfeq=0.80|maeq=0.80,F4,0.8,0.8,2021,"[2018, 2019, 2020]","{""log1p_range_30m"": 0.0, ""log1p_atr14_60m"": 0.33938245961768365, ""log1p_prev_session_range"": 0.4925200841321298, ""intercept"": 1.0495247476828589}","{""log1p_range_30m"": 0.06526990949611332, ""log1p_atr14_60m"": 0.5730950313113827, ""log1p_prev_session_range"": 0.04294015626858428, ""intercept"": 2.221722154067083}",0.12398921832884097,188,-331.66,0.958,-0.0222,-8.2485,7564.91529025544,7896.577098298816,63.81518405377593,67.99275255734224
learned|fs=F4|mfeq=0.80|maeq=0.80,F4,0.8,0.8,2022,"[2018, 2019, 2020, 2021]","{""log1p_range_30m"": 0.025728411832908155, ""log1p_atr14_60m"": 0.48593250845303526, ""log1p_prev_session_range"": 0.26258980261663345, ""intercept"": 1.5835242895680335}","{""log1p_range_30m"": 0.03501678349186903, ""log1p_atr14_60m"": 0.4912126157564852, ""log1p_prev_session_range"": 0.1649402706633346, ""intercept"": 2.044618060709084}",0.21505376344086022,221,-960.37,0.925,-0.0427,-11.1374,11852.859388058552,12813.22690318488,71.84611001807824,81.2849621993911
learned|fs=F4|mfeq=0.80|maeq=0.80,F4,0.8,0.8,2023,"[2018, 2019, 2020, 2021, 2022]","{""log1p_range_30m"": 0.03812092396088883, ""log1p_atr14_60m"": 0.3630646393489545, ""log1p_prev_session_range"": 0.3797786702376305, ""intercept"": 1.401460429045938}","{""log1p_range_30m"": 0.05420016664045351, ""log1p_atr14_60m"": 0.37211303725079004, ""log1p_prev_session_range"": 0.26915793499737334, ""intercept"": 1.891064774039931}",0.0,196,1197.27,1.1716,0.0455,-6.5048,8173.675222343918,6976.403119572478,64.45930487870254,55.546044199553805
learned|fs=F4|mfeq=0.80|maeq=0.80,F4,0.8,0.8,2024,"[2018, 2019, 2020, 2021, 2022, 2023]","{""log1p_range_30m"": 0.054050930050170067, ""log1p_atr14_60m"": 0.2784403536097391, ""log1p_prev_session_range"": 0.4181480746752384, ""intercept"": 1.4448676312236424}","{""log1p_range_30m"": 0.03756481646422817, ""log1p_atr14_60m"": 0.3325924728866603, ""log1p_prev_session_range"": 0.30239367106864334, ""intercept"": 1.910836796842786}",0.02518891687657431,203,-2994.91,0.7566,-0.0894,-20.8038,9310.991183064776,12305.90212266381,65.37276118205578,83.52344652406707
learned|fs=F4|mfeq=0.80|maeq=0.80,F4,0.8,0.8,2025,"[2018, 2019, 2020, 2021, 2022, 2023, 2024]","{""log1p_range_30m"": 0.0645976318789002, ""log1p_atr14_60m"": 0.25613251020735467, ""log1p_prev_session_range"": 0.40514698633976604, ""intercept"": 1.5571335149491234}","{""log1p_range_30m"": 0.0075885369397361456, ""log1p_atr14_60m"": 0.3934747351323436, ""log1p_prev_session_range"": 0.30167428599988616, ""intercept"": 1.863694598350435}",0.09192200557103064,184,654.59,1.0572,0.0414,-8.7606,12088.884597213495,11434.293914187874,63.9835323891914,56.3655459619724
