level_id,session_date,year,side,entry_time,exit_time,entry_price,tp_dist,sl_dist,pnl_pts,r_multiple,exit_reason
0_upper,2018-01-03,2018,upper,2018-01-03 09:06:00+00:00,2018-01-03 09:59:00-05:00,6529.134910517963,33.0,32.25,-32.25,-1.0,SL
1_upper,2018-01-04,2018,upper,2018-01-04 00:09:00+00:00,2018-01-04 08:25:00-05:00,6591.363648739487,22.75,25.5,-25.5,-1.0,SL
2_upper,2018-01-05,2018,upper,2018-01-05 16:17:00+00:00,2018-01-05 15:50:00-05:00,6647.463047114303,12.5,18.5,-18.5,-1.0,SL
4_upper,2018-01-09,2018,upper,2018-01-09 13:26:00+00:00,2018-01-09 09:38:00-05:00,6700.852925468027,11.5,16.5,11.5,0.696969696969697,TP
5_lower,2018-01-10,2018,lower,2018-01-10 10:59:00+00:00,2018-01-10 09:30:00-05:00,6644.365418961772,14.25,19.75,14.25,0.7215189873417721,TP
4_lower,2018-01-10,2018,lower,2018-01-10 15:02:00+00:00,2018-01-10 10:10:00-05:00,6629.772074531973,15.5,23.0,15.5,0.6739130434782609,TP
6_upper,2018-01-11,2018,upper,2018-01-11 17:38:00+00:00,2018-01-11 15:59:00-05:00,6705.969460652561,17.25,22.25,-11.030539347439117,-0.495754577412994,cutoff
5_upper,2018-01-12,2018,upper,2018-01-12 08:25:00+00:00,2018-01-12 08:37:00-05:00,6741.759581038228,22.5,25.75,22.5,0.8737864077669902,TP
8_upper,2018-01-12,2018,upper,2018-01-12 18:01:00+00:00,2018-01-12 15:59:00-05:00,6767.641689094185,21.5,26.75,2.141689094184585,0.08006314370783495,cutoff
9_upper,2018-01-16,2018,upper,2018-01-16 10:23:00+00:00,2018-01-16 09:37:00-05:00,6809.770647884909,11.75,17.5,-17.5,-1.0,SL
11_upper,2018-01-17,2018,upper,2018-01-17 19:53:00+00:00,2018-01-17 15:59:00-05:00,6825.380439588893,43.25,43.75,2.130439588892841,0.04869576203183637,cutoff
12_upper,2018-01-22,2018,upper,2018-01-22 15:09:00+00:00,2018-01-22 10:36:00-05:00,6862.577746742863,16.75,23.0,-23.0,-1.0,SL
15_upper,2018-01-24,2018,upper,2018-01-24 15:14:00+00:00,2018-01-24 10:57:00-05:00,6998.255469793344,20.0,26.25,20.0,0.7619047619047619,TP
16_lower,2018-01-24,2018,lower,2018-01-24 16:34:00+00:00,2018-01-24 13:09:00-05:00,6929.169585261671,21.5,28.75,-28.75,-1.0,SL
18_upper,2018-01-26,2018,upper,2018-01-26 20:19:00+00:00,2018-01-26 15:59:00-05:00,7013.902387490326,29.5,33.25,-13.347612509674036,-0.4014319551781665,cutoff
19_lower,2018-01-30,2018,lower,2018-01-30 03:52:00+00:00,2018-01-29 23:14:00-05:00,6956.366742923148,23.75,29.75,-29.75,-1.0,SL
21_lower,2018-01-31,2018,lower,2018-01-31 20:08:00+00:00,2018-01-31 15:42:00-05:00,6922.845854475921,42.25,45.0,42.25,0.9388888888888889,TP
17_lower,2018-02-02,2018,lower,2018-02-02 09:21:00+00:00,2018-02-02 09:54:00-05:00,6880.975997086674,37.75,40.75,-40.75,-1.0,SL
8_lower,2018-02-05,2018,lower,2018-02-05 19:48:00+00:00,2018-02-05 15:07:00-05:00,6664.108310905815,88.5,78.5,-78.5,-1.0,SL
25_upper,2018-02-07,2018,upper,2018-02-07 15:08:00+00:00,2018-02-07 15:59:00-05:00,6684.944584107352,107.25,83.75,105.44458410735206,1.2590398102370395,cutoff
27_lower,2018-02-08,2018,lower,2018-02-08 15:54:00+00:00,2018-02-08 12:26:00-05:00,6489.755992857791,51.5,50.75,-50.75,-1.0,SL
28_lower,2018-02-09,2018,lower,2018-02-09 17:06:00+00:00,2018-02-09 12:44:00-05:00,6265.346978933865,85.75,73.75,-73.75,-1.0,SL
28_upper,2018-02-12,2018,upper,2018-02-12 14:44:00+00:00,2018-02-12 10:25:00-05:00,6513.528021066135,75.5,65.25,75.5,1.157088122605364,TP
30_upper,2018-02-14,2018,upper,2018-02-14 07:34:00+00:00,2018-02-14 08:30:00-05:00,6590.569710186437,28.75,31.5,28.75,0.9126984126984127,TP
31_upper,2018-02-14,2018,upper,2018-02-14 18:46:00+00:00,2018-02-14 15:59:00-05:00,6662.238774223706,33.75,37.25,-18.51122577629394,-0.4969456584239984,cutoff
26_upper,2018-02-15,2018,upper,2018-02-15 17:39:00+00:00,2018-02-15 15:59:00-05:00,6754.8584078021295,68.25,59.0,-47.14159219787052,-0.7990100372520428,cutoff
34_lower,2018-02-20,2018,lower,2018-02-20 10:04:00+00:00,2018-02-20 08:44:00-05:00,6727.800168995409,23.0,29.0,23.0,0.7931034482758621,TP
35_upper,2018-02-21,2018,upper,2018-02-21 16:27:00+00:00,2018-02-21 14:25:00-05:00,6851.230605849432,31.75,34.25,-34.25,-1.0,SL
37_upper,2018-02-23,2018,upper,2018-02-23 19:49:00+00:00,2018-02-23 15:59:00-05:00,6871.912614461429,33.75,35.25,-29.587385538570743,-0.8393584549949147,cutoff
23_upper,2018-02-26,2018,upper,2018-02-26 17:57:00+00:00,2018-02-26 15:59:00-05:00,6971.006897687846,32.75,34.0,-21.243102312154406,-0.6247971268280708,cutoff
40_lower,2018-02-27,2018,lower,2018-02-27 17:20:00+00:00,2018-02-27 15:59:00-05:00,6926.71319448983,40.0,42.5,-21.71319448983013,-0.510898693878356,cutoff
39_lower,2018-02-28,2018,lower,2018-02-28 20:45:00+00:00,2018-02-28 15:59:00-05:00,6879.299880883785,29.75,34.25,-18.04988088378468,-0.5270038214243703,cutoff
38_lower,2018-03-01,2018,lower,2018-03-01 18:45:00+00:00,2018-03-01 14:02:00-05:00,6747.626726108781,41.25,45.0,-45.0,-1.0,SL
35_lower,2018-03-02,2018,lower,2018-03-02 13:01:00+00:00,2018-03-02 11:50:00-05:00,6674.644394150568,74.75,67.25,74.75,1.1115241635687731,TP
43_upper,2018-03-02,2018,upper,2018-03-02 17:03:00+00:00,2018-03-02 15:59:00-05:00,6766.743215011062,62.5,58.75,-45.00678498893831,-0.7660729359819286,cutoff
44_upper,2018-03-05,2018,upper,2018-03-05 16:41:00+00:00,2018-03-05 15:06:00-05:00,6857.609340965633,47.5,46.75,-46.75,-1.0,SL
46_upper,2018-03-08,2018,upper,2018-03-08 07:11:00+00:00,2018-03-08 15:59:00-05:00,6945.66025015068,35.25,34.75,-21.58974984931956,-0.6212877654480449,cutoff
45_upper,2018-03-09,2018,upper,2018-03-09 00:00:00+00:00,2018-03-09 08:30:00-05:00,7000.75,19.25,23.75,-23.75,-1.0,SL
49_upper,2018-03-13,2018,upper,2018-03-13 13:42:00+00:00,2018-03-13 10:31:00-04:00,7211.202029295153,25.0,30.5,25.0,0.819672131147541,TP
50_lower,2018-03-13,2018,lower,2018-03-13 15:07:00+00:00,2018-03-13 11:27:00-04:00,7145.116092818436,19.0,25.75,-25.75,-1.0,SL
51_lower,2018-03-15,2018,lower,2018-03-15 01:10:00+00:00,2018-03-14 22:37:00-04:00,7027.927462033644,30.5,36.0,30.5,0.8472222222222222,TP
53_lower,2018-03-19,2018,lower,2018-03-19 00:59:00+00:00,2018-03-18 21:33:00-04:00,7019.536644549242,13.5,18.0,-18.0,-1.0,SL
56_lower,2018-03-22,2018,lower,2018-03-22 07:59:00+00:00,2018-03-22 08:42:00-04:00,6818.242298500356,33.25,35.75,-35.75,-1.0,SL
58_lower,2018-03-23,2018,lower,2018-03-23 19:00:00+00:00,2018-03-23 15:59:00-04:00,6582.5845918092255,72.0,66.25,-62.33459180922546,-0.9408994990071767,cutoff
59_lower,2018-03-26,2018,lower,2018-03-26 15:19:00+00:00,2018-03-26 11:42:00-04:00,6555.590673508264,62.0,57.5,62.0,1.0782608695652174,TP
59_upper,2018-03-26,2018,upper,2018-03-26 19:41:00+00:00,2018-03-26 15:59:00-04:00,6752.909326491736,65.25,59.75,-18.340673508264445,-0.3069568787994049,cutoff
58_upper,2018-03-27,2018,upper,2018-03-27 00:01:00+00:00,2018-03-27 05:56:00-04:00,6796.040408190775,60.75,51.5,-51.5,-1.0,SL
62_upper,2018-03-29,2018,upper,2018-03-29 18:11:00+00:00,2018-03-29 15:59:00-04:00,6618.200644567763,49.5,50.75,28.700644567763447,0.5655299422219399,cutoff
63_lower,2018-04-02,2018,lower,2018-04-02 15:36:00+00:00,2018-04-02 14:02:00-04:00,6394.937625773999,63.75,59.0,-59.0,-1.0,SL
65_upper,2018-04-04,2018,upper,2018-04-04 15:31:00+00:00,2018-04-04 14:24:00-04:00,6467.935910178159,46.75,49.0,-49.0,-1.0,SL
67_lower,2018-04-06,2018,lower,2018-04-06 18:34:00+00:00,2018-04-06 15:06:00-04:00,6444.337632320206,31.0,35.75,-35.75,-1.0,SL
68_upper,2018-04-10,2018,upper,2018-04-10 02:42:00+00:00,2018-04-10 09:41:00-04:00,6618.015361193202,54.5,54.5,54.5,1.0,TP
67_upper,2018-04-11,2018,upper,2018-04-11 16:03:00+00:00,2018-04-11 14:52:00-04:00,6653.787367679794,44.5,44.75,44.5,0.994413407821229,TP
69_upper,2018-04-12,2018,upper,2018-04-12 13:59:00+00:00,2018-04-12 13:27:00-04:00,6674.120573515432,28.0,30.75,28.0,0.9105691056910569,TP
71_upper,2018-04-17,2018,upper,2018-04-17 06:19:00+00:00,2018-04-17 10:00:00-04:00,6742.225463751627,26.25,29.5,-29.5,-1.0,SL
75_lower,2018-04-20,2018,lower,2018-04-20 07:30:00+00:00,2018-04-20 07:00:00-04:00,6754.992006121582,26.75,30.0,26.75,0.8916666666666667,TP
74_lower,2018-04-20,2018,lower,2018-04-20 15:11:00+00:00,2018-04-20 15:08:00-04:00,6686.1427764513855,30.25,35.0,-35.0,-1.0,SL
78_lower,2018-04-24,2018,lower,2018-04-24 14:24:00+00:00,2018-04-24 11:05:00-04:00,6615.554947578565,32.75,37.5,-37.5,-1.0,SL
80_upper,2018-04-26,2018,upper,2018-04-26 14:04:00+00:00,2018-04-26 13:35:00-04:00,6618.426920574853,43.5,45.0,-45.0,-1.0,SL
78_upper,2018-04-27,2018,upper,2018-04-27 12:47:00+00:00,2018-04-27 09:36:00-04:00,6767.945052421435,46.25,42.25,46.25,1.0946745562130178,TP
83_lower,2018-04-30,2018,lower,2018-04-30 16:09:00+00:00,2018-04-30 15:59:00-04:00,6612.5646574806215,43.0,45.5,-1.814657480621463,-0.03988258199168051,cutoff
84_upper,2018-05-01,2018,upper,2018-05-01 19:50:00+00:00,2018-05-01 15:59:00-04:00,6679.80807177099,32.5,34.25,-5.1919282290100455,-0.15158914537255608,cutoff
86_upper,2018-05-04,2018,upper,2018-05-04 14:25:00+00:00,2018-05-04 10:43:00-04:00,6692.836225843241,39.0,42.5,-42.5,-1.0,SL
77_upper,2018-05-07,2018,upper,2018-05-07 04:30:00+00:00,2018-05-07 15:59:00-04:00,6828.16377343615,61.75,52.75,1.4137734361502226,0.02680139215450659,cutoff
76_upper,2018-05-09,2018,upper,2018-05-09 16:48:00+00:00,2018-05-09 14:10:00-04:00,6871.215187438924,18.5,24.5,-24.5,-1.0,SL
91_upper,2018-05-10,2018,upper,2018-05-10 17:10:00+00:00,2018-05-10 14:01:00-04:00,6969.484773303996,26.0,29.0,26.0,0.896551724137931,TP
92_upper,2018-05-14,2018,upper,2018-05-14 14:30:00+00:00,2018-05-14 11:40:00-04:00,7007.349699090812,15.75,22.0,15.75,0.7159090909090909,TP
93_lower,2018-05-15,2018,lower,2018-05-15 12:39:00+00:00,2018-05-15 09:32:00-04:00,6928.543047509258,21.5,26.75,-26.75,-1.0,SL
95_upper,2018-05-17,2018,upper,2018-05-17 14:57:00+00:00,2018-05-17 11:52:00-04:00,6960.568010688974,23.0,28.5,23.0,0.8070175438596491,TP
98_lower,2018-05-23,2018,lower,2018-05-23 01:51:00+00:00,2018-05-23 03:30:00-04:00,6878.121273342689,27.25,32.25,-32.25,-1.0,SL
96_upper,2018-05-24,2018,upper,2018-05-24 07:19:00+00:00,2018-05-24 09:49:00-04:00,6973.725303921158,41.5,41.25,41.5,1.006060606060606,TP
98_upper,2018-05-25,2018,upper,2018-05-25 01:33:00+00:00,2018-05-25 08:08:00-04:00,6988.503726657311,31.0,33.25,31.0,0.9323308270676691,TP
103_lower,2018-05-29,2018,lower,2018-05-29 06:47:00+00:00,2018-05-29 03:04:00-04:00,6935.904766379892,15.0,21.75,15.0,0.6896551724137931,TP
102_lower,2018-05-29,2018,lower,2018-05-29 08:32:00+00:00,2018-05-29 05:12:00-04:00,6899.922722627305,17.25,24.25,17.25,0.711340206185567,TP
104_upper,2018-05-31,2018,upper,2018-05-31 15:39:00+00:00,2018-05-31 13:56:00-04:00,7007.195181795412,25.0,30.5,25.0,0.819672131147541,TP
106_upper,2018-06-01,2018,upper,2018-06-01 13:55:00+00:00,2018-06-01 10:50:00-04:00,7034.913711385827,24.75,29.0,-29.0,-1.0,SL
107_upper,2018-06-04,2018,upper,2018-06-04 00:18:00+00:00,2018-06-04 09:48:00-04:00,7092.43659505992,34.0,35.75,-35.75,-1.0,SL
108_upper,2018-06-05,2018,upper,2018-06-05 08:00:00+00:00,2018-06-05 10:31:00-04:00,7156.635231374005,23.75,27.25,-27.25,-1.0,SL
110_upper,2018-06-07,2018,upper,2018-06-07 06:32:00+00:00,2018-06-07 07:43:00-04:00,7231.326699234774,21.75,25.5,21.75,0.8529411764705882,TP
111_lower,2018-06-07,2018,lower,2018-06-07 16:57:00+00:00,2018-06-07 15:27:00-04:00,7133.197791187882,27.0,31.5,27.0,0.8571428571428571,TP
110_lower,2018-06-08,2018,lower,2018-06-08 08:10:00+00:00,2018-06-08 09:30:00-04:00,7113.548300765226,36.25,39.0,36.25,0.9294871794871795,TP
112_upper,2018-06-11,2018,upper,2018-06-11 13:46:00+00:00,2018-06-11 10:41:00-04:00,7194.487916844135,22.5,25.75,22.5,0.8737864077669902,TP
113_upper,2018-06-12,2018,upper,2018-06-12 15:44:00+00:00,2018-06-12 14:38:00-04:00,7226.99282082399,17.25,22.25,17.25,0.7752808988764045,TP
114_upper,2018-06-13,2018,upper,2018-06-13 00:23:00+00:00,2018-06-13 03:29:00-04:00,7254.301705073458,20.0,23.5,20.0,0.851063829787234,TP
111_upper,2018-06-13,2018,upper,2018-06-13 14:20:00+00:00,2018-06-13 14:06:00-04:00,7269.677208812118,19.0,24.25,19.0,0.7835051546391752,TP
115_upper,2018-06-14,2018,upper,2018-06-14 14:20:00+00:00,2018-06-14 11:00:00-04:00,7303.289655676041,24.5,30.25,24.5,0.8099173553719008,TP
117_lower,2018-06-18,2018,lower,2018-06-18 13:34:00+00:00,2018-06-18 09:48:00-04:00,7214.541889345101,23.75,27.25,23.75,0.8715596330275229,TP
116_lower,2018-06-19,2018,lower,2018-06-19 01:55:00+00:00,2018-06-19 03:08:00-04:00,7207.821104982877,36.5,38.25,-38.25,-1.0,SL
119_upper,2018-06-20,2018,upper,2018-06-20 00:02:00+00:00,2018-06-20 09:42:00-04:00,7262.911183414944,39.25,38.75,-38.75,-1.0,SL
120_upper,2018-06-21,2018,upper,2018-06-21 01:57:00+00:00,2018-06-21 05:02:00-04:00,7343.719569612136,33.75,34.25,33.75,0.9854014598540146,TP
120_lower,2018-06-21,2018,lower,2018-06-21 14:22:00+00:00,2018-06-21 10:57:00-04:00,7237.780430387864,33.0,37.0,33.0,0.8918918918918919,TP
121_lower,2018-06-22,2018,lower,2018-06-22 14:34:00+00:00,2018-06-22 12:16:00-04:00,7198.555087663368,42.0,44.25,42.0,0.9491525423728814,TP
122_lower,2018-06-25,2018,lower,2018-06-25 09:03:00+00:00,2018-06-25 09:39:00-04:00,7161.205449367277,27.25,31.5,-31.5,-1.0,SL
125_lower,2018-06-27,2018,lower,2018-06-27 17:14:00+00:00,2018-06-27 15:08:00-04:00,7052.521768683338,32.5,37.5,-37.5,-1.0,SL
126_upper,2018-06-29,2018,upper,2018-06-29 02:36:00+00:00,2018-06-29 10:01:00-04:00,7076.796525590399,36.25,38.25,-38.25,-1.0,SL
127_lower,2018-07-02,2018,lower,2018-07-02 06:24:00+00:00,2018-07-02 10:30:00-04:00,7021.939275551633,31.0,34.75,31.0,0.8920863309352518,TP
128_upper,2018-07-02,2018,upper,2018-07-02 19:50:00+00:00,2018-07-02 15:59:00-04:00,7104.684474974911,28.5,33.25,-14.0655250250893,-0.4230233090252421,cutoff
127_upper,2018-07-03,2018,upper,2018-07-03 11:36:00+00:00,2018-07-03 09:38:00-04:00,7161.685724448367,46.5,45.0,46.5,1.0333333333333334,TP
129_lower,2018-07-03,2018,lower,2018-07-03 16:49:00+00:00,2018-07-03 13:14:00-04:00,7046.597110333999,37.25,40.0,-23.5971103339989,-0.5899277583499725,cutoff
130_upper,2018-07-05,2018,upper,2018-07-05 16:04:00+00:00,2018-07-05 14:14:00-04:00,7100.0791138550085,13.25,19.25,13.25,0.6883116883116883,TP
131_upper,2018-07-06,2018,upper,2018-07-06 05:32:00+00:00,2018-07-06 11:35:00-04:00,7154.980786813723,50.75,51.0,-51.0,-1.0,SL
123_upper,2018-07-09,2018,upper,2018-07-09 00:08:00+00:00,2018-07-09 15:42:00-04:00,7245.184324224052,43.25,41.25,-41.25,-1.0,SL
133_upper,2018-07-10,2018,upper,2018-07-10 00:54:00+00:00,2018-07-10 03:43:00-04:00,7333.438705783388,26.0,29.75,26.0,0.8739495798319328,TP
135_upper,2018-07-12,2018,upper,2018-07-12 14:07:00+00:00,2018-07-12 11:57:00-04:00,7328.303579632185,24.25,29.75,-29.75,-1.0,SL
121_upper,2018-07-13,2018,upper,2018-07-13 03:46:00+00:00,2018-07-13 09:55:00-04:00,7406.569912336632,35.0,34.0,35.0,1.0294117647058822,TP
139_upper,2018-07-17,2018,upper,2018-07-17 15:54:00+00:00,2018-07-17 13:11:00-04:00,7392.15471783367,29.75,32.75,-32.75,-1.0,SL
140_lower,2018-07-23,2018,lower,2018-07-23 01:00:00+00:00,2018-07-23 09:38:00-04:00,7346.6858821268015,19.5,25.0,-25.0,-1.0,SL
142_upper,2018-07-24,2018,upper,2018-07-23 23:52:00+00:00,2018-07-24 09:36:00-04:00,7438.102087580435,36.0,36.25,-36.25,-1.0,SL
145_upper,2018-07-25,2018,upper,2018-07-25 18:03:00+00:00,2018-07-25 15:50:00-04:00,7481.544416078332,31.25,34.25,-34.25,-1.0,SL
147_lower,2018-07-27,2018,lower,2018-07-27 16:02:00+00:00,2018-07-27 12:36:00-04:00,7353.370971743931,30.0,34.5,-34.5,-1.0,SL
136_lower,2018-07-30,2018,lower,2018-07-30 13:44:00+00:00,2018-07-30 12:48:00-04:00,7226.908261951898,57.25,52.0,-52.0,-1.0,SL
149_upper,2018-08-02,2018,upper,2018-08-02 15:35:00+00:00,2018-08-02 13:07:00-04:00,7331.653201937988,23.0,29.75,-29.75,-1.0,SL
153_upper,2018-08-07,2018,upper,2018-08-07 03:02:00+00:00,2018-08-07 09:35:00-04:00,7459.432390640652,17.75,20.75,-20.75,-1.0,SL
156_lower,2018-08-10,2018,lower,2018-08-10 10:04:00+00:00,2018-08-10 09:44:00-04:00,7424.720023865139,19.75,26.0,19.75,0.7596153846153846,TP
154_lower,2018-08-10,2018,lower,2018-08-10 14:04:00+00:00,2018-08-10 10:10:00-04:00,7413.1515343948895,16.5,23.0,16.5,0.717391304347826,TP
155_lower,2018-08-10,2018,lower,2018-08-10 17:47:00+00:00,2018-08-10 15:25:00-04:00,7408.879532772222,15.25,20.75,15.25,0.7349397590361446,TP
157_lower,2018-08-15,2018,lower,2018-08-15 14:00:00+00:00,2018-08-15 10:05:00-04:00,7372.920652415312,23.5,30.25,-30.25,-1.0,SL
161_lower,2018-08-17,2018,lower,2018-08-17 12:08:00+00:00,2018-08-17 09:39:00-04:00,7360.173904777643,21.0,25.0,21.0,0.84,TP
162_upper,2018-08-21,2018,upper,2018-08-21 15:54:00+00:00,2018-08-21 14:49:00-04:00,7436.526712365974,20.5,25.75,20.5,0.7961165048543689,TP
164_lower,2018-08-22,2018,lower,2018-08-21 23:14:00+00:00,2018-08-21 23:39:00-04:00,7352.896833553673,34.0,37.25,34.0,0.912751677852349,TP
165_upper,2018-08-23,2018,upper,2018-08-23 13:42:00+00:00,2018-08-23 11:18:00-04:00,7452.447510363063,21.0,24.75,21.0,0.8484848484848485,TP
157_upper,2018-08-24,2018,upper,2018-08-24 14:35:00+00:00,2018-08-24 15:59:00-04:00,7480.329347584688,18.5,24.25,-12.670652415312361,-0.5225011305283448,cutoff
154_upper,2018-08-27,2018,upper,2018-08-26 23:44:00+00:00,2018-08-27 10:15:00-04:00,7522.8484656051105,31.75,33.0,-33.0,-1.0,SL
168_upper,2018-08-29,2018,upper,2018-08-29 02:28:00+00:00,2018-08-29 05:39:00-04:00,7599.9516883498845,9.75,14.5,9.75,0.6724137931034483,TP
169_upper,2018-08-29,2018,upper,2018-08-29 14:41:00+00:00,2018-08-29 11:28:00-04:00,7634.351839522623,12.25,18.75,-18.75,-1.0,SL
173_lower,2018-09-04,2018,lower,2018-09-04 11:41:00+00:00,2018-09-04 09:31:00-04:00,7633.061168833607,11.5,18.25,11.5,0.6301369863013698,TP
171_lower,2018-09-04,2018,lower,2018-09-04 13:39:00+00:00,2018-09-04 09:42:00-04:00,7604.500703523443,12.0,17.75,-17.75,-1.0,SL
174_lower,2018-09-05,2018,lower,2018-09-05 14:01:00+00:00,2018-09-05 10:35:00-04:00,7549.8898326392355,35.0,40.25,-40.25,-1.0,SL
168_lower,2018-09-06,2018,lower,2018-09-06 14:12:00+00:00,2018-09-06 11:07:00-04:00,7472.1733116501155,46.5,48.75,-48.75,-1.0,SL
167_lower,2018-09-07,2018,lower,2018-09-07 13:00:00+00:00,2018-09-07 09:53:00-04:00,7401.824362995334,60.0,58.75,60.0,1.0212765957446808,TP
179_upper,2018-09-12,2018,upper,2018-09-12 07:47:00+00:00,2018-09-12 09:30:00-04:00,7527.395003291416,36.25,37.0,36.25,0.9797297297297297,TP
178_upper,2018-09-13,2018,upper,2018-09-13 13:32:00+00:00,2018-09-13 15:59:00-04:00,7547.622652900693,46.25,45.5,-16.12734709930737,-0.3544471889957664,cutoff
176_upper,2018-09-14,2018,upper,2018-09-14 06:25:00+00:00,2018-09-14 09:32:00-04:00,7612.28905045813,27.25,29.0,27.25,0.9396551724137931,TP
182_lower,2018-09-17,2018,lower,2018-09-17 13:36:00+00:00,2018-09-17 10:01:00-04:00,7544.14004620946,24.5,27.75,-27.75,-1.0,SL
184_upper,2018-09-20,2018,upper,2018-09-20 13:43:00+00:00,2018-09-20 15:59:00-04:00,7584.795092564204,30.0,32.75,-16.204907435795576,-0.4948063339174222,cutoff
183_upper,2018-09-21,2018,upper,2018-09-21 06:47:00+00:00,2018-09-21 10:21:00-04:00,7631.354115860666,34.75,35.0,34.75,0.9928571428571429,TP
186_lower,2018-09-24,2018,lower,2018-09-24 13:31:00+00:00,2018-09-24 09:55:00-04:00,7499.12113621541,24.75,28.5,24.75,0.868421052631579,TP
189_upper,2018-09-26,2018,upper,2018-09-26 15:01:00+00:00,2018-09-26 14:02:00-04:00,7629.202776166338,15.75,21.5,-21.5,-1.0,SL
187_upper,2018-10-01,2018,upper,2018-09-30 23:08:00+00:00,2018-10-01 05:11:00-04:00,7688.758399715875,26.0,28.5,-28.5,-1.0,SL
193_lower,2018-10-02,2018,lower,2018-10-02 08:46:00+00:00,2018-10-02 09:31:00-04:00,7641.621028945046,27.25,30.75,27.25,0.8861788617886179,TP
195_lower,2018-10-04,2018,lower,2018-10-04 01:36:00+00:00,2018-10-04 09:37:00-04:00,7629.524241982807,24.0,28.5,-28.5,-1.0,SL
188_lower,2018-10-05,2018,lower,2018-10-05 15:18:00+00:00,2018-10-05 12:41:00-04:00,7422.360925339724,57.5,55.25,-55.25,-1.0,SL
179_lower,2018-10-08,2018,lower,2018-10-08 15:39:00+00:00,2018-10-08 15:02:00-04:00,7336.979996708584,52.0,50.75,52.0,1.0246305418719213,TP
198_lower,2018-10-10,2018,lower,2018-10-10 13:50:00+00:00,2018-10-10 10:03:00-04:00,7286.224538054712,45.75,45.5,-45.5,-1.0,SL
202_lower,2018-10-12,2018,lower,2018-10-12 16:44:00+00:00,2018-10-12 13:09:00-04:00,7048.600848404034,68.75,61.75,68.75,1.1133603238866396,TP
201_upper,2018-10-16,2018,upper,2018-10-16 15:18:00+00:00,2018-10-16 13:40:00-04:00,7217.811408936939,38.75,43.0,-43.0,-1.0,SL
205_lower,2018-10-18,2018,lower,2018-10-18 15:23:00+00:00,2018-10-18 11:45:00-04:00,7191.656377993426,44.5,45.75,-45.75,-1.0,SL
208_lower,2018-10-23,2018,lower,2018-10-23 09:17:00+00:00,2018-10-23 10:02:00-04:00,7032.3496815496055,48.5,46.5,-46.5,-1.0,SL
210_lower,2018-10-24,2018,lower,2018-10-24 15:29:00+00:00,2018-10-24 11:58:00-04:00,6997.43029997219,57.25,53.25,57.25,1.0751173708920188,TP
201_lower,2018-10-24,2018,lower,2018-10-24 19:21:00+00:00,2018-10-24 15:51:00-04:00,6892.688591063061,65.5,60.75,-60.75,-1.0,SL
211_lower,2018-10-26,2018,lower,2018-10-26 09:25:00+00:00,2018-10-26 09:36:00-04:00,6762.610909414232,76.0,65.75,76.0,1.155893536121673,TP
212_upper,2018-10-26,2018,upper,2018-10-26 16:50:00+00:00,2018-10-26 13:35:00-04:00,6963.112061325928,75.25,66.5,75.25,1.131578947368421,TP
213_lower,2018-10-29,2018,lower,2018-10-29 16:06:00+00:00,2018-10-29 14:15:00-04:00,6839.862157892273,66.75,61.25,-61.25,-1.0,SL
214_upper,2018-10-31,2018,upper,2018-10-31 08:37:00+00:00,2018-10-31 09:30:00-04:00,6889.683844244571,49.5,46.75,-46.75,-1.0,SL
213_upper,2018-11-01,2018,upper,2018-11-01 17:25:00+00:00,2018-11-01 15:59:00-04:00,7064.512842107727,50.0,47.75,-8.73715789227299,-0.18297712863398932,cutoff
215_upper,2018-11-02,2018,upper,2018-11-02 05:04:00+00:00,2018-11-02 09:11:00-04:00,7089.567462295751,55.5,56.5,55.5,0.9823008849557522,TP
217_lower,2018-11-05,2018,lower,2018-11-05 14:44:00+00:00,2018-11-05 15:59:00-05:00,6903.866612075746,56.75,49.25,39.13338792425384,0.7945865568376413,cutoff
218_upper,2018-11-07,2018,upper,2018-11-07 08:20:00+00:00,2018-11-07 04:54:00-05:00,7081.0047610942565,34.5,35.75,-35.75,-1.0,SL
221_lower,2018-11-09,2018,lower,2018-11-09 11:37:00+00:00,2018-11-09 10:09:00-05:00,7094.461029890275,26.5,29.25,-29.25,-1.0,SL
220_lower,2018-11-12,2018,lower,2018-11-12 14:32:00+00:00,2018-11-12 09:51:00-05:00,6976.819470200613,54.0,50.75,-50.75,-1.0,SL
218_lower,2018-11-13,2018,lower,2018-11-13 00:44:00+00:00,2018-11-12 23:22:00-05:00,6806.870238905744,71.25,62.0,71.25,1.1491935483870968,TP
225_lower,2018-11-14,2018,lower,2018-11-14 19:02:00+00:00,2018-11-14 14:22:00-05:00,6758.138099856673,48.5,49.0,48.5,0.9897959183673469,TP
226_upper,2018-11-15,2018,upper,2018-11-15 18:55:00+00:00,2018-11-15 15:59:00-05:00,6886.098901945612,48.75,50.25,-17.401098054388058,-0.34629050854503596,cutoff
227_lower,2018-11-19,2018,lower,2018-11-19 15:34:00+00:00,2018-11-19 10:50:00-05:00,6729.6333303671845,31.25,37.0,31.25,0.8445945945945946,TP
228_lower,2018-11-19,2018,lower,2018-11-19 16:54:00+00:00,2018-11-19 14:04:00-05:00,6680.669345272034,33.25,38.5,-38.5,-1.0,SL
214_lower,2018-11-20,2018,lower,2018-11-20 13:40:00+00:00,2018-11-20 10:14:00-05:00,6537.816155755429,97.0,76.75,-76.75,-1.0,SL
229_upper,2018-11-21,2018,upper,2018-11-21 14:31:00+00:00,2018-11-21 09:51:00-05:00,6638.488855974993,58.25,52.25,58.25,1.1148325358851674,TP
230_lower,2018-11-23,2018,lower,2018-11-23 13:43:00+00:00,2018-11-23 08:59:00-05:00,6499.389445867615,22.5,26.75,22.5,0.8411214953271028,TP
231_upper,2018-11-26,2018,upper,2018-11-26 08:15:00+00:00,2018-11-26 10:00:00-05:00,6623.8814122187305,34.5,36.75,-36.75,-1.0,SL
233_upper,2018-11-28,2018,upper,2018-11-28 06:10:00+00:00,2018-11-28 12:00:00-05:00,6735.842929241806,28.75,30.5,-30.5,-1.0,SL
238_lower,2018-12-04,2018,lower,2018-12-04 17:04:00+00:00,2018-12-04 12:08:00-05:00,6978.489854502546,37.0,38.75,-38.75,-1.0,SL
240_upper,2018-12-06,2018,upper,2018-12-06 17:53:00+00:00,2018-12-06 13:06:00-05:00,6790.939608582068,26.25,33.75,26.25,0.7777777777777778,TP
241_lower,2018-12-07,2018,lower,2018-12-07 17:36:00+00:00,2018-12-07 14:58:00-05:00,6672.481834007109,67.5,61.0,-61.0,-1.0,SL
242_upper,2018-12-11,2018,upper,2018-12-11 10:53:00+00:00,2018-12-11 08:26:00-05:00,6741.269055832232,44.0,44.5,-44.5,-1.0,SL
245_lower,2018-12-14,2018,lower,2018-12-14 02:06:00+00:00,2018-12-14 11:58:00-05:00,6708.7658878650445,36.0,38.25,-38.25,-1.0,SL
234_lower,2018-12-17,2018,lower,2018-12-17 14:53:00+00:00,2018-12-17 10:11:00-05:00,6528.160513975401,43.75,42.75,43.75,1.023391812865497,TP
233_lower,2018-12-17,2018,lower,2018-12-17 18:36:00+00:00,2018-12-17 15:22:00-05:00,6520.782070758194,48.0,47.75,-47.75,-1.0,SL
248_lower,2018-12-19,2018,lower,2018-12-19 19:52:00+00:00,2018-12-19 14:57:00-05:00,6434.122894312635,32.0,39.5,-39.5,-1.0,SL
250_lower,2018-12-20,2018,lower,2018-12-20 16:51:00+00:00,2018-12-20 14:49:00-05:00,6225.741800107466,84.5,74.0,84.5,1.1418918918918919,TP
251_lower,2018-12-21,2018,lower,2018-12-21 17:19:00+00:00,2018-12-21 15:17:00-05:00,6142.135416306864,65.5,61.75,-61.75,-1.0,SL
253_upper,2018-12-26,2018,upper,2018-12-26 17:55:00+00:00,2018-12-26 15:34:00-05:00,6141.636227627277,60.0,56.75,-56.75,-1.0,SL
254_upper,2018-12-28,2018,upper,2018-12-28 04:30:00+00:00,2018-12-28 10:35:00-05:00,6340.354224240451,81.25,64.5,81.25,1.2596899224806202,TP
513_upper,2020-01-02,2020,upper,2020-01-02 20:54:00+00:00,2020-01-02 15:59:00-05:00,8881.723339367873,4.5,9.5,-7.276660632127459,-0.7659642770660483,cutoff
514_lower,2020-01-03,2020,lower,2020-01-03 10:56:00+00:00,2020-01-03 08:20:00-05:00,8743.715344071625,56.25,52.75,56.25,1.066350710900474,TP
515_upper,2020-01-07,2020,upper,2020-01-07 02:23:00+00:00,2020-01-07 15:59:00-05:00,8881.00840595395,49.5,47.25,18.508405953949477,0.39171229532168206,cutoff
515_lower,2020-01-08,2020,lower,2020-01-08 00:32:00+00:00,2020-01-07 20:41:00-05:00,8696.61659404605,45.0,51.0,45.0,0.8823529411764706,TP
517_upper,2020-01-08,2020,upper,2020-01-08 17:25:00+00:00,2020-01-08 15:59:00-05:00,8938.511204763956,29.5,36.75,8.761204763955902,0.23840012963145313,cutoff
519_upper,2020-01-13,2020,upper,2020-01-13 18:20:00+00:00,2020-01-13 15:59:00-05:00,9071.2517145137,29.25,32.0,-13.99828548629921,-0.4374464214468503,cutoff
523_upper,2020-01-16,2020,upper,2020-01-16 20:52:00+00:00,2020-01-16 15:59:00-05:00,9133.303843540998,21.75,26.25,-4.696156459001941,-0.17890119843816918,cutoff
524_upper,2020-01-17,2020,upper,2020-01-17 09:51:00+00:00,2020-01-17 11:13:00-05:00,9163.275526241005,25.5,29.0,25.5,0.8793103448275862,TP
526_lower,2020-01-21,2020,lower,2020-01-21 02:35:00+00:00,2020-01-21 02:31:00-05:00,9121.972242453598,14.25,20.5,14.25,0.6951219512195121,TP
527_upper,2020-01-22,2020,upper,2020-01-22 02:51:00+00:00,2020-01-22 15:23:00-05:00,9221.951137059525,30.0,34.25,30.0,0.8759124087591241,TP
528_lower,2020-01-23,2020,lower,2020-01-23 14:35:00+00:00,2020-01-23 09:58:00-05:00,9157.475099792831,29.0,33.0,29.0,0.8787878787878788,TP
529_upper,2020-01-24,2020,upper,2020-01-24 08:07:00+00:00,2020-01-24 10:20:00-05:00,9274.55896358009,29.5,31.0,29.5,0.9516129032258065,TP
530_lower,2020-01-24,2020,lower,2020-01-24 17:16:00+00:00,2020-01-24 13:52:00-05:00,9181.370885233937,37.75,41.25,-41.25,-1.0,SL
523_lower,2020-01-27,2020,lower,2020-01-27 10:03:00+00:00,2020-01-27 09:30:00-05:00,8991.946156459002,66.25,60.0,-60.0,-1.0,SL
531_upper,2020-01-28,2020,upper,2020-01-28 15:25:00+00:00,2020-01-28 12:13:00-05:00,9053.02925865888,43.5,45.0,-45.0,-1.0,SL
533_lower,2020-01-30,2020,lower,2020-01-30 07:06:00+00:00,2020-01-30 04:06:00-05:00,9012.488205660382,32.5,35.5,32.5,0.9154929577464789,TP
535_lower,2020-01-31,2020,lower,2020-01-31 16:39:00+00:00,2020-01-31 15:59:00-05:00,9017.085953793145,74.5,67.5,-21.835953793144654,-0.3234956117502912,cutoff
536_upper,2020-02-04,2020,upper,2020-02-04 08:23:00+00:00,2020-02-04 09:30:00-05:00,9218.804595713063,50.75,48.0,-48.0,-1.0,SL
539_upper,2020-02-10,2020,upper,2020-02-10 19:56:00+00:00,2020-02-10 15:54:00-05:00,9488.2651886936,21.5,25.75,-25.75,-1.0,SL
538_upper,2020-02-11,2020,upper,2020-02-11 01:45:00+00:00,2020-02-11 15:15:00-05:00,9567.69569543655,57.75,53.0,57.75,1.0896226415094339,TP
544_upper,2020-02-14,2020,upper,2020-02-14 03:02:00+00:00,2020-02-14 09:44:00-05:00,9650.077889608092,38.25,38.25,38.25,1.0,TP
543_upper,2020-02-17,2020,upper,2020-02-17 01:47:00+00:00,2020-02-17 12:59:00-05:00,9673.03187706804,22.5,27.25,6.531877068040558,0.23970191075378194,cutoff
547_upper,2020-02-19,2020,upper,2020-02-19 12:58:00+00:00,2020-02-19 09:53:00-05:00,9684.604784625351,28.25,29.75,-29.75,-1.0,SL
549_lower,2020-02-20,2020,lower,2020-02-20 16:26:00+00:00,2020-02-20 11:31:00-05:00,9620.132935325752,30.5,33.75,-33.75,-1.0,SL
543_lower,2020-02-21,2020,lower,2020-02-21 14:49:00+00:00,2020-02-21 13:49:00-05:00,9489.09312293196,61.25,54.25,-54.25,-1.0,SL
541_lower,2020-02-24,2020,lower,2020-02-24 02:27:00+00:00,2020-02-24 03:09:00-05:00,9281.154486973352,56.0,50.5,-50.5,-1.0,SL
534_lower,2020-02-25,2020,lower,2020-02-25 16:17:00+00:00,2020-02-25 14:08:00-05:00,8959.006599831078,104.25,87.75,-87.75,-1.0,SL
553_lower,2020-02-27,2020,lower,2020-02-27 03:58:00+00:00,2020-02-27 04:32:00-05:00,8724.757467992544,112.75,88.25,112.75,1.2776203966005666,TP
555_upper,2020-03-02,2020,upper,2020-03-02 01:31:00+00:00,2020-03-01 21:49:00-05:00,8455.361761076416,100.75,84.5,-84.5,-1.0,SL
557_lower,2020-03-03,2020,lower,2020-03-03 18:59:00+00:00,2020-03-03 15:59:00-05:00,8586.744184226147,175.5,125.5,8.7558157738531,0.06976745636536336,cutoff
559_lower,2020-03-06,2020,lower,2020-03-06 03:53:00+00:00,2020-03-06 04:56:00-05:00,8551.275749585217,96.5,75.5,-75.5,-1.0,SL
555_lower,2020-03-09,2020,lower,2020-03-09 13:30:00+00:00,2020-03-09 09:34:00-04:00,7929.763238923582,49.25,36.0,-36.0,-1.0,SL
562_lower,2020-03-10,2020,lower,2020-03-10 15:30:00+00:00,2020-03-10 12:11:00-04:00,7968.404444473295,129.5,101.75,129.5,1.2727272727272727,TP
563_lower,2020-03-11,2020,lower,2020-03-11 19:03:00+00:00,2020-03-11 15:59:00-04:00,7953.301705125909,141.25,102.75,44.94829487409061,0.4374529914753344,cutoff
561_lower,2020-03-12,2020,lower,2020-03-12 13:30:00+00:00,2020-03-12 13:30:00+00:00,7504.25,51.75,37.0,-37.0,-1.0,SL
564_upper,2020-03-13,2020,upper,2020-03-13 19:54:00+00:00,2020-03-13 15:59:00-04:00,7817.194154603514,151.0,104.75,-104.75,-1.0,SL
565_lower,2020-03-16,2020,lower,2020-03-16 13:45:00+00:00,2020-03-16 13:45:00+00:00,7253.384297299514,105.5,60.0,-60.0,-1.0,SL
568_upper,2020-03-20,2020,upper,2020-03-20 07:26:00+00:00,2020-03-20 04:03:00-04:00,7511.458736501807,118.25,91.0,-91.0,-1.0,SL
571_upper,2020-03-24,2020,upper,2020-03-24 08:07:00+00:00,2020-03-24 09:34:00-04:00,7322.838733246481,110.0,80.5,-80.5,-1.0,SL
572_upper,2020-03-25,2020,upper,2020-03-25 07:59:00+00:00,2020-03-25 05:09:00-04:00,7646.30369503761,122.5,89.75,-89.75,-1.0,SL
574_upper,2020-03-26,2020,upper,2020-03-26 19:54:00+00:00,2020-03-26 15:59:00-04:00,7876.498512803625,83.75,69.75,8.49851280362509,0.12184247747132745,cutoff
575_upper,2020-03-31,2020,upper,2020-03-31 00:01:00+00:00,2020-03-31 05:22:00-04:00,7888.718408387388,82.5,63.75,-63.75,-1.0,SL
577_lower,2020-04-01,2020,lower,2020-04-01 05:49:00+00:00,2020-04-01 10:33:00-04:00,7578.254553993011,60.5,56.0,60.5,1.0803571428571428,TP
576_lower,2020-04-01,2020,lower,2020-04-01 19:44:00+00:00,2020-04-01 15:48:00-04:00,7408.375560970187,55.0,52.25,55.0,1.0526315789473684,TP
578_lower,2020-04-02,2020,lower,2020-04-02 13:14:00+00:00,2020-04-02 09:34:00-04:00,7388.1058233536705,106.75,90.0,106.75,1.1861111111111111,TP
579_upper,2020-04-06,2020,upper,2020-04-06 00:17:00+00:00,2020-04-05 20:31:00-04:00,7703.231612359354,57.0,52.75,-52.75,-1.0,SL
577_upper,2020-04-07,2020,upper,2020-04-07 06:58:00+00:00,2020-04-07 06:02:00-04:00,8151.870446006989,145.75,106.0,-106.0,-1.0,SL
583_upper,2020-04-09,2020,upper,2020-04-09 13:43:00+00:00,2020-04-09 10:09:00-04:00,8316.921889912834,90.75,77.5,90.75,1.1709677419354838,TP
585_upper,2020-04-14,2020,upper,2020-04-14 01:33:00+00:00,2020-04-13 21:54:00-04:00,8377.974427210953,69.75,61.5,-61.5,-1.0,SL
587_upper,2020-04-16,2020,upper,2020-04-16 14:58:00+00:00,2020-04-16 11:29:00-04:00,8708.551354323605,58.5,56.75,-56.75,-1.0,SL
589_lower,2020-04-21,2020,lower,2020-04-21 02:38:00+00:00,2020-04-21 01:20:00-04:00,8627.887119112991,48.25,51.25,48.25,0.9414634146341463,TP
590_lower,2020-04-21,2020,lower,2020-04-21 13:37:00+00:00,2020-04-21 09:45:00-04:00,8582.137175759435,48.75,48.75,-48.75,-1.0,SL
592_upper,2020-04-23,2020,upper,2020-04-23 14:23:00+00:00,2020-04-23 12:45:00-04:00,8752.552576739732,71.75,65.25,71.75,1.0996168582375478,TP
594_upper,2020-04-27,2020,upper,2020-04-27 02:06:00+00:00,2020-04-27 00:48:00-04:00,8823.787808365498,70.0,60.5,-60.5,-1.0,SL
593_upper,2020-04-28,2020,upper,2020-04-28 09:20:00+00:00,2020-04-28 06:00:00-04:00,8898.367238360446,43.5,42.25,-42.25,-1.0,SL
595_upper,2020-04-29,2020,upper,2020-04-29 19:26:00+00:00,2020-04-29 15:59:00-04:00,9007.919103666589,75.5,65.75,44.41910366658885,0.6755757211648494,cutoff
600_upper,2020-05-05,2020,upper,2020-05-05 07:30:00+00:00,2020-05-05 04:58:00-04:00,8892.408305458119,61.75,55.25,61.75,1.1176470588235294,TP
599_upper,2020-05-05,2020,upper,2020-05-05 16:00:00+00:00,2020-05-05 15:34:00-04:00,8990.858694596722,62.5,54.75,62.5,1.1415525114155252,TP
601_upper,2020-05-07,2020,upper,2020-05-07 09:36:00+00:00,2020-05-07 10:12:00-04:00,9092.014338145143,45.75,42.75,45.75,1.0701754385964912,TP
598_upper,2020-05-08,2020,upper,2020-05-08 00:00:00+00:00,2020-05-07 22:22:00-04:00,9157.354943061791,55.75,52.5,-52.5,-1.0,SL
603_upper,2020-05-11,2020,upper,2020-05-10 23:33:00+00:00,2020-05-11 05:01:00-04:00,9243.358037197811,40.75,42.0,40.75,0.9702380952380952,TP
604_upper,2020-05-11,2020,upper,2020-05-11 17:31:00+00:00,2020-05-11 15:59:00-04:00,9313.583457105504,36.5,39.5,26.83345710550384,0.679328027987439,cutoff
606_lower,2020-05-12,2020,lower,2020-05-12 19:50:00+00:00,2020-05-12 15:59:00-04:00,9133.997746364592,64.25,61.25,-31.997746364591876,-0.5224121855443572,cutoff
605_lower,2020-05-13,2020,lower,2020-05-12 23:45:00+00:00,2020-05-13 00:51:00-04:00,9008.407743009884,91.5,72.0,91.5,1.2708333333333333,TP
604_lower,2020-05-13,2020,lower,2020-05-13 15:49:00+00:00,2020-05-13 12:13:00-04:00,8996.416542894496,86.5,75.75,-75.75,-1.0,SL
608_upper,2020-05-15,2020,upper,2020-05-15 07:07:00+00:00,2020-05-15 06:34:00-04:00,9130.678190866349,60.0,52.75,60.0,1.1374407582938388,TP
609_upper,2020-05-18,2020,upper,2020-05-17 23:04:00+00:00,2020-05-18 04:01:00-04:00,9169.976526088944,62.75,59.0,-59.0,-1.0,SL
610_upper,2020-05-20,2020,upper,2020-05-20 13:30:00+00:00,2020-05-20 10:00:00-04:00,9425.837628444118,36.0,36.75,-36.75,-1.0,SL
613_lower,2020-05-22,2020,lower,2020-05-22 02:54:00+00:00,2020-05-22 01:29:00-04:00,9317.39740577974,49.75,50.25,-50.25,-1.0,SL
614_upper,2020-05-25,2020,upper,2020-05-25 10:50:00+00:00,2020-05-25 12:59:00-04:00,9515.47359590476,41.75,41.25,-15.02640409524065,-0.3642764629149249,cutoff
612_upper,2020-05-26,2020,upper,2020-05-26 03:54:00+00:00,2020-05-26 09:32:00-04:00,9572.289936151348,42.25,40.75,42.25,1.0368098159509203,TP
615_lower,2020-05-26,2020,lower,2020-05-26 15:47:00+00:00,2020-05-26 12:10:00-04:00,9414.602500341512,39.75,43.25,39.75,0.9190751445086706,TP
616_lower,2020-05-26,2020,lower,2020-05-26 19:44:00+00:00,2020-05-26 15:59:00-04:00,9382.506454232973,38.0,40.0,5.493545767027172,0.1373386441756793,cutoff
614_lower,2020-05-27,2020,lower,2020-05-27 14:46:00+00:00,2020-05-27 11:49:00-04:00,9202.02640409524,69.75,64.5,69.75,1.0813953488372092,TP
617_upper,2020-05-28,2020,upper,2020-05-28 16:34:00+00:00,2020-05-28 15:46:00-04:00,9527.306698336832,86.5,68.5,86.5,1.2627737226277371,TP
619_upper,2020-06-02,2020,upper,2020-06-02 06:29:00+00:00,2020-06-02 05:27:00-04:00,9608.202720566169,43.0,42.25,-42.25,-1.0,SL
620_upper,2020-06-03,2020,upper,2020-06-03 00:45:00+00:00,2020-06-03 15:59:00-04:00,9681.300958053464,51.5,48.0,-15.449041946536454,-0.3218550405528428,cutoff
621_upper,2020-06-04,2020,upper,2020-06-04 13:50:00+00:00,2020-06-04 11:06:00-04:00,9728.37040825345,30.25,35.0,30.25,0.8642857142857143,TP
622_upper,2020-06-05,2020,upper,2020-06-05 15:24:00+00:00,2020-06-05 15:59:00-04:00,9806.712435909762,50.75,50.0,-9.287564090238448,-0.18575128180476896,cutoff
624_upper,2020-06-08,2020,upper,2020-06-08 19:39:00+00:00,2020-06-08 15:59:00-04:00,9876.439724086247,58.25,51.75,-20.060275913752776,-0.3876381819082662,cutoff
625_upper,2020-06-09,2020,upper,2020-06-09 14:45:00+00:00,2020-06-09 13:23:00-04:00,9943.600120332674,44.0,45.25,-45.25,-1.0,SL
626_upper,2020-06-10,2020,upper,2020-06-10 01:32:00+00:00,2020-06-10 06:15:00-04:00,10005.261489168231,45.5,43.5,45.5,1.0459770114942528,TP
627_lower,2020-06-11,2020,lower,2020-06-11 12:22:00+00:00,2020-06-11 10:14:00-04:00,9906.19433490329,60.0,55.5,60.0,1.0810810810810811,TP
628_lower,2020-06-11,2020,lower,2020-06-11 16:48:00+00:00,2020-06-11 14:11:00-04:00,9755.03103926894,63.5,63.0,-63.0,-1.0,SL
629_lower,2020-06-12,2020,lower,2020-06-12 15:04:00+00:00,2020-06-12 11:59:00-04:00,9598.269858005584,118.0,93.5,118.0,1.2620320855614973,TP
623_lower,2020-06-12,2020,lower,2020-06-12 17:40:00+00:00,2020-06-12 15:50:00-04:00,9550.24564624185,123.5,95.0,123.5,1.3,TP
621_lower,2020-06-15,2020,lower,2020-06-15 05:36:00+00:00,2020-06-15 02:00:00-04:00,9460.75459174655,69.0,60.25,-60.25,-1.0,SL
629_upper,2020-06-16,2020,upper,2020-06-16 12:57:00+00:00,2020-06-16 10:45:00-04:00,9998.480141994416,83.0,66.75,83.0,1.243445692883895,TP
631_lower,2020-06-16,2020,lower,2020-06-16 15:00:00+00:00,2020-06-16 11:31:00-04:00,9811.495051902011,120.0,98.75,120.0,1.2151898734177216,TP
628_upper,2020-06-19,2020,upper,2020-06-19 12:36:00+00:00,2020-06-19 11:20:00-04:00,10095.59396073106,40.5,40.25,40.5,1.0062111801242235,TP
634_lower,2020-06-19,2020,lower,2020-06-19 16:18:00+00:00,2020-06-19 12:50:00-04:00,9959.98360915282,43.75,44.0,43.75,0.9943181818181818,TP
632_upper,2020-06-23,2020,upper,2020-06-23 07:15:00+00:00,2020-06-23 10:42:00-04:00,10164.240165724948,77.0,64.75,-64.75,-1.0,SL
636_lower,2020-06-24,2020,lower,2020-06-24 15:11:00+00:00,2020-06-24 11:43:00-04:00,10028.20739703227,92.75,78.5,-78.5,-1.0,SL
635_lower,2020-06-26,2020,lower,2020-06-26 19:54:00+00:00,2020-06-26 15:59:00-04:00,9831.876091355323,68.0,62.0,9.373908644676703,0.15119207491414038,cutoff
638_lower,2020-06-29,2020,lower,2020-06-29 13:41:00+00:00,2020-06-29 10:13:00-04:00,9758.955832485262,74.25,61.75,74.25,1.2024291497975708,TP
640_upper,2020-06-30,2020,upper,2020-06-30 05:21:00+00:00,2020-06-30 02:11:00-04:00,10024.81294832396,54.0,45.0,54.0,1.2,TP
638_upper,2020-07-01,2020,upper,2020-07-01 13:33:00+00:00,2020-07-01 09:37:00-04:00,10189.419167514738,33.5,36.75,33.5,0.9115646258503401,TP
639_upper,2020-07-01,2020,upper,2020-07-01 19:08:00+00:00,2020-07-01 15:59:00-04:00,10281.276222614832,28.25,33.0,16.276222614831568,0.49321886711610813,cutoff
641_upper,2020-07-02,2020,upper,2020-07-02 08:27:00+00:00,2020-07-02 09:32:00-04:00,10329.49261309652,63.5,57.25,-57.25,-1.0,SL
643_upper,2020-07-06,2020,upper,2020-07-06 01:46:00+00:00,2020-07-05 23:54:00-04:00,10467.840840343804,24.5,30.0,-30.0,-1.0,SL
644_upper,2020-07-07,2020,upper,2020-07-06 23:33:00+00:00,2020-07-07 02:01:00-04:00,10645.149837633802,63.25,55.75,63.25,1.1345291479820627,TP
646_upper,2020-07-09,2020,upper,2020-07-09 19:13:00+00:00,2020-07-09 15:29:00-04:00,10760.297956841669,47.0,47.0,47.0,1.0,TP
645_upper,2020-07-10,2020,upper,2020-07-10 18:59:00+00:00,2020-07-10 15:59:00-04:00,10790.16665869294,60.0,54.25,-30.583341307059527,-0.5637482268582401,cutoff
648_upper,2020-07-13,2020,upper,2020-07-13 11:06:00+00:00,2020-07-13 09:40:00-04:00,10926.109448111816,63.25,56.0,-56.0,-1.0,SL
647_lower,2020-07-14,2020,lower,2020-07-14 12:51:00+00:00,2020-07-14 09:52:00-04:00,10556.529124282211,154.0,109.75,-109.75,-1.0,SL
651_lower,2020-07-16,2020,lower,2020-07-16 09:11:00+00:00,2020-07-16 09:05:00-04:00,10513.317772147311,68.25,62.0,68.25,1.1008064516129032,TP
652_upper,2020-07-20,2020,upper,2020-07-20 14:27:00+00:00,2020-07-20 12:10:00-04:00,10766.167459552898,43.5,47.5,-47.5,-1.0,SL
655_lower,2020-07-22,2020,lower,2020-07-22 15:14:00+00:00,2020-07-22 11:40:00-04:00,10764.240391503989,67.0,62.0,67.0,1.0806451612903225,TP
656_lower,2020-07-23,2020,lower,2020-07-23 16:36:00+00:00,2020-07-23 13:06:00-04:00,10674.73013231107,41.0,45.0,41.0,0.9111111111111111,TP
657_lower,2020-07-23,2020,lower,2020-07-23 17:33:00+00:00,2020-07-23 13:49:00-04:00,10641.346346965074,53.5,54.75,-54.75,-1.0,SL
654_lower,2020-07-24,2020,lower,2020-07-24 06:57:00+00:00,2020-07-24 09:38:00-04:00,10437.617993932472,120.0,87.75,-87.75,-1.0,SL
658_upper,2020-07-27,2020,upper,2020-07-27 18:21:00+00:00,2020-07-27 15:59:00-04:00,10637.79850387766,64.25,53.75,-22.70149612233945,-0.4223534162295712,cutoff
656_upper,2020-08-03,2020,upper,2020-08-03 13:33:00+00:00,2020-08-03 15:59:00-04:00,11023.64486768893,58.25,52.25,-15.10513231106961,-0.28909344136018394,cutoff
663_upper,2020-08-05,2020,upper,2020-08-05 06:05:00+00:00,2020-08-05 05:45:00-04:00,11106.176913153136,30.75,33.0,-33.0,-1.0,SL
664_upper,2020-08-06,2020,upper,2020-08-06 17:21:00+00:00,2020-08-06 14:01:00-04:00,11176.195239923316,25.5,30.75,-30.75,-1.0,SL
668_lower,2020-08-07,2020,lower,2020-08-07 17:15:00+00:00,2020-08-07 15:59:00-04:00,11086.32665343461,64.0,60.75,41.9233465653906,0.6900962397595161,cutoff
666_lower,2020-08-10,2020,lower,2020-08-10 15:00:00+00:00,2020-08-10 11:28:00-04:00,10939.850027116816,71.25,67.5,71.25,1.0555555555555556,TP
669_lower,2020-08-11,2020,lower,2020-08-11 19:18:00+00:00,2020-08-11 15:50:00-04:00,10925.00011090932,64.5,58.75,-58.75,-1.0,SL
670_upper,2020-08-13,2020,upper,2020-08-13 13:31:00+00:00,2020-08-13 13:00:00-04:00,11198.889330594502,76.0,63.75,-63.75,-1.0,SL
669_upper,2020-08-18,2020,upper,2020-08-17 23:31:00+00:00,2020-08-18 08:30:00-04:00,11308.24988909068,37.0,37.5,-37.5,-1.0,SL
677_upper,2020-08-21,2020,upper,2020-08-21 00:00:00+00:00,2020-08-21 07:50:00-04:00,11503.059627482891,64.25,53.5,64.25,1.2009345794392523,TP
676_upper,2020-08-21,2020,upper,2020-08-21 14:55:00+00:00,2020-08-21 15:59:00-04:00,11549.90659303957,74.25,66.25,-4.593406960430002,-0.06933444468573588,cutoff
678_upper,2020-08-24,2020,upper,2020-08-24 08:00:00+00:00,2020-08-24 09:35:00-04:00,11657.182826359074,51.0,48.75,-48.75,-1.0,SL
680_upper,2020-08-26,2020,upper,2020-08-26 10:54:00+00:00,2020-08-26 10:33:00-04:00,11773.882955083516,44.0,42.5,-42.5,-1.0,SL
683_upper,2020-09-01,2020,upper,2020-09-01 06:16:00+00:00,2020-09-01 03:32:00-04:00,12175.52827197218,52.25,48.0,-48.0,-1.0,SL
685_upper,2020-09-02,2020,upper,2020-09-02 09:56:00+00:00,2020-09-02 09:31:00-04:00,12458.311956416415,64.5,55.5,64.5,1.162162162162162,TP
686_lower,2020-09-03,2020,lower,2020-09-03 14:19:00+00:00,2020-09-03 10:38:00-04:00,12087.299430239142,85.25,76.25,-76.25,-1.0,SL
681_lower,2020-09-04,2020,lower,2020-09-03 23:06:00+00:00,2020-09-04 10:17:00-04:00,11622.124257880094,283.5,178.75,-178.75,-1.0,SL
689_lower,2020-09-08,2020,lower,2020-09-08 10:25:00+00:00,2020-09-08 08:13:00-04:00,11253.833137562138,95.25,84.25,-84.25,-1.0,SL
692_lower,2020-09-10,2020,lower,2020-09-10 18:15:00+00:00,2020-09-10 14:28:00-04:00,11274.176955693692,133.25,100.25,-100.25,-1.0,SL
691_lower,2020-09-11,2020,lower,2020-09-11 17:08:00+00:00,2020-09-11 15:28:00-04:00,10986.003952631198,114.25,91.5,114.25,1.2486338797814207,TP
694_upper,2020-09-16,2020,upper,2020-09-16 08:08:00+00:00,2020-09-16 09:15:00-04:00,11506.810727848246,55.5,50.25,55.5,1.1044776119402986,TP
696_lower,2020-09-16,2020,lower,2020-09-16 19:40:00+00:00,2020-09-16 15:59:00-04:00,11236.387625902127,75.5,70.0,-1.3876259021271835,-0.01982322717324548,cutoff
694_lower,2020-09-17,2020,lower,2020-09-17 12:30:00+00:00,2020-09-17 09:13:00-04:00,10994.689272151754,109.25,87.0,-87.0,-1.0,SL
698_lower,2020-09-18,2020,lower,2020-09-18 16:32:00+00:00,2020-09-18 13:28:00-04:00,10865.520988728604,102.75,84.75,-84.75,-1.0,SL
697_lower,2020-09-21,2020,lower,2020-09-21 08:48:00+00:00,2020-09-21 13:16:00-04:00,10727.425618727217,126.0,97.75,126.0,1.289002557544757,TP
701_lower,2020-09-23,2020,lower,2020-09-23 18:19:00+00:00,2020-09-23 15:02:00-04:00,10889.008297915436,74.0,65.75,-65.75,-1.0,SL
702_upper,2020-09-25,2020,upper,2020-09-25 18:07:00+00:00,2020-09-25 15:18:00-04:00,11086.21013934764,82.0,69.0,-69.0,-1.0,SL
697_upper,2020-09-28,2020,upper,2020-09-28 08:10:00+00:00,2020-09-28 06:11:00-04:00,11249.324381272783,82.5,66.75,-66.75,-1.0,SL
705_lower,2020-09-30,2020,lower,2020-09-30 06:10:00+00:00,2020-09-30 02:56:00-04:00,11169.921437132629,55.25,56.25,55.25,0.9822222222222222,TP
704_upper,2020-10-01,2020,upper,2020-10-01 09:41:00+00:00,2020-10-01 15:59:00-04:00,11532.33747309487,88.0,72.25,-40.1625269051292,-0.555882725330508,cutoff
707_lower,2020-10-02,2020,lower,2020-10-02 05:30:00+00:00,2020-10-02 02:29:00-04:00,11332.60493006846,81.5,76.5,81.5,1.065359477124183,TP
710_lower,2020-10-06,2020,lower,2020-10-06 19:07:00+00:00,2020-10-06 15:12:00-04:00,11247.116288424257,70.0,70.0,70.0,1.0,TP
709_upper,2020-10-08,2020,upper,2020-10-08 06:42:00+00:00,2020-10-08 10:24:00-04:00,11565.107239575818,60.5,54.5,60.5,1.110091743119266,TP
711_upper,2020-10-09,2020,upper,2020-10-09 03:08:00+00:00,2020-10-09 02:44:00-04:00,11596.25264073798,29.25,32.25,29.25,0.9069767441860465,TP
708_upper,2020-10-09,2020,upper,2020-10-09 12:56:00+00:00,2020-10-09 09:32:00-04:00,11616.392866816184,27.5,31.5,27.5,0.873015873015873,TP
695_upper,2020-10-09,2020,upper,2020-10-09 13:35:00+00:00,2020-10-09 10:47:00-04:00,11618.987828672012,32.5,35.0,-35.0,-1.0,SL
707_upper,2020-10-12,2020,upper,2020-10-11 23:46:00+00:00,2020-10-12 04:11:00-04:00,11749.39506993154,62.0,56.5,-56.5,-1.0,SL
715_lower,2020-10-15,2020,lower,2020-10-15 02:50:00+00:00,2020-10-15 04:06:00-04:00,11886.27611815851,75.0,62.75,-62.75,-1.0,SL
718_lower,2020-10-19,2020,lower,2020-10-19 16:21:00+00:00,2020-10-19 14:39:00-04:00,11749.344189490836,60.75,57.25,-57.25,-1.0,SL
717_lower,2020-10-22,2020,lower,2020-10-22 14:32:00+00:00,2020-10-22 11:21:00-04:00,11559.063209803786,51.75,53.5,51.75,0.9672897196261683,TP
721_lower,2020-10-26,2020,lower,2020-10-26 15:44:00+00:00,2020-10-26 11:52:00-04:00,11454.4142704681,43.25,46.5,43.25,0.9301075268817204,TP
720_lower,2020-10-26,2020,lower,2020-10-26 16:34:00+00:00,2020-10-26 13:06:00-04:00,11446.374852771783,46.25,47.5,-47.5,-1.0,SL
712_lower,2020-10-28,2020,lower,2020-10-28 13:40:00+00:00,2020-10-28 09:52:00-04:00,11338.641182449986,45.75,45.75,-45.75,-1.0,SL
708_lower,2020-10-30,2020,lower,2020-10-30 05:45:00+00:00,2020-10-30 05:33:00-04:00,11084.857133183816,87.25,76.0,87.25,1.1480263157894737,TP
729_upper,2020-11-04,2020,upper,2020-11-04 01:52:00+00:00,2020-11-03 22:00:00-05:00,11392.75306250971,122.25,101.0,-101.0,-1.0,SL
723_upper,2020-11-05,2020,upper,2020-11-05 03:27:00+00:00,2020-11-04 22:40:00-05:00,11875.730155823774,141.75,100.0,-100.0,-1.0,SL
733_upper,2020-11-09,2020,upper,2020-11-09 00:40:00+00:00,2020-11-08 20:09:00-05:00,12264.887181720746,83.5,68.75,-68.75,-1.0,SL
732_lower,2020-11-10,2020,lower,2020-11-10 00:24:00+00:00,2020-11-09 22:48:00-05:00,11791.119783901191,142.25,101.5,-101.5,-1.0,SL
735_upper,2020-11-12,2020,upper,2020-11-12 09:58:00+00:00,2020-11-12 11:40:00-05:00,11943.547030998565,75.0,64.0,75.0,1.171875,TP
740_lower,2020-11-19,2020,lower,2020-11-19 03:11:00+00:00,2020-11-19 00:38:00-05:00,11840.639868789596,39.0,39.0,39.0,1.0,TP
743_lower,2020-11-23,2020,lower,2020-11-23 16:10:00+00:00,2020-11-23 12:23:00-05:00,11832.25354562796,40.25,42.75,40.25,0.9415204678362573,TP
742_upper,2020-11-24,2020,upper,2020-11-24 17:35:00+00:00,2020-11-24 15:59:00-05:00,12052.997151594478,52.25,49.5,-22.252848405521945,-0.4495524930408474,cutoff
739_upper,2020-11-25,2020,upper,2020-11-25 00:10:00+00:00,2020-11-25 08:17:00-05:00,12141.813069613385,58.5,52.25,58.5,1.1196172248803828,TP
740_upper,2020-11-26,2020,upper,2020-11-26 01:33:00+00:00,2020-11-26 03:11:00-05:00,12188.735131210404,23.75,26.75,-26.75,-1.0,SL
746_upper,2020-11-27,2020,upper,2020-11-27 15:17:00+00:00,2020-11-27 10:31:00-05:00,12270.439816503806,25.75,31.0,-31.0,-1.0,SL
748_upper,2020-12-01,2020,upper,2020-12-01 15:02:00+00:00,2020-12-01 12:09:00-05:00,12410.052418330972,67.0,61.75,-61.75,-1.0,SL
751_upper,2020-12-07,2020,upper,2020-12-07 14:58:00+00:00,2020-12-07 11:13:00-05:00,12586.46422517784,21.75,25.25,-25.25,-1.0,SL
753_upper,2020-12-08,2020,upper,2020-12-08 19:27:00+00:00,2020-12-08 15:59:00-05:00,12650.77788791226,38.75,39.75,13.777887912259757,0.34661353238389325,cutoff
756_lower,2020-12-09,2020,lower,2020-12-09 18:27:00+00:00,2020-12-09 13:42:00-05:00,12447.054452187998,54.0,56.5,-56.5,-1.0,SL
752_lower,2020-12-10,2020,lower,2020-12-10 06:44:00+00:00,2020-12-10 09:12:00-05:00,12306.297441328374,83.75,66.25,-66.25,-1.0,SL
758_upper,2020-12-14,2020,upper,2020-12-14 14:57:00+00:00,2020-12-14 13:08:00-05:00,12513.505255950951,44.5,42.25,44.5,1.0532544378698225,TP
757_upper,2020-12-15,2020,upper,2020-12-15 14:30:00+00:00,2020-12-15 10:39:00-05:00,12569.580163178834,36.0,36.25,36.0,0.993103448275862,TP
759_upper,2020-12-16,2020,upper,2020-12-16 19:39:00+00:00,2020-12-16 15:59:00-05:00,12672.466798747517,43.75,44.75,-0.5332012524831953,-0.011915111787333973,cutoff
754_upper,2020-12-17,2020,upper,2020-12-17 07:21:00+00:00,2020-12-17 09:32:00-05:00,12722.324964145051,34.75,34.0,-34.0,-1.0,SL
761_upper,2020-12-18,2020,upper,2020-12-18 09:09:00+00:00,2020-12-18 05:25:00-05:00,12771.969398294714,28.5,32.5,28.5,0.8769230769230769,TP
756_upper,2020-12-18,2020,upper,2020-12-18 14:18:00+00:00,2020-12-18 09:34:00-05:00,12787.820547812002,27.0,31.0,27.0,0.8709677419354839,TP
762_lower,2020-12-21,2020,lower,2020-12-21 10:07:00+00:00,2020-12-21 05:47:00-05:00,12570.712238347563,69.0,65.75,-65.75,-1.0,SL
764_upper,2020-12-28,2020,upper,2020-12-28 13:45:00+00:00,2020-12-28 09:50:00-05:00,12816.798684725329,29.5,32.5,29.5,0.9076923076923077,TP
767_upper,2020-12-28,2020,upper,2020-12-28 18:32:00+00:00,2020-12-28 15:59:00-05:00,12843.84613888753,28.0,31.0,10.096138887529378,0.32568189959772187,cutoff
766_upper,2020-12-29,2020,upper,2020-12-29 05:37:00+00:00,2020-12-29 10:13:00-05:00,12879.983338357595,59.5,51.25,59.5,1.1609756097560975,TP
1287_lower,2023-01-06,2023,lower,2023-01-06 09:35:00+00:00,2023-01-06 08:30:00-05:00,10779.425622787592,62.75,58.25,62.75,1.0772532188841202,TP
1289_upper,2023-01-06,2023,upper,2023-01-06 19:10:00+00:00,2023-01-06 14:54:00-05:00,11087.332366046308,61.5,56.25,-56.25,-1.0,SL
1282_upper,2023-01-09,2023,upper,2023-01-09 14:30:00+00:00,2023-01-09 09:52:00-05:00,11211.791251359777,96.25,75.75,-75.75,-1.0,SL
1287_upper,2023-01-11,2023,upper,2023-01-11 15:30:00+00:00,2023-01-11 10:36:00-05:00,11388.574377212408,50.75,51.25,50.75,0.9902439024390244,TP
1292_upper,2023-01-11,2023,upper,2023-01-11 17:10:00+00:00,2023-01-11 13:14:00-05:00,11392.098088903716,47.5,46.0,-46.0,-1.0,SL
1293_upper,2023-01-12,2023,upper,2023-01-12 13:18:00+00:00,2023-01-12 08:29:00-05:00,11509.48180646574,68.0,59.25,68.0,1.1476793248945147,TP
1295_upper,2023-01-16,2023,upper,2023-01-16 01:58:00+00:00,2023-01-16 03:08:00-05:00,11631.48996521479,58.5,51.25,58.5,1.1414634146341462,TP
1277_upper,2023-01-17,2023,upper,2023-01-17 15:00:00+00:00,2023-01-17 10:40:00-05:00,11644.39805068837,37.0,42.0,37.0,0.8809523809523809,TP
1294_upper,2023-01-18,2023,upper,2023-01-18 13:30:00+00:00,2023-01-18 08:33:00-05:00,11716.054661598511,39.25,39.25,39.25,1.0,TP
1298_lower,2023-01-18,2023,lower,2023-01-18 16:32:00+00:00,2023-01-18 13:06:00-05:00,11541.78928211655,44.75,48.0,-48.0,-1.0,SL
1297_lower,2023-01-19,2023,lower,2023-01-19 10:26:00+00:00,2023-01-19 08:31:00-05:00,11413.349099754088,76.75,63.75,-63.75,-1.0,SL
1299_upper,2023-01-20,2023,upper,2023-01-20 18:37:00+00:00,2023-01-20 14:30:00-05:00,11574.570067525949,46.75,47.5,-47.5,-1.0,SL
1297_upper,2023-01-23,2023,upper,2023-01-23 14:51:00+00:00,2023-01-23 10:46:00-05:00,11802.650900245912,76.75,65.0,-65.0,-1.0,SL
1302_lower,2023-01-25,2023,lower,2023-01-25 14:30:00+00:00,2023-01-25 09:54:00-05:00,11693.33517488565,47.5,46.25,-46.25,-1.0,SL
1302_upper,2023-01-26,2023,upper,2023-01-26 14:32:00+00:00,2023-01-26 09:56:00-05:00,12061.53982511435,106.25,82.5,106.25,1.2878787878787878,TP
1304_upper,2023-01-27,2023,upper,2023-01-27 17:15:00+00:00,2023-01-27 14:23:00-05:00,12210.737101901372,64.0,59.5,-59.5,-1.0,SL
1306_lower,2023-01-31,2023,lower,2023-01-31 10:34:00+00:00,2023-01-31 08:30:00-05:00,11895.872014981738,75.5,63.25,75.5,1.1936758893280632,TP
1307_upper,2023-02-01,2023,upper,2023-02-01 19:07:00+00:00,2023-02-01 14:31:00-05:00,12181.878467330138,60.5,55.0,60.5,1.1,TP
1306_upper,2023-02-01,2023,upper,2023-02-01 19:41:00+00:00,2023-02-01 14:46:00-05:00,12271.752985018262,60.5,58.75,-58.75,-1.0,SL
1309_upper,2023-02-02,2023,upper,2023-02-02 18:40:00+00:00,2023-02-02 14:34:00-05:00,12888.276264820282,111.5,83.0,111.5,1.3433734939759037,TP
1309_lower,2023-02-06,2023,lower,2023-02-06 09:53:00+00:00,2023-02-06 11:27:00-05:00,12500.098735179718,92.75,74.5,92.75,1.24496644295302,TP
1312_upper,2023-02-07,2023,upper,2023-02-07 17:47:00+00:00,2023-02-07 12:53:00-05:00,12679.456137181118,40.0,42.75,-42.75,-1.0,SL
1314_lower,2023-02-09,2023,lower,2023-02-09 18:57:00+00:00,2023-02-09 15:05:00-05:00,12492.511587784786,83.0,70.0,-70.0,-1.0,SL
1312_lower,2023-02-10,2023,lower,2023-02-10 09:56:00+00:00,2023-02-10 12:04:00-05:00,12340.168862818882,97.25,78.5,-78.5,-1.0,SL
1315_upper,2023-02-13,2023,upper,2023-02-13 18:33:00+00:00,2023-02-13 14:33:00-05:00,12565.85998910204,51.5,50.25,51.5,1.0248756218905473,TP
1316_upper,2023-02-14,2023,upper,2023-02-14 13:29:00+00:00,2023-02-14 08:30:00-05:00,12614.653492198106,68.0,58.25,68.0,1.167381974248927,TP
1318_lower,2023-02-17,2023,lower,2023-02-17 07:02:00+00:00,2023-02-17 09:53:00-05:00,12377.141552724202,90.5,69.5,-69.5,-1.0,SL
1321_lower,2023-02-21,2023,lower,2023-02-21 08:46:00+00:00,2023-02-21 03:51:00-05:00,12259.764318305486,21.75,28.25,-28.25,-1.0,SL
1322_lower,2023-02-22,2023,lower,2023-02-22 15:16:00+00:00,2023-02-22 10:57:00-05:00,12041.934029496524,70.0,63.0,70.0,1.1111111111111112,TP
1324_lower,2023-02-23,2023,lower,2023-02-23 16:43:00+00:00,2023-02-23 13:01:00-05:00,12041.70740201115,44.75,47.25,44.75,0.9470899470899471,TP
1308_lower,2023-02-24,2023,lower,2023-02-24 13:39:00+00:00,2023-02-24 09:40:00-05:00,11986.569081537058,55.0,50.0,55.0,1.1,TP
1325_upper,2023-02-27,2023,upper,2023-02-27 15:09:00+00:00,2023-02-27 10:36:00-05:00,12183.818814027736,72.5,63.75,72.5,1.1372549019607843,TP
1326_lower,2023-03-01,2023,lower,2023-03-01 15:11:00+00:00,2023-03-01 10:38:00-05:00,11962.934722229944,43.25,46.75,43.25,0.9251336898395722,TP
1327_lower,2023-03-02,2023,lower,2023-03-02 01:39:00+00:00,2023-03-02 03:04:00-05:00,11896.630632581931,65.5,60.0,-60.0,-1.0,SL
1328_upper,2023-03-03,2023,upper,2023-03-03 17:46:00+00:00,2023-03-03 14:29:00-05:00,12238.518763479362,70.5,60.25,-60.25,-1.0,SL
1323_upper,2023-03-06,2023,upper,2023-03-06 02:37:00+00:00,2023-03-06 10:09:00-05:00,12335.463802876478,86.75,67.5,-67.5,-1.0,SL
1331_lower,2023-03-07,2023,lower,2023-03-07 15:08:00+00:00,2023-03-07 10:23:00-05:00,12203.699916401045,53.25,51.75,53.25,1.0289855072463767,TP
1334_lower,2023-03-09,2023,lower,2023-03-09 19:31:00+00:00,2023-03-09 15:16:00-05:00,12076.023094059154,50.5,51.25,-51.25,-1.0,SL
1328_lower,2023-03-10,2023,lower,2023-03-10 18:32:00+00:00,2023-03-10 15:59:00-05:00,11829.731236520638,92.25,77.5,11.51876347936195,0.1486292061853155,cutoff
1335_upper,2023-03-13,2023,upper,2023-03-13 06:12:00+00:00,2023-03-13 04:02:00-04:00,12213.8751113092,77.5,65.5,77.5,1.183206106870229,TP
1336_upper,2023-03-14,2023,upper,2023-03-14 13:16:00+00:00,2023-03-14 10:31:00-04:00,12215.005555992417,116.75,96.75,-96.75,-1.0,SL
1333_upper,2023-03-15,2023,upper,2023-03-15 02:08:00+00:00,2023-03-15 05:39:00-04:00,12357.00815734723,80.25,64.0,80.25,1.25390625,TP
1338_upper,2023-03-15,2023,upper,2023-03-15 19:01:00+00:00,2023-03-15 15:42:00-04:00,12403.0795930344,93.5,78.5,93.5,1.1910828025477707,TP
1337_upper,2023-03-16,2023,upper,2023-03-16 00:29:00+00:00,2023-03-16 08:42:00-04:00,12439.642295720492,78.0,66.25,78.0,1.1773584905660377,TP
1321_upper,2023-03-16,2023,upper,2023-03-16 14:54:00+00:00,2023-03-16 11:26:00-04:00,12516.985681694514,73.0,65.25,-65.25,-1.0,SL
1341_upper,2023-03-21,2023,upper,2023-03-21 13:32:00+00:00,2023-03-21 10:23:00-04:00,12804.894940581522,48.5,46.0,48.5,1.0543478260869565,TP
1340_upper,2023-03-22,2023,upper,2023-03-22 18:00:00+00:00,2023-03-22 14:05:00-04:00,12950.11013849888,50.0,47.5,-47.5,-1.0,SL
1346_lower,2023-03-28,2023,lower,2023-03-28 13:33:00+00:00,2023-03-28 09:42:00-04:00,12736.870630244795,49.0,45.75,-45.75,-1.0,SL
1347_upper,2023-03-29,2023,upper,2023-03-29 18:47:00+00:00,2023-03-29 15:49:00-04:00,12939.231501338854,52.25,49.75,-49.75,-1.0,SL
1345_upper,2023-03-30,2023,upper,2023-03-30 09:27:00+00:00,2023-03-30 08:35:00-04:00,13008.37954121838,56.25,49.5,-49.5,-1.0,SL
1349_upper,2023-03-31,2023,upper,2023-03-31 16:25:00+00:00,2023-03-31 15:10:00-04:00,13229.398844923153,46.5,46.0,-46.0,-1.0,SL
1352_lower,2023-04-05,2023,lower,2023-04-05 14:19:00+00:00,2023-04-05 10:44:00-04:00,13100.946936245124,49.5,50.25,-50.25,-1.0,SL
1353_lower,2023-04-06,2023,lower,2023-04-06 13:34:00+00:00,2023-04-06 10:06:00-04:00,12969.69249010037,64.75,57.25,64.75,1.1310043668122272,TP
1355_upper,2023-04-11,2023,upper,2023-04-11 09:02:00+00:00,2023-04-11 07:14:00-04:00,13195.157886365982,54.0,48.5,54.0,1.1134020618556701,TP
1356_lower,2023-04-12,2023,lower,2023-04-12 19:17:00+00:00,2023-04-12 15:59:00-04:00,12956.380436069092,51.75,51.5,2.1195639309080434,0.04115658118268045,cutoff
1358_upper,2023-04-14,2023,upper,2023-04-14 14:04:00+00:00,2023-04-14 10:09:00-04:00,13252.1139706832,77.0,70.25,77.0,1.096085409252669,TP
1361_lower,2023-04-20,2023,lower,2023-04-20 08:37:00+00:00,2023-04-20 09:41:00-04:00,13049.068378614227,53.75,51.25,53.75,1.048780487804878,TP
1360_lower,2023-04-21,2023,lower,2023-04-21 10:50:00+00:00,2023-04-21 09:11:00-04:00,13017.100469293404,48.75,47.0,48.75,1.0372340425531914,TP
1359_lower,2023-04-24,2023,lower,2023-04-24 15:54:00+00:00,2023-04-24 12:37:00-04:00,12969.945381174746,41.25,43.25,41.25,0.953757225433526,TP
1362_lower,2023-04-25,2023,lower,2023-04-25 14:07:00+00:00,2023-04-25 12:01:00-04:00,12962.19925758433,46.25,47.5,-47.5,-1.0,SL
1367_upper,2023-04-27,2023,upper,2023-04-27 14:34:00+00:00,2023-04-27 11:25:00-04:00,13095.741714779244,47.0,50.0,-50.0,-1.0,SL
1353_upper,2023-05-01,2023,upper,2023-05-01 02:55:00+00:00,2023-05-01 08:14:00-04:00,13337.05750989963,44.0,41.5,44.0,1.0602409638554218,TP
1370_lower,2023-05-02,2023,lower,2023-05-02 14:36:00+00:00,2023-05-02 11:01:00-04:00,13176.138032476792,32.25,39.0,-39.0,-1.0,SL
1371_lower,2023-05-03,2023,lower,2023-05-03 19:34:00+00:00,2023-05-03 15:59:00-04:00,13101.644479342363,84.25,79.25,-1.644479342363411,-0.020750527979349034,cutoff
1369_lower,2023-05-04,2023,lower,2023-05-04 13:44:00+00:00,2023-05-04 13:17:00-04:00,13042.435086729922,67.25,60.0,67.25,1.1208333333333333,TP
1373_upper,2023-05-05,2023,upper,2023-05-05 14:09:00+00:00,2023-05-05 10:40:00-04:00,13224.223199417049,48.25,50.0,-50.0,-1.0,SL
1369_upper,2023-05-10,2023,upper,2023-05-10 13:32:00+00:00,2023-05-10 09:40:00-04:00,13410.064913270078,44.0,48.0,44.0,0.9166666666666666,TP
1375_upper,2023-05-10,2023,upper,2023-05-10 14:04:00+00:00,2023-05-10 10:18:00-04:00,13420.995773064911,33.25,40.25,33.25,0.8260869565217391,TP
1371_upper,2023-05-11,2023,upper,2023-05-11 07:46:00+00:00,2023-05-11 09:32:00-04:00,13454.855520657637,65.0,57.75,65.0,1.1255411255411256,TP
1378_upper,2023-05-16,2023,upper,2023-05-16 16:08:00+00:00,2023-05-16 14:31:00-04:00,13549.460900971866,36.25,40.0,36.25,0.90625,TP
1381_upper,2023-05-17,2023,upper,2023-05-17 16:54:00+00:00,2023-05-17 13:27:00-04:00,13604.1680838707,38.75,40.0,-40.0,-1.0,SL
1383_upper,2023-05-18,2023,upper,2023-05-18 19:44:00+00:00,2023-05-18 15:59:00-04:00,13876.997621295764,54.0,52.75,-12.752378704235525,-0.24175125505659764,cutoff
1384_lower,2023-05-23,2023,lower,2023-05-23 18:18:00+00:00,2023-05-23 15:20:00-04:00,13756.407476337765,45.75,45.75,-45.75,-1.0,SL
1385_lower,2023-05-24,2023,lower,2023-05-24 07:03:00+00:00,2023-05-24 09:00:00-04:00,13706.076931880389,79.5,63.5,-63.5,-1.0,SL
1386_upper,2023-05-25,2023,upper,2023-05-25 13:06:00+00:00,2023-05-25 09:34:00-04:00,13975.37052097448,87.75,74.75,87.75,1.173913043478261,TP
1384_upper,2023-05-26,2023,upper,2023-05-26 11:26:00+00:00,2023-05-26 09:50:00-04:00,14037.217523662235,73.0,64.75,-64.75,-1.0,SL
1390_upper,2023-05-30,2023,upper,2023-05-30 09:20:00+00:00,2023-05-30 08:07:00-04:00,14500.603669049202,36.75,40.5,-40.5,-1.0,SL
1391_lower,2023-05-31,2023,lower,2023-05-31 15:30:00+00:00,2023-05-31 13:30:00-04:00,14264.119260834668,63.75,59.25,63.75,1.0759493670886076,TP
1393_upper,2023-06-01,2023,upper,2023-06-01 17:49:00+00:00,2023-06-01 15:05:00-04:00,14473.770305866075,47.25,46.25,-46.25,-1.0,SL
1392_upper,2023-06-02,2023,upper,2023-06-02 09:14:00+00:00,2023-06-02 09:34:00-04:00,14550.866559532677,72.5,61.25,-61.25,-1.0,SL
1395_lower,2023-06-07,2023,lower,2023-06-07 15:57:00+00:00,2023-06-07 12:25:00-04:00,14430.858162232911,39.0,42.75,-42.75,-1.0,SL
1398_upper,2023-06-08,2023,upper,2023-06-08 16:29:00+00:00,2023-06-08 13:40:00-04:00,14520.941537680816,89.5,72.5,89.5,1.2344827586206897,TP
1391_upper,2023-06-12,2023,upper,2023-06-12 00:00:00+00:00,2023-06-12 04:30:00-04:00,14767.75,53.5,47.75,-47.75,-1.0,SL
1402_upper,2023-06-15,2023,upper,2023-06-15 15:34:00+00:00,2023-06-15 13:56:00-04:00,15296.722484126309,68.5,62.25,-62.25,-1.0,SL
1404_lower,2023-06-20,2023,lower,2023-06-20 05:20:00+00:00,2023-06-20 03:58:00-04:00,15222.97180417187,26.75,29.0,26.75,0.9224137931034483,TP
1405_lower,2023-06-20,2023,lower,2023-06-20 14:30:00+00:00,2023-06-20 10:41:00-04:00,15127.861700125628,28.0,35.75,28.0,0.7832167832167832,TP
1406_lower,2023-06-22,2023,lower,2023-06-22 06:13:00+00:00,2023-06-22 09:47:00-04:00,14975.540735129563,89.75,71.5,89.75,1.2552447552447552,TP
1407_lower,2023-06-26,2023,lower,2023-06-26 16:05:00+00:00,2023-06-26 12:39:00-04:00,14963.596722017064,71.5,64.5,-64.5,-1.0,SL
1411_upper,2023-06-27,2023,upper,2023-06-27 17:40:00+00:00,2023-06-27 15:59:00-04:00,15097.764370310377,75.5,66.0,-10.485629689623238,-0.1588731771155036,cutoff
1409_upper,2023-06-28,2023,upper,2023-06-28 16:12:00+00:00,2023-06-28 12:28:00-04:00,15212.592497052525,72.5,64.0,72.5,1.1328125,TP
1412_upper,2023-06-30,2023,upper,2023-06-30 12:38:00+00:00,2023-06-30 09:44:00-04:00,15254.069572783555,43.0,42.5,-42.5,-1.0,SL
1407_upper,2023-07-03,2023,upper,2023-07-03 08:11:00+00:00,2023-07-03 10:40:00-04:00,15385.778277982936,65.25,54.75,65.25,1.1917808219178083,TP
1416_lower,2023-07-06,2023,lower,2023-07-06 12:30:00+00:00,2023-07-06 08:49:00-04:00,15242.18319312509,50.0,50.0,-50.0,-1.0,SL
1414_lower,2023-07-10,2023,lower,2023-07-10 16:07:00+00:00,2023-07-10 12:38:00-04:00,15071.896889661446,52.75,53.0,52.75,0.9952830188679245,TP
1420_upper,2023-07-12,2023,upper,2023-07-12 12:30:00+00:00,2023-07-12 08:31:00-04:00,15363.52393419702,45.0,44.0,-44.0,-1.0,SL
1417_upper,2023-07-13,2023,upper,2023-07-13 04:13:00+00:00,2023-07-13 09:33:00-04:00,15527.892235680834,78.75,64.75,-64.75,-1.0,SL
1425_upper,2023-07-18,2023,upper,2023-07-18 16:28:00+00:00,2023-07-18 14:02:00-04:00,15897.942584150136,65.0,63.5,-63.5,-1.0,SL
1426_lower,2023-07-20,2023,lower,2023-07-20 18:26:00+00:00,2023-07-20 15:13:00-04:00,15627.390811500729,46.25,46.75,-46.75,-1.0,SL
1430_upper,2023-07-27,2023,upper,2023-07-27 07:49:00+00:00,2023-07-27 08:16:00-04:00,15770.652112320444,66.0,59.75,-59.75,-1.0,SL
1435_lower,2023-08-02,2023,lower,2023-08-02 06:53:00+00:00,2023-08-02 03:59:00-04:00,15680.358069343134,55.75,53.25,-53.25,-1.0,SL
1430_lower,2023-08-03,2023,lower,2023-08-03 07:31:00+00:00,2023-08-03 10:00:00-04:00,15359.097887679556,102.25,82.0,102.25,1.2469512195121952,TP
1438_upper,2023-08-04,2023,upper,2023-08-04 16:25:00+00:00,2023-08-04 13:55:00-04:00,15588.187229791503,56.0,54.25,56.0,1.032258064516129,TP
1422_lower,2023-08-08,2023,lower,2023-08-08 14:11:00+00:00,2023-08-08 13:17:00-04:00,15258.530623284443,44.75,48.5,44.75,0.9226804123711341,TP
1438_lower,2023-08-09,2023,lower,2023-08-09 15:14:00+00:00,2023-08-09 13:15:00-04:00,15178.812770208497,69.0,63.75,69.0,1.0823529411764705,TP
1442_lower,2023-08-10,2023,lower,2023-08-10 17:57:00+00:00,2023-08-10 14:15:00-04:00,15141.822323172022,82.75,71.25,82.75,1.1614035087719299,TP
1441_lower,2023-08-11,2023,lower,2023-08-11 12:31:00+00:00,2023-08-11 09:30:00-04:00,15133.43673161332,72.75,60.75,-60.75,-1.0,SL
1446_lower,2023-08-16,2023,lower,2023-08-16 17:10:00+00:00,2023-08-16 13:48:00-04:00,14990.540533081286,69.5,61.5,69.5,1.1300813008130082,TP
1447_lower,2023-08-17,2023,lower,2023-08-17 00:19:00+00:00,2023-08-17 03:04:00-04:00,14907.749306880967,64.0,55.5,64.0,1.1531531531531531,TP
1445_lower,2023-08-17,2023,lower,2023-08-17 14:33:00+00:00,2023-08-17 12:27:00-04:00,14877.054024812234,62.75,59.0,62.75,1.0635593220338984,TP
1448_lower,2023-08-17,2023,lower,2023-08-17 19:15:00+00:00,2023-08-17 15:59:00-04:00,14760.777243063769,68.75,63.25,11.472756936231235,0.18138746144239107,cutoff
1449_upper,2023-08-21,2023,upper,2023-08-21 08:24:00+00:00,2023-08-21 09:38:00-04:00,14823.580191280837,55.5,54.5,-54.5,-1.0,SL
1450_upper,2023-08-22,2023,upper,2023-08-22 07:44:00+00:00,2023-08-22 08:07:00-04:00,15046.702045487342,76.5,66.0,-66.0,-1.0,SL
1448_upper,2023-08-23,2023,upper,2023-08-23 14:51:00+00:00,2023-08-23 13:30:00-04:00,15178.222756936231,50.5,51.0,-51.0,-1.0,SL
1453_lower,2023-08-24,2023,lower,2023-08-24 15:52:00+00:00,2023-08-24 15:48:00-04:00,14946.907895902545,108.25,85.25,-85.25,-1.0,SL
1454_upper,2023-08-29,2023,upper,2023-08-29 14:00:00+00:00,2023-08-29 10:04:00-04:00,15179.062138640244,41.25,45.75,-45.75,-1.0,SL
1442_upper,2023-08-31,2023,upper,2023-08-31 12:16:00+00:00,2023-08-31 09:12:00-04:00,15532.052676827978,47.0,47.0,47.0,1.0,TP
1441_upper,2023-08-31,2023,upper,2023-08-31 13:45:00+00:00,2023-08-31 09:47:00-04:00,15557.31326838668,45.5,45.75,45.5,0.994535519125683,TP
1443_upper,2023-08-31,2023,upper,2023-08-31 14:00:00+00:00,2023-08-31 12:23:00-04:00,15569.768237576576,45.25,48.0,45.25,0.9427083333333334,TP
1457_upper,2023-09-01,2023,upper,2023-09-01 12:32:00+00:00,2023-09-01 09:36:00-04:00,15629.449940807615,37.25,38.0,37.25,0.9802631578947368,TP
1460_lower,2023-09-05,2023,lower,2023-09-05 08:12:00+00:00,2023-09-05 05:24:00-04:00,15439.378375806677,24.75,31.0,24.75,0.7983870967741935,TP
1459_lower,2023-09-06,2023,lower,2023-09-06 14:13:00+00:00,2023-09-06 12:29:00-04:00,15389.281890276656,44.5,46.25,-46.25,-1.0,SL
1462_lower,2023-09-07,2023,lower,2023-09-07 12:14:00+00:00,2023-09-07 08:39:00-04:00,15268.239324433607,65.25,57.75,-57.75,-1.0,SL
1463_upper,2023-09-08,2023,upper,2023-09-08 13:50:00+00:00,2023-09-08 10:59:00-04:00,15365.18591918266,58.0,51.5,58.0,1.1262135922330097,TP
1464_upper,2023-09-11,2023,upper,2023-09-11 00:00:00+00:00,2023-09-11 02:01:00-04:00,15522.5,41.0,39.0,-39.0,-1.0,SL
1465_lower,2023-09-13,2023,lower,2023-09-13 12:30:00+00:00,2023-09-13 08:35:00-04:00,15421.240815329766,54.0,51.0,54.0,1.0588235294117647,TP
1467_upper,2023-09-14,2023,upper,2023-09-14 15:09:00+00:00,2023-09-14 11:42:00-04:00,15687.75836865804,57.25,56.75,57.25,1.0088105726872247,TP
1458_upper,2023-09-14,2023,upper,2023-09-14 16:15:00+00:00,2023-09-14 15:59:00-04:00,15698.067465263635,58.0,55.75,25.567465263635313,0.458609242397046,cutoff
1468_lower,2023-09-15,2023,lower,2023-09-15 14:59:00+00:00,2023-09-15 13:30:00-04:00,15426.248171057954,53.0,53.25,-53.25,-1.0,SL
1467_lower,2023-09-19,2023,lower,2023-09-19 13:50:00+00:00,2023-09-19 10:01:00-04:00,15323.86663134196,35.5,39.0,-39.0,-1.0,SL
1472_lower,2023-09-20,2023,lower,2023-09-20 19:14:00+00:00,2023-09-20 15:38:00-04:00,15252.130723958366,71.75,69.25,-69.25,-1.0,SL
1464_lower,2023-09-21,2023,lower,2023-09-21 00:07:00+00:00,2023-09-21 06:08:00-04:00,15106.912083583577,104.0,81.0,-81.0,-1.0,SL
1473_lower,2023-09-25,2023,lower,2023-09-25 08:44:00+00:00,2023-09-25 05:02:00-04:00,14797.891152351334,46.25,47.75,46.25,0.9685863874345549,TP
1474_lower,2023-09-26,2023,lower,2023-09-26 14:13:00+00:00,2023-09-26 10:45:00-04:00,14756.293148302426,46.75,49.25,46.75,0.949238578680203,TP
1475_lower,2023-09-27,2023,lower,2023-09-27 17:20:00+00:00,2023-09-27 14:35:00-04:00,14633.786470949464,80.25,68.0,80.25,1.1801470588235294,TP
1478_upper,2023-09-28,2023,upper,2023-09-28 15:54:00+00:00,2023-09-28 13:40:00-04:00,14905.250582524117,62.75,59.75,62.75,1.0502092050209204,TP
1476_upper,2023-09-29,2023,upper,2023-09-29 12:30:00+00:00,2023-09-29 11:38:00-04:00,15007.11661205743,77.0,67.0,77.0,1.1492537313432836,TP
1479_lower,2023-09-29,2023,lower,2023-09-29 17:18:00+00:00,2023-09-29 15:02:00-04:00,14828.962669985114,81.75,72.0,81.75,1.1354166666666667,TP
1480_lower,2023-10-03,2023,lower,2023-10-03 18:16:00+00:00,2023-10-03 15:59:00-04:00,14679.63455802968,60.5,56.25,39.86544197031981,0.708718968361241,cutoff
1481_lower,2023-10-04,2023,lower,2023-10-04 06:18:00+00:00,2023-10-04 06:24:00-04:00,14608.482636343826,105.0,83.0,105.0,1.2650602409638554,TP
1482_upper,2023-10-06,2023,upper,2023-10-06 15:33:00+00:00,2023-10-06 11:56:00-04:00,14966.066806426765,68.25,63.5,-63.5,-1.0,SL
1479_upper,2023-10-09,2023,upper,2023-10-09 17:57:00+00:00,2023-10-09 15:59:00-04:00,15187.912330014886,109.75,83.5,-2.8376699851141893,-0.03398407167801425,cutoff
1486_upper,2023-10-12,2023,upper,2023-10-12 00:06:00+00:00,2023-10-12 08:35:00-04:00,15423.33901500788,48.5,44.75,48.5,1.0837988826815643,TP
1488_lower,2023-10-12,2023,lower,2023-10-12 18:11:00+00:00,2023-10-12 14:34:00-04:00,15225.448835444564,56.5,55.5,56.5,1.018018018018018,TP
1487_lower,2023-10-13,2023,lower,2023-10-13 15:24:00+00:00,2023-10-13 13:26:00-04:00,15157.756866683643,68.0,64.75,-64.75,-1.0,SL
1486_lower,2023-10-18,2023,lower,2023-10-18 19:42:00+00:00,2023-10-18 15:59:00-04:00,15016.66098499212,74.5,65.5,6.839015007879425,0.10441244286838816,cutoff
1490_lower,2023-10-19,2023,lower,2023-10-19 07:46:00+00:00,2023-10-19 06:05:00-04:00,14977.196253654804,70.5,62.25,70.5,1.1325301204819278,TP
1491_lower,2023-10-19,2023,lower,2023-10-19 18:40:00+00:00,2023-10-19 15:59:00-04:00,14905.635809277655,81.25,70.5,-19.885809277655426,-0.2820682167043323,cutoff
1485_lower,2023-10-20,2023,lower,2023-10-20 06:21:00+00:00,2023-10-20 04:42:00-04:00,14811.455813199624,71.25,59.75,71.25,1.1924686192468619,TP
1483_lower,2023-10-23,2023,lower,2023-10-23 07:43:00+00:00,2023-10-23 05:30:00-04:00,14637.371414457424,56.25,52.0,-52.0,-1.0,SL
1495_upper,2023-10-24,2023,upper,2023-10-24 14:38:00+00:00,2023-10-24 12:19:00-04:00,14861.637096466304,87.5,74.75,87.5,1.1705685618729098,TP
1496_lower,2023-10-25,2023,lower,2023-10-25 14:27:00+00:00,2023-10-25 10:39:00-04:00,14596.908218834997,68.0,66.0,68.0,1.0303030303030303,TP
1478_lower,2023-10-25,2023,lower,2023-10-25 17:28:00+00:00,2023-10-25 15:59:00-04:00,14505.374417475883,64.0,59.5,-29.124417475883092,-0.48948600799803516,cutoff
1495_lower,2023-10-26,2023,lower,2023-10-25 23:21:00+00:00,2023-10-26 11:43:00-04:00,14341.862903533696,163.5,111.25,-111.25,-1.0,SL
1499_upper,2023-10-31,2023,upper,2023-10-31 19:01:00+00:00,2023-10-31 15:59:00-04:00,14501.726369051132,45.25,46.25,12.226369051131769,0.26435392542987607,cutoff
1501_upper,2023-11-01,2023,upper,2023-11-01 14:22:00+00:00,2023-11-01 14:33:00-04:00,14601.035061183557,50.0,50.75,-50.75,-1.0,SL
1497_upper,2023-11-02,2023,upper,2023-11-02 12:30:00+00:00,2023-11-02 15:59:00-04:00,14935.534575520876,88.5,73.0,-63.96542447912361,-0.876238691494844,cutoff
1494_upper,2023-11-03,2023,upper,2023-11-03 13:31:00+00:00,2023-11-03 10:00:00-04:00,15070.892577085337,84.25,71.75,-71.75,-1.0,SL
1504_upper,2023-11-07,2023,upper,2023-11-07 14:17:00+00:00,2023-11-07 09:34:00-05:00,15268.5396343366,31.5,35.0,31.5,0.9,TP
1492_upper,2023-11-07,2023,upper,2023-11-07 15:28:00+00:00,2023-11-07 10:51:00-05:00,15343.319510651938,34.5,40.0,-40.0,-1.0,SL
1490_upper,2023-11-09,2023,upper,2023-11-09 16:51:00+00:00,2023-11-09 12:14:00-05:00,15442.178746345196,36.0,39.75,36.0,0.9056603773584906,TP
1508_lower,2023-11-09,2023,lower,2023-11-09 20:00:00+00:00,2023-11-09 15:59:00-05:00,15243.985476304202,43.5,47.5,14.764523695797834,0.3108320778062702,cutoff
1506_upper,2023-11-10,2023,upper,2023-11-10 17:06:00+00:00,2023-11-10 12:37:00-05:00,15468.540969990474,57.5,54.25,-54.25,-1.0,SL
1510_upper,2023-11-14,2023,upper,2023-11-14 13:30:00+00:00,2023-11-14 13:30:00+00:00,15665.251049723289,34.75,37.0,-37.0,-1.0,SL
1511_upper,2023-11-15,2023,upper,2023-11-15 13:25:00+00:00,2023-11-15 09:53:00-05:00,15999.786834905071,93.0,72.0,93.0,1.2916666666666667,TP
1512_lower,2023-11-16,2023,lower,2023-11-16 16:38:00+00:00,2023-11-16 12:09:00-05:00,15801.229707511544,58.0,54.75,58.0,1.0593607305936072,TP
1514_upper,2023-11-20,2023,upper,2023-11-20 14:58:00+00:00,2023-11-20 10:21:00-05:00,15994.229960445984,28.5,33.0,28.5,0.8636363636363636,TP
1513_upper,2023-11-20,2023,upper,2023-11-20 16:04:00+00:00,2023-11-20 13:03:00-05:00,16015.643291059818,32.0,37.25,-37.25,-1.0,SL
1516_upper,2023-11-22,2023,upper,2023-11-22 14:36:00+00:00,2023-11-22 09:52:00-05:00,16158.55957440403,57.0,52.75,57.0,1.080568720379147,TP
1518_lower,2023-11-27,2023,lower,2023-11-27 02:04:00+00:00,2023-11-27 03:18:00-05:00,15958.763632343203,31.25,34.75,31.25,0.8992805755395683,TP
1521_upper,2023-11-29,2023,upper,2023-11-29 09:23:00+00:00,2023-11-29 08:03:00-05:00,16103.147216602609,41.5,44.5,-44.5,-1.0,SL
1522_lower,2023-11-30,2023,lower,2023-11-30 14:42:00+00:00,2023-11-30 10:39:00-05:00,15967.453281160262,59.0,54.5,-54.5,-1.0,SL
1521_lower,2023-12-04,2023,lower,2023-12-04 14:24:00+00:00,2023-12-04 10:19:00-05:00,15854.352783397391,50.5,50.0,-50.0,-1.0,SL
1525_upper,2023-12-06,2023,upper,2023-12-06 14:00:00+00:00,2023-12-06 09:35:00-05:00,16019.860859026963,62.0,59.5,62.0,1.0420168067226891,TP
1524_upper,2023-12-08,2023,upper,2023-12-08 15:11:00+00:00,2023-12-08 11:38:00-05:00,16085.76333390208,68.5,63.25,68.5,1.08300395256917,TP
1529_upper,2023-12-11,2023,upper,2023-12-11 00:00:00+00:00,2023-12-11 09:46:00-05:00,16313.0,63.0,53.5,-53.5,-1.0,SL
1530_upper,2023-12-12,2023,upper,2023-12-12 00:21:00+00:00,2023-12-12 08:30:00-05:00,16478.359105597912,83.25,63.25,-63.25,-1.0,SL
1532_upper,2023-12-13,2023,upper,2023-12-13 19:39:00+00:00,2023-12-13 15:04:00-05:00,16748.20060289857,47.5,50.25,-50.25,-1.0,SL
1533_lower,2023-12-14,2023,lower,2023-12-14 18:49:00+00:00,2023-12-14 14:49:00-05:00,16671.720399275648,65.25,60.75,65.25,1.0740740740740742,TP
1534_upper,2023-12-18,2023,upper,2023-12-18 18:51:00+00:00,2023-12-18 15:59:00-05:00,16957.667825366458,40.75,42.25,19.41782536645769,0.45959349979781516,cutoff
1533_upper,2023-12-19,2023,upper,2023-12-19 12:17:00+00:00,2023-12-19 15:59:00-05:00,16980.404600724352,49.5,45.75,-45.75,-1.0,SL
1537_lower,2023-12-20,2023,lower,2023-12-20 19:53:00+00:00,2023-12-20 14:54:00-05:00,16841.58888852707,32.75,36.75,32.75,0.891156462585034,TP
1536_lower,2023-12-20,2023,lower,2023-12-20 20:01:00+00:00,2023-12-20 15:57:00-05:00,16831.578525211473,46.5,53.25,-53.25,-1.0,SL
1536_upper,2023-12-26,2023,upper,2023-12-26 20:22:00+00:00,2023-12-26 15:59:00-05:00,17091.796474788527,31.75,33.25,7.296474788527121,0.21944285078277054,cutoff
1539_upper,2023-12-28,2023,upper,2023-12-28 01:09:00+00:00,2023-12-28 09:38:00-05:00,17145.732745703783,22.75,27.0,22.75,0.8425925925925926,TP
1542_lower,2023-12-29,2023,lower,2023-12-29 15:48:00+00:00,2023-12-29 11:00:00-05:00,17003.61585585585,21.25,26.25,21.25,0.8095238095238095,TP
1543_lower,2023-12-29,2023,lower,2023-12-29 16:15:00+00:00,2023-12-29 12:59:00-05:00,16970.177276492825,26.0,33.5,26.0,0.7761194029850746,TP
2053_lower,2026-01-02,2026,lower,2026-01-02 15:57:00+00:00,2026-01-02 11:01:00-05:00,25410.2779278674,74.5,73.0,-73.0,-1.0,SL
2060_upper,2026-01-07,2026,upper,2026-01-07 16:00:00+00:00,2026-01-07 12:43:00-05:00,25919.39176196145,81.0,72.5,-72.5,-1.0,SL
2056_upper,2026-01-12,2026,upper,2026-01-12 19:27:00+00:00,2026-01-12 15:59:00-05:00,26001.654387551145,83.25,66.0,49.40438755114519,0.7485513265325029,cutoff
2052_upper,2026-01-13,2026,upper,2026-01-13 13:31:00+00:00,2026-01-13 10:02:00-05:00,26021.232009355885,93.5,73.25,93.5,1.2764505119453924,TP
2066_lower,2026-01-14,2026,lower,2026-01-14 14:59:00+00:00,2026-01-14 10:12:00-05:00,25582.086025672208,71.75,63.75,71.75,1.1254901960784314,TP
2065_lower,2026-01-14,2026,lower,2026-01-14 15:51:00+00:00,2026-01-14 11:22:00-05:00,25472.4207777887,68.75,67.0,68.75,1.0261194029850746,TP
2068_lower,2026-01-16,2026,lower,2026-01-16 15:36:00+00:00,2026-01-16 11:30:00-05:00,25629.313156713768,93.5,79.25,93.5,1.1798107255520505,TP
2063_lower,2026-01-19,2026,lower,2026-01-19 03:24:00+00:00,2026-01-19 04:25:00-05:00,25373.145816891814,77.5,62.25,-62.25,-1.0,SL
2059_lower,2026-01-20,2026,lower,2026-01-20 08:31:00+00:00,2026-01-20 04:26:00-05:00,25216.808747005507,86.0,76.25,-76.25,-1.0,SL
2071_upper,2026-01-21,2026,upper,2026-01-21 19:43:00+00:00,2026-01-21 15:00:00-05:00,25559.28110897284,105.75,92.75,-92.75,-1.0,SL
2074_upper,2026-01-27,2026,upper,2026-01-27 02:57:00+00:00,2026-01-27 09:56:00-05:00,25972.950621766613,112.25,82.75,-82.75,-1.0,SL
2068_upper,2026-01-28,2026,upper,2026-01-28 00:35:00+00:00,2026-01-28 01:00:00-05:00,26192.561843286232,70.75,62.0,-62.0,-1.0,SL
2077_lower,2026-01-29,2026,lower,2026-01-29 14:42:00+00:00,2026-01-29 09:46:00-05:00,25984.096228371414,83.75,71.5,-71.5,-1.0,SL
2073_lower,2026-02-02,2026,lower,2026-02-02 03:14:00+00:00,2026-02-02 01:10:00-05:00,25336.47365130561,162.0,120.25,-120.25,-1.0,SL
2081_lower,2026-02-03,2026,lower,2026-02-03 18:59:00+00:00,2026-02-03 15:59:00-05:00,25260.47370082972,197.25,134.25,197.25,1.4692737430167597,TP
2080_lower,2026-02-04,2026,lower,2026-02-04 15:01:00+00:00,2026-02-04 11:40:00-05:00,25144.154549493003,176.75,126.75,-126.75,-1.0,SL
2083_upper,2026-02-09,2026,upper,2026-02-09 00:02:00+00:00,2026-02-09 04:56:00-05:00,25308.784126629384,221.5,140.0,221.5,1.582142857142857,TP
2086_lower,2026-02-12,2026,lower,2026-02-12 16:00:00+00:00,2026-02-12 11:15:00-05:00,25002.134426505407,99.25,87.0,-87.0,-1.0,SL
2085_lower,2026-02-13,2026,lower,2026-02-13 11:30:00+00:00,2026-02-13 08:30:00-05:00,24633.391857165167,159.0,112.75,159.0,1.41019955654102,TP
2090_upper,2026-02-18,2026,upper,2026-02-18 15:17:00+00:00,2026-02-18 14:31:00-05:00,25073.84211892498,105.75,89.75,105.75,1.1782729805013927,TP
2091_upper,2026-02-25,2026,upper,2026-02-25 13:55:00+00:00,2026-02-25 09:31:00-05:00,25154.51755998832,90.5,70.75,-70.75,-1.0,SL
2097_lower,2026-02-27,2026,lower,2026-02-27 13:30:00+00:00,2026-02-27 10:08:00-05:00,24825.88513501576,141.75,104.0,141.75,1.3629807692307692,TP
2095_lower,2026-03-02,2026,lower,2026-03-02 06:48:00+00:00,2026-03-02 03:00:00-05:00,24588.439612813825,96.0,81.0,-81.0,-1.0,SL
2093_lower,2026-03-03,2026,lower,2026-03-03 09:46:00+00:00,2026-03-03 11:46:00-05:00,24473.331852930038,207.75,139.75,207.75,1.486583184257603,TP
2101_upper,2026-03-04,2026,upper,2026-03-04 15:01:00+00:00,2026-03-04 10:24:00-05:00,24982.357602534,140.75,106.0,-106.0,-1.0,SL
2099_upper,2026-03-05,2026,upper,2026-03-05 00:15:00+00:00,2026-03-04 20:44:00-05:00,25229.04674451065,154.0,105.5,154.0,1.4597156398104265,TP
2103_lower,2026-03-06,2026,lower,2026-03-06 20:37:00+00:00,2026-03-06 15:59:00-05:00,24605.328886137315,112.75,93.75,62.42111386268516,0.6658252145353084,cutoff
2091_lower,2026-03-09,2026,lower,2026-03-09 00:23:00+00:00,2026-03-08 21:50:00-04:00,24143.73244001168,165.0,121.0,-121.0,-1.0,SL
2104_upper,2026-03-10,2026,upper,2026-03-10 08:08:00+00:00,2026-03-10 15:59:00-04:00,25119.94149499076,228.25,139.75,133.44149499075866,0.9548586403632104,cutoff
2107_lower,2026-03-12,2026,lower,2026-03-12 13:55:00+00:00,2026-03-12 10:01:00-04:00,24652.49668235829,68.0,63.25,68.0,1.075098814229249,TP
2106_lower,2026-03-12,2026,lower,2026-03-12 14:37:00+00:00,2026-03-12 10:46:00-04:00,24590.175292751177,74.25,68.5,74.25,1.083941605839416,TP
2109_upper,2026-03-17,2026,upper,2026-03-17 13:46:00+00:00,2026-03-17 15:59:00-04:00,25096.19805301506,152.0,108.5,85.9480530150613,0.7921479540558646,cutoff
2108_upper,2026-03-18,2026,upper,2026-03-18 05:27:00+00:00,2026-03-18 08:04:00-04:00,25161.616617122825,85.5,66.75,85.5,1.2808988764044944,TP
2111_lower,2026-03-18,2026,lower,2026-03-18 19:57:00+00:00,2026-03-18 15:59:00-04:00,24662.554081901,100.75,83.75,-11.054081900998426,-0.1319890376238618,cutoff
2112_lower,2026-03-19,2026,lower,2026-03-19 07:57:00+00:00,2026-03-19 08:30:00-04:00,24550.4725595392,155.0,110.0,-110.0,-1.0,SL
2109_lower,2026-03-20,2026,lower,2026-03-20 14:12:00+00:00,2026-03-20 12:04:00-04:00,24257.42694698494,92.5,81.75,92.5,1.1314984709480123,TP
2113_lower,2026-03-20,2026,lower,2026-03-20 19:35:00+00:00,2026-03-20 15:59:00-04:00,24016.646824437845,102.75,83.5,96.85317556215523,1.1599182702054518,cutoff
2115_lower,2026-03-26,2026,lower,2026-03-26 12:35:00+00:00,2026-03-26 09:00:00-04:00,24069.165318483185,61.0,57.75,61.0,1.0562770562770563,TP
2117_lower,2026-03-26,2026,lower,2026-03-26 16:17:00+00:00,2026-03-26 13:20:00-04:00,24019.18345795425,60.5,57.75,-57.75,-1.0,SL
2120_lower,2026-03-31,2026,lower,2026-03-31 00:17:00+00:00,2026-03-30 20:44:00-04:00,22983.31380287526,148.5,104.25,148.5,1.4244604316546763,TP
2121_upper,2026-03-31,2026,upper,2026-03-31 17:19:00+00:00,2026-03-31 15:59:00-04:00,23872.681525555017,166.0,129.0,-37.06847444498271,-0.28735251507738535,cutoff
2119_upper,2026-04-01,2026,upper,2026-03-31 23:58:00+00:00,2026-04-01 02:36:00-04:00,24027.08869351358,221.25,135.25,-135.25,-1.0,SL
2122_lower,2026-04-02,2026,lower,2026-04-02 11:28:00+00:00,2026-04-02 09:53:00-04:00,23729.68143980739,101.0,78.75,101.0,1.2825396825396826,TP
2123_upper,2026-04-06,2026,upper,2026-04-06 02:19:00+00:00,2026-04-05 22:53:00-04:00,24289.10131924296,41.75,44.5,41.75,0.9382022471910112,TP
2115_upper,2026-04-08,2026,upper,2026-04-07 23:04:00+00:00,2026-04-08 00:13:00-04:00,24984.45968151681,193.5,151.75,-151.75,-1.0,SL
2110_upper,2026-04-10,2026,upper,2026-04-10 00:59:00+00:00,2026-04-10 08:29:00-04:00,25273.09253845201,71.0,60.75,-60.75,-1.0,SL
2127_upper,2026-04-13,2026,upper,2026-04-13 16:33:00+00:00,2026-04-13 12:42:00-04:00,25403.61281873571,49.0,51.25,49.0,0.9560975609756097,TP
2128_upper,2026-04-14,2026,upper,2026-04-13 23:07:00+00:00,2026-04-14 08:30:00-04:00,25611.34815671422,145.25,96.5,-96.5,-1.0,SL
2130_upper,2026-04-15,2026,upper,2026-04-14 23:34:00+00:00,2026-04-15 10:14:00-04:00,26016.020610526048,101.25,76.25,-76.25,-1.0,SL
2132_upper,2026-04-17,2026,upper,2026-04-17 13:07:00+00:00,2026-04-17 09:33:00-04:00,26750.85865637195,92.5,82.75,92.5,1.1178247734138973,TP
2133_upper,2026-04-22,2026,upper,2026-04-22 17:10:00+00:00,2026-04-22 15:54:00-04:00,27024.84370561633,82.25,68.0,-68.0,-1.0,SL
2135_upper,2026-04-23,2026,upper,2026-04-23 15:32:00+00:00,2026-04-23 12:04:00-04:00,27152.14330906941,97.0,78.5,97.0,1.2356687898089171,TP
2137_lower,2026-04-23,2026,lower,2026-04-23 17:46:00+00:00,2026-04-23 13:53:00-04:00,26685.706393396395,95.0,84.0,95.0,1.130952380952381,TP
2136_upper,2026-04-24,2026,upper,2026-04-24 11:07:00+00:00,2026-04-24 07:30:00-04:00,27267.134887108085,123.25,89.0,-89.0,-1.0,SL
2138_upper,2026-04-27,2026,upper,2026-04-27 02:00:00+00:00,2026-04-27 03:09:00-04:00,27541.200536733537,129.25,96.5,129.25,1.339378238341969,TP
2139_lower,2026-04-28,2026,lower,2026-04-28 12:23:00+00:00,2026-04-28 08:51:00-04:00,27049.808787510927,85.0,76.0,85.0,1.118421052631579,TP
2140_upper,2026-04-30,2026,upper,2026-04-29 23:48:00+00:00,2026-04-29 20:39:00-04:00,27529.43417796164,120.75,93.25,-93.25,-1.0,SL
2139_upper,2026-05-01,2026,upper,2026-05-01 13:33:00+00:00,2026-05-01 09:54:00-04:00,27727.691212489077,105.5,83.25,-83.25,-1.0,SL
2143_upper,2026-05-05,2026,upper,2026-05-05 14:36:00+00:00,2026-05-05 15:59:00-04:00,28138.06154108305,89.0,77.0,2.3115410830505425,0.03002001406559146,cutoff
2147_upper,2026-05-08,2026,upper,2026-05-08 14:58:00+00:00,2026-05-08 13:01:00-04:00,29174.65787972472,96.5,80.75,-80.75,-1.0,SL
2148_upper,2026-05-11,2026,upper,2026-05-11 13:32:00+00:00,2026-05-11 15:59:00-04:00,29422.9618069465,185.0,117.75,-6.288193053500436,-0.05340291340552387,cutoff
2149_lower,2026-05-12,2026,lower,2026-05-12 15:15:00+00:00,2026-05-12 11:24:00-04:00,28951.360498886017,73.0,69.0,-69.0,-1.0,SL
2150_upper,2026-05-14,2026,upper,2026-05-13 23:05:00+00:00,2026-05-13 23:48:00-04:00,29646.42303898361,122.25,91.75,122.25,1.332425068119891,TP
2149_upper,2026-05-14,2026,upper,2026-05-14 14:50:00+00:00,2026-05-14 15:59:00-04:00,29708.514501113983,125.25,98.75,21.764501113982988,0.22040001128084039,cutoff
2152_lower,2026-05-18,2026,lower,2026-05-17 23:40:00+00:00,2026-05-17 20:10:00-04:00,29084.62855805579,181.75,129.0,-129.0,-1.0,SL
2151_lower,2026-05-19,2026,lower,2026-05-19 13:20:00+00:00,2026-05-19 09:30:00-04:00,28811.51963438418,127.75,95.5,127.75,1.337696335078534,TP
2153_lower,2026-05-19,2026,lower,2026-05-19 14:07:00+00:00,2026-05-19 12:30:00-04:00,28775.551734540284,151.75,116.25,151.75,1.3053763440860215,TP
2155_upper,2026-05-21,2026,upper,2026-05-21 04:59:00+00:00,2026-05-21 02:49:00-04:00,29420.86955887296,127.25,93.25,127.25,1.3646112600536193,TP
2156_upper,2026-05-21,2026,upper,2026-05-21 17:54:00+00:00,2026-05-21 14:48:00-04:00,29542.4989497199,121.75,97.5,121.75,1.2487179487179487,TP
2157_upper,2026-05-22,2026,upper,2026-05-22 08:18:00+00:00,2026-05-22 05:01:00-04:00,29642.116120772636,97.75,78.25,97.75,1.2492012779552715,TP
2153_upper,2026-05-22,2026,upper,2026-05-22 17:30:00+00:00,2026-05-22 14:34:00-04:00,29738.69826545972,94.25,78.25,94.25,1.2044728434504792,TP
2152_upper,2026-05-25,2026,upper,2026-05-25 03:00:00+00:00,2026-05-25 12:59:00-04:00,29963.24644194421,74.5,65.5,0.7464419442112558,0.011396060216965737,cutoff
2158_upper,2026-05-26,2026,upper,2026-05-26 14:00:00+00:00,2026-05-26 10:27:00-04:00,30009.455726915767,79.25,73.25,-73.25,-1.0,SL
2159_upper,2026-05-27,2026,upper,2026-05-27 11:00:00+00:00,2026-05-27 08:21:00-04:00,30248.50133165292,87.5,70.25,-70.25,-1.0,SL
2162_upper,2026-05-29,2026,upper,2026-05-29 13:57:00+00:00,2026-05-29 10:17:00-04:00,30514.38147395403,111.25,83.5,111.25,1.3323353293413174,TP
2161_upper,2026-06-01,2026,upper,2026-06-01 17:30:00+00:00,2026-06-01 13:43:00-04:00,30609.931537593537,80.25,70.25,-70.25,-1.0,SL
2166_lower,2026-06-04,2026,lower,2026-06-04 11:36:00+00:00,2026-06-04 08:37:00-04:00,30203.484160153974,99.25,81.25,99.25,1.2215384615384615,TP
2165_lower,2026-06-05,2026,lower,2026-06-05 01:13:00+00:00,2026-06-04 22:31:00-04:00,30115.50365037811,125.75,97.75,125.75,1.2864450127877238,TP
2163_lower,2026-06-05,2026,lower,2026-06-05 13:30:00+00:00,2026-06-05 09:45:00-04:00,30011.076790907744,124.0,94.5,-94.5,-1.0,SL
