window,kind,blocks,n_blocks,n_trades,net_pts,PF,avg_R,max_dd_R,lower_n,lower_net_pts,lower_avg_R,upper_n,upper_net_pts,upper_avg_R,y2018_n,y2018_net,y2018_PF,y2020_n,y2020_net,y2020_PF,y2023_n,y2023_net,y2023_PF,y2026_n,y2026_net,y2026_PF
contig:A,contig,A,1,107,-1020.16,0.7305,-0.108,-12.5213,33,-558.0,-0.1897,74,-462.16,-0.0715,29,-156.25,0.7321,42,-520.66,0.6499,16,-96.0,0.8165,20,-247.25,0.7924
contig:A-B,contig,AB,2,150,-518.84,0.8911,-0.0104,-9.4111,52,-200.0,0.0221,98,-318.84,-0.0277,42,-56.68,0.9208,60,-504.16,0.7559,24,86.75,1.1221,24,-44.75,0.9648
contig:A-B-C,contig,ABC,3,204,-279.4,0.9554,0.0086,-11.0759,75,192.25,0.0913,129,-471.65,-0.0395,56,-104.18,0.8927,77,-660.41,0.7539,42,277.25,1.2395,29,207.94,1.1426
contig:A-B-C-D,contig,ABCD,4,245,-233.34,0.9683,0.0033,-12.7132,96,661.0,0.1479,149,-894.34,-0.0899,68,-51.93,0.9545,91,-786.1,0.748,52,196.75,1.1326,34,407.94,1.2522
contig:A-B-C-D-E,contig,ABCDE,5,293,902.7,1.1091,0.0717,-9.1964,116,1011.75,0.1665,177,-109.05,0.0096,77,96.07,1.0772,100,-608.6,0.8164,74,374.03,1.1846,42,1041.19,1.6167
contig:A-B-C-D-E-F,contig,ABCDEF,6,470,1512.46,1.1211,0.0605,-20.1504,199,1226.38,0.1164,271,286.08,0.0195,126,173.65,1.087,142,-1006.33,0.7814,134,1202.28,1.3713,68,1142.86,1.4312
contig:A-B-C-D-E-F-G,contig,ABCDEFG,7,731,828.25,1.0434,0.0031,-33.9188,334,1272.68,0.055,397,-444.43,-0.0405,218,-782.34,0.8079,204,-816.89,0.8665,217,1114.87,1.2138,92,1312.61,1.3551
contig:A-B-C-D-E-F-G-H,contig,ABCDEFGH,8,806,692.01,1.0341,-0.0004,-40.3269,377,1281.47,0.0494,429,-589.46,-0.0441,237,-982.45,0.7758,231,-982.13,0.8529,241,1285.53,1.2372,97,1371.06,1.3609
contig:B,contig,B,1,51,501.6,1.4409,0.227,-3.0,21,341.25,0.3541,30,160.35,0.138,13,99.57,1.751,22,131.0,1.2266,10,183.25,1.7924,6,87.78,1.4485
contig:B-C,contig,BC,2,110,657.04,1.236,0.1236,-7.0925,47,672.75,0.2564,63,-15.71,0.0246,30,80.32,1.1935,41,-137.5,0.8949,28,373.75,1.5511,11,340.47,1.8913
contig:B-C-D,contig,BCD,3,154,759.1,1.1924,0.0898,-9.211,69,1070.0,0.2668,85,-310.9,-0.0539,42,132.57,1.2269,56,-155.44,0.9109,40,241.5,1.2246,16,540.47,1.9986
contig:B-C-D-E,contig,BCDE,4,204,1925.39,1.3934,0.1675,-7.6097,89,1420.75,0.2643,115,504.64,0.0926,52,244.82,1.3383,65,22.06,1.0114,62,418.78,1.2589,25,1239.72,3.0258
contig:B-C-D-E-F,contig,BCDEF,5,386,2780.46,1.3031,0.1135,-13.6091,173,1843.88,0.1664,213,936.58,0.0706,104,352.4,1.235,109,-121.18,0.9625,123,1204.28,1.4192,50,1344.95,1.8562
contig:B-C-D-E-F-G,contig,BCDEFG,6,647,2096.26,1.1328,0.0273,-26.327,308,1890.18,0.0779,339,206.08,-0.0187,196,-603.59,0.8313,171,68.26,1.0144,206,1116.87,1.2303,74,1514.7,1.5789
contig:B-C-D-E-F-G-H,contig,BCDEFGH,7,722,1960.01,1.1155,0.0208,-32.6034,351,1898.97,0.069,371,61.04,-0.0247,215,-803.7,0.7932,198,-96.97,0.9817,230,1287.53,1.2547,79,1573.16,1.5784
contig:C,contig,C,1,68,-67.37,0.9663,-0.0045,-9.0049,29,94.75,0.0557,39,-162.12,-0.0493,17,-19.25,0.9319,25,-302.56,0.6622,20,71.5,1.1263,6,182.94,1.7146
contig:C-D,contig,CD,2,113,9.94,1.0031,-0.0095,-11.7765,51,492.0,0.1563,62,-482.06,-0.1459,30,8.25,1.0173,40,-320.5,0.7593,32,-60.75,0.9369,11,382.94,1.9222
contig:C-D-E,contig,CDE,3,164,1211.97,1.2931,0.1236,-10.2616,71,842.75,0.1843,93,369.22,0.0772,41,156.25,1.2538,49,-143.0,0.9064,54,116.53,1.0774,20,1082.19,3.2267
contig:C-D-E-F,contig,CDEF,4,349,2071.73,1.245,0.0858,-18.2739,155,1265.88,0.1184,194,805.85,0.0599,94,228.08,1.1598,94,-242.24,0.9141,115,902.03,1.3267,46,1183.86,1.8174
contig:C-D-E-F-G,contig,CDEFG,5,611,1432.03,1.095,0.0078,-32.531,290,1312.18,0.0467,321,119.85,-0.0273,187,-683.41,0.805,156,-52.8,0.9878,198,814.62,1.172,70,1353.61,1.5428
contig:C-D-E-F-G-H,contig,CDEFGH,6,686,1295.78,1.0798,0.0032,-38.8073,333,1320.97,0.0414,353,-25.19,-0.0329,206,-883.53,0.7684,183,-218.04,0.9554,222,985.28,1.1993,75,1412.07,1.5437
contig:D,contig,D,1,53,-56.75,0.9641,-0.0938,-8.9658,28,345.69,0.1461,25,-402.44,-0.3626,15,-68.25,0.7645,17,-100.44,0.8194,14,-165.81,0.6366,7,277.75,2.0
contig:D-E,contig,DE,2,106,1173.28,1.4542,0.1566,-7.0,48,696.44,0.1918,58,476.85,0.1274,26,79.75,1.1859,28,105.06,1.1302,36,11.47,1.0115,16,977.0,3.8034
contig:D-E-F,contig,DEF,3,293,2156.79,1.3119,0.0972,-12.568,133,1228.07,0.1185,160,928.72,0.0796,80,179.08,1.1443,74,102.07,1.0484,97,796.97,1.3536,42,1078.67,1.8229
contig:D-E-F-G,contig,DEFG,4,555,1517.09,1.1121,0.006,-29.6905,268,1274.37,0.0409,287,242.72,-0.0266,173,-732.41,0.7793,136,291.52,1.0804,180,709.56,1.1677,66,1248.42,1.5298
contig:D-E-F-G-H,contig,DEFGH,5,630,1380.84,1.0939,0.0011,-36.1413,311,1283.16,0.036,319,97.68,-0.0329,192,-932.53,0.7429,163,126.28,1.0302,204,880.22,1.1984,71,1306.87,1.5313
contig:E,contig,E,1,55,1261.78,2.1955,0.3963,-4.8261,20,350.75,0.2558,35,911.03,0.4766,11,148.0,2.0628,12,289.75,2.1567,23,124.78,1.2097,9,699.25,10.8834
contig:E-F,contig,EF,2,247,2132.91,1.3836,0.124,-12.8936,108,862.88,0.0992,139,1270.03,0.1432,67,167.83,1.1629,60,275.52,1.1696,85,888.64,1.4747,35,800.92,1.7753
contig:E-F-G,contig,EFG,3,509,1493.7,1.1227,0.0107,-29.2646,243,909.68,0.0244,266,584.02,-0.0017,160,-743.16,0.7608,122,464.96,1.148,168,801.23,1.2082,59,970.67,1.467
contig:E-F-G-H,contig,EFGH,4,584,1357.46,1.1017,0.0049,-35.5409,286,918.47,0.0215,298,438.99,-0.0111,179,-943.28,0.7239,149,299.72,1.0811,192,971.89,1.2397,64,1029.12,1.4716
contig:F,contig,F,1,197,796.88,1.1692,0.0322,-16.6475,90,472.13,0.0432,107,324.74,0.023,57,30.58,1.0331,48,-14.23,0.9896,65,745.36,1.5384,27,35.17,1.0342
contig:F-G,contig,FG,2,460,145.76,1.0129,-0.0413,-34.8288,225,518.93,-0.0041,235,-373.17,-0.077,150,-880.41,0.7065,110,175.21,1.0606,149,646.04,1.1915,51,204.92,1.0988
contig:F-G-H,contig,FGH,3,535,9.51,1.0008,-0.0404,-41.1051,268,527.72,-0.0025,267,-518.21,-0.0784,169,-1080.53,0.6735,137,9.97,1.0029,173,816.69,1.2282,56,263.37,1.1209
contig:G,contig,G,1,276,-767.72,0.889,-0.1016,-41.7413,138,10.33,-0.0405,138,-778.05,-0.1627,96,-1046.38,0.5168,65,158.46,1.0992,89,-98.3,0.9534,26,218.51,1.209
contig:G-H,contig,GH,2,351,-903.96,0.8882,-0.0873,-44.0449,181,19.12,-0.0295,170,-923.08,-0.1488,115,-1246.5,0.4964,92,-6.78,0.9968,113,72.35,1.0313,31,276.97,1.2411
contig:H,contig,H,1,98,-114.69,0.923,-0.0368,-9.3332,49,-195.86,-0.0651,49,81.17,-0.0085,29,-302.87,0.3556,29,-161.08,0.7151,31,98.6,1.2808,9,250.66,3.4251
minus1:A-B-C-D-E-F-G,minus1,ABCDEFG,7,731,828.25,1.0434,0.0031,-33.9188,334,1272.68,0.055,397,-444.43,-0.0405,218,-782.34,0.8079,204,-816.89,0.8665,217,1114.87,1.2138,92,1312.61,1.3551
minus1:A-B-C-D-E-F-H,minus1,ABCDEFH,7,567,1361.44,1.0974,0.043,-25.2103,248,1030.52,0.0805,319,330.92,0.0139,155,-129.23,0.9476,171,-1167.42,0.7742,165,1300.89,1.3624,76,1357.19,1.4928
minus1:A-B-C-D-E-G-H,minus1,ABCDEGH,7,642,-14.33,0.9991,-0.0154,-39.029,297,1030.87,0.0471,345,-1045.2,-0.0692,191,-1175.4,0.6823,192,-615.38,0.8874,186,458.3,1.1059,73,1318.15,1.4646
minus1:A-B-C-D-F-G-H,minus1,ABCDFGH,7,764,-530.19,0.9729,-0.0304,-49.7423,359,890.72,0.0328,405,-1420.91,-0.0863,229,-1119.7,0.7402,222,-1159.63,0.821,223,1077.83,1.2157,90,671.31,1.1769
minus1:A-B-C-E-F-G-H,minus1,ABCEFGH,7,772,697.31,1.036,0.0,-40.3826,359,793.72,0.0287,413,-96.41,-0.0249,227,-1113.7,0.7405,220,-651.93,0.8959,233,1291.89,1.2499,92,1171.06,1.3217
minus1:A-B-D-E-F-G-H,minus1,ABDEFGH,7,763,361.75,1.0188,-0.0088,-41.603,360,837.66,0.0296,403,-475.91,-0.0431,226,-1003.2,0.7624,218,-892.63,0.857,225,1061.47,1.2109,94,1196.12,1.3205
minus1:A-C-D-E-F-G-H,minus1,ACDEFGH,7,775,144.87,1.0074,-0.0123,-45.8247,360,756.47,0.0255,415,-611.6,-0.0452,228,-1062.28,0.7535,220,-988.69,0.8421,234,1027.28,1.1935,93,1168.56,1.3143
minus1:B-C-D-E-F-G-H,minus1,BCDEFGH,7,722,1960.01,1.1155,0.0208,-32.6034,351,1898.97,0.069,371,61.04,-0.0247,215,-803.7,0.7932,198,-96.97,0.9817,230,1287.53,1.2547,79,1573.16,1.5784
minus2adj:A-B-C-D-E-F,minus2adj,ABCDEF,6,470,1512.46,1.1211,0.0605,-20.1504,199,1226.38,0.1164,271,286.08,0.0195,126,173.65,1.087,142,-1006.33,0.7814,134,1202.28,1.3713,68,1142.86,1.4312
minus2adj:A-B-C-D-E-H,minus2adj,ABCDEH,6,391,788.0,1.0807,0.0445,-13.2615,165,815.89,0.0978,226,-27.88,0.0057,106,-206.8,0.8793,129,-769.68,0.8017,105,472.64,1.1988,51,1291.85,1.7211
minus2adj:A-B-C-D-G-H,minus2adj,ABCDGH,6,595,-1162.27,0.9247,-0.0509,-50.1482,277,680.12,0.032,318,-1842.39,-0.1231,182,-1323.4,0.632,183,-792.88,0.8496,165,269.1,1.0709,65,684.9,1.2476
minus2adj:A-B-C-F-G-H,minus2adj,ABCFGH,6,727,-638.38,0.9657,-0.0334,-49.5508,341,402.97,0.0102,386,-1041.35,-0.072,219,-1250.95,0.7036,209,-995.43,0.8359,214,1136.69,1.2422,85,471.31,1.1296
minus2adj:A-B-E-F-G-H,minus2adj,ABEFGH,6,721,369.62,1.0206,-0.0061,-38.0271,336,401.47,0.0137,385,-31.85,-0.0234,214,-1038.7,0.7427,205,-611.43,0.8938,215,1101.39,1.2333,87,918.37,1.2659
minus2adj:A-D-E-F-G-H,minus2adj,ADEFGH,6,726,32.68,1.0018,-0.0197,-45.4618,342,588.16,0.0132,384,-555.48,-0.0491,217,-1083.03,0.7391,202,-756.63,0.8665,217,878.72,1.1814,90,993.62,1.2722
minus2adj:C-D-E-F-G-H,minus2adj,CDEFGH,6,686,1295.78,1.0798,0.0032,-38.8073,333,1320.97,0.0414,353,-25.19,-0.0329,206,-883.53,0.7684,183,-218.04,0.9554,222,985.28,1.1993,75,1412.07,1.5437
