touched_at,side,entry_price,sign,sigma_day,vol_close_prior,ib_range_pts,level_distance_from_open_pts,side_direction,entry_hour_et,day_of_week,dist_prior_bar_close_pts,trailing_5session_avg_ib_range_pts,stop_distance_R_cap,year,exit_reason,pnl,cutoff_ts,mae_pts,mfe_pts,mae_R,mfe_R,_vol_tercile,_tod_bucket
2023-06-05 03:52:00-04:00,lower,1954.5703721732884,1.0,25.684378072512477,20.459999084472656,14.700000000000045,38.22962782671152,1.0,3.8666666666666667,0,1.1296278267116122,10.900000000000091,5.25,2023,TP,5.25,2023-06-05 05:39:00-04:00,0.5703721732884333,5.929627826711567,0.10864231872160633,1.1294529193736318,mid,pre-11:00
2023-06-05 08:40:00-04:00,lower,1953.9967884276596,1.0,27.666534317761073,22.1200008392334,10.900000000000091,31.503211572340433,1.0,8.666666666666666,0,0.30321157234038765,10.900000000000091,9.149999999999864,2023,TP,9.149999999999864,2023-06-05 09:45:00-04:00,0.19678842765961235,9.803211572340388,0.021506931984657408,1.0713892428787468,mid,pre-11:00
2023-06-14 20:51:00-04:00,lower,1949.2581947685348,1.0,23.251962208114463,18.65999984741211,7.7999999999999545,28.84180523146506,1.0,20.85,2,2.1418052314652414,11.400000000000045,3.75,2023,SL,-3.75,2023-06-14 21:57:00-04:00,4.058194768534804,2.1418052314652414,1.082185271609281,0.5711480617240644,low,15:00-24:00
2023-06-20 10:00:00-04:00,lower,1942.085650342959,1.0,25.17864093156628,20.280000686645508,8.799999999999955,28.81434965704102,1.0,10.0,1,1.0143496570408388,9.480000000000018,21.899999999999864,2023,cutoff,7.514349657040839,2023-06-20 15:00:00-04:00,1.2856503429591157,7.814349657041021,0.05870549511228876,0.3568196190429712,mid,pre-11:00
2023-06-21 08:22:00-04:00,lower,1940.2965219591533,1.0,24.188563087876457,19.549999237060547,2.1000000000001364,23.803478040846585,1.0,8.366666666666667,2,0.5034780408466304,9.680000000000017,3.300000000000068,2023,TP,3.300000000000068,2023-06-21 08:30:00-04:00,2.296521959153324,4.303478040846585,0.6959157451979626,1.3040842548019684,mid,pre-11:00
2023-06-21 09:37:00-04:00,lower,1934.4603613377337,1.0,23.84743332855029,19.290000915527344,10.099999999999909,28.03963866226627,1.0,9.616666666666667,2,5.439638662266361,12.800000000000068,14.550000000000068,2023,cutoff,12.63963866226618,2023-06-21 15:00:00-04:00,5.160361337733775,14.339638662266225,0.35466400946623716,0.9855421761007669,low,pre-11:00
2023-06-28 02:43:00-04:00,lower,1919.3562765746904,1.0,24.014916766640745,19.549999237060547,8.900000000000091,30.643723425309645,1.0,2.716666666666667,2,1.1437234253096449,8.180000000000017,2.699999999999932,2023,SL,-2.7000000000000455,2023-06-28 05:48:00-04:00,3.0562765746904006,1.743723425309554,1.131954286922399,0.6458234908554067,low,pre-11:00
2023-06-29 08:33:00-04:00,lower,1909.2376112938223,1.0,23.546074680627722,19.290000915527344,7.0,28.462388706177762,1.0,8.55,3,1.7623887061777168,8.240000000000055,2.8500000000001364,2023,SL,-2.8500000000001364,2023-06-29 08:42:00-04:00,2.9376112938223287,1.7623887061777168,1.0307408048498905,0.6183820021675903,low,pre-11:00
2023-07-06 08:30:00-04:00,lower,1912.6604625653388,1.0,24.227758081153247,19.8700008392334,1.2000000000000455,22.939537434661133,1.0,8.5,3,3.639537434661179,8.5,4.800000000000068,2023,TP,4.800000000000068,2023-07-06 09:21:00-04:00,4.160462565338776,5.03953743466127,0.8667630344455659,1.0499036322210828,mid,pre-11:00
2023-07-11 22:22:00-04:00,upper,1946.1668005481342,-1.0,24.25739190014586,20.07999992370605,9.299999999999955,28.466800548134188,-1.0,22.366666666666667,1,2.366800548134279,9.85999999999999,5.100000000000136,2023,TP,5.100000000000136,2023-07-12 02:36:00-04:00,0.23319945186585755,5.166800548134233,0.04572538271879437,1.0130981466929598,mid,15:00-24:00
2023-07-12 08:30:00-04:00,upper,1946.830171156454,-1.0,24.05453386571113,19.90999984741211,10.399999999999864,28.93017115645398,-1.0,8.5,2,6.43017115645398,6.5,4.649999999999864,2023,SL,-4.649999999999864,2023-07-12 08:33:00-04:00,5.06982884354602,6.93017115645398,1.0902857728056277,1.4903593884847706,mid,pre-11:00
2023-07-13 03:05:00-04:00,upper,1967.3879028289705,-1.0,24.280329161924506,19.8700008392334,10.199999999999818,27.587902828970527,-1.0,3.0833333333333335,3,0.18790282897043653,6.320000000000027,10.949999999999932,2023,BE,-0.0,2023-07-13 04:04:00-04:00,0.4120971710294725,3.487902828970391,0.03763444484287444,0.3185299387187592,mid,pre-11:00
2023-07-13 08:30:00-04:00,upper,1968.2834765539696,-1.0,24.87334408040166,20.3700008392334,12.099999999999909,29.883476553969558,-1.0,8.5,3,4.483476553969695,9.220000000000027,4.350000000000136,2023,TP,4.350000000000136,2023-07-13 08:31:00-04:00,0.2165234460303509,8.583476553969604,0.04977550483456186,1.9732130009124906,mid,pre-11:00
2023-07-18 07:16:00-04:00,upper,1969.9824637094644,-1.0,24.383112727678796,19.950000762939453,12.799999999999955,29.78246370946431,-1.0,7.266666666666667,1,2.1824637094644004,7.480000000000018,4.050000000000068,2023,SL,-4.050000000000182,2023-07-18 07:16:00-04:00,5.917536290535736,2.1824637094644004,1.4611200717371942,0.5388799282628058,mid,pre-11:00
2023-07-19 22:02:00-04:00,upper,1988.773798412589,-1.0,24.10195479629259,19.479999542236328,4.0,24.67379841258912,-1.0,22.033333333333335,2,1.3737984125889398,6.740000000000054,9.150000000000205,2023,BE,-0.0,2023-07-19 22:56:00-04:00,0.12620158741106025,2.6737984125891217,0.013792523214323216,0.29221840574743846,mid,15:00-24:00
2023-07-24 19:27:00-04:00,lower,1954.7736647947222,1.0,24.05036435356267,19.290000915527344,4.400000000000091,24.426335205277837,1.0,19.45,0,0.5263352052777464,6.759999999999991,1.6500000000002046,2023,TP,1.6500000000002046,2023-07-24 20:33:00-04:00,0.17366479472229912,1.7263352052777918,0.10525139074077429,1.0462637607742895,low,15:00-24:00
2023-07-25 10:00:00-04:00,lower,1952.4966670725025,1.0,24.568840138584246,19.68000030517578,6.7999999999999545,29.303332927497422,1.0,10.0,1,5.603332927497377,6.240000000000009,7.949999999999932,2023,TP,7.949999999999932,2023-07-25 10:05:00-04:00,0.8966670725026233,8.403332927497559,0.11278831100662026,1.0570230097481297,mid,pre-11:00
2023-07-27 10:06:00-04:00,lower,1942.4362740875738,1.0,24.145354252637166,19.43000030517578,10.799999999999955,30.263725912426253,1.0,10.1,3,0.5637259124262073,5.560000000000036,26.100000000000136,2023,BE,0.0,2023-07-27 10:53:00-04:00,0.23627408757374724,4.463725912426298,0.009052647033476859,0.17102398131901436,mid,pre-11:00
2023-07-27 20:00:00-04:00,upper,1986.3,-1.0,23.401190049436742,18.989999771118164,13.400000000000091,30.09999999999991,-1.0,20.0,3,38.899999999999864,7.059999999999991,4.800000000000068,2023,BE,-0.0,2023-07-27 21:03:00-04:00,0.2999999999999545,1.599999999999909,0.06249999999998964,0.33333333333330967,low,15:00-24:00
2023-07-27 21:37:00-04:00,upper,1988.6624383088272,-1.0,24.470041640029425,19.82999992370605,10.900000000000091,29.762438308827086,-1.0,21.616666666666667,3,0.3624383088272225,6.939999999999964,2.8499999999997954,2023,BE,-0.0,2023-07-27 22:31:00-04:00,0.837561691172823,2.062438308827268,0.29388129514838,0.7236625645008478,mid,15:00-24:00
2023-07-27 23:00:00-04:00,upper,1990.5339998097222,-1.0,24.982608488828625,20.200000762939453,5.2999999999999545,27.233999809722263,-1.0,23.0,3,0.33399980972217236,6.8,5.700000000000273,2023,BE,-0.0,2023-07-27 23:49:00-04:00,2.1660001902778276,2.7339998097222633,0.38000003338205685,0.4796490894249355,mid,15:00-24:00
2023-07-28 07:23:00-04:00,upper,1994.492717734614,-1.0,24.44860623327598,19.709999084472656,4.900000000000091,25.392717734614052,-1.0,7.383333333333334,4,0.29271773461391604,6.959999999999991,5.550000000000068,2023,SL,-5.550000000000182,2023-07-28 11:08:00-04:00,5.907282265386129,3.9927177346139615,1.0643751829524426,0.7194086008313356,mid,pre-11:00
2023-07-31 08:31:00-04:00,upper,2003.0637259124264,-1.0,24.145354252637166,19.43000030517578,10.799999999999955,30.36372591242639,-1.0,8.516666666666667,0,2.363725912426389,5.560000000000036,4.949999999999932,2023,BE,-0.0,2023-07-31 09:28:00-04:00,2.3362740875736563,2.363725912426389,0.4719745631461997,0.4775203863487721,mid,pre-11:00
2023-07-31 09:32:00-04:00,upper,2005.6263352052779,-1.0,24.05036435356267,19.290000915527344,4.400000000000091,26.426335205277837,-1.0,9.533333333333333,0,0.22633520527779183,6.759999999999991,14.850000000000136,2023,cutoff,0.22633520527779183,2023-07-31 15:00:00-04:00,5.273664794722208,1.6263352052778828,0.35512894240553267,0.10951752224093386,low,pre-11:00
2023-08-02 10:11:00-04:00,lower,1977.929426729827,1.0,23.881057902361984,18.920000076293945,7.400000000000091,25.770573270173145,1.0,10.183333333333334,2,1.370573270173054,8.480000000000018,6.449999999999932,2023,SL,-6.449999999999818,2023-08-02 10:29:00-04:00,6.8294267298269915,1.5705732701730994,1.0588258495855913,0.24349973180978543,low,pre-11:00
2023-08-03 03:07:00-04:00,lower,1966.2422235535325,1.0,24.899757007029788,19.82999992370605,5.7999999999999545,27.057776446467415,1.0,3.1166666666666667,3,0.35777644646736917,8.380000000000019,5.550000000000068,2023,TP,5.550000000000068,2023-08-03 03:32:00-04:00,0.44222355353258536,5.75777644646746,0.07967991955541981,1.0374371975616918,mid,pre-11:00
2023-08-04 08:30:00-04:00,lower,1956.4642364100148,1.0,24.16930824998386,19.31999969482422,10.299999999999955,29.4357635899853,1.0,8.5,4,9.735763589985254,8.480000000000064,3.450000000000273,2023,TP,3.450000000000273,2023-08-04 08:31:00-04:00,1.9642364100147915,17.135763589985118,0.5693438869607641,4.966887997096743,mid,pre-11:00
2023-08-14 08:11:00-04:00,lower,1941.385645080157,1.0,27.40690752156847,22.020000457763672,9.200000000000045,34.414354919842935,1.0,8.183333333333334,0,0.9143549198429355,7.040000000000054,2.4000000000002046,2023,SL,-2.4000000000003183,2023-08-14 08:24:00-04:00,3.6856450801569736,1.014354919843072,1.5356854500652748,0.4226478832679106,mid,pre-11:00
2023-08-15 08:30:00-04:00,lower,1931.367262780136,1.0,25.687757847678274,20.81999969482422,5.099999999999909,27.23273721986402,1.0,8.5,1,3.2327372198640205,7.400000000000046,3.449999999999932,2023,SL,-3.4500000000000455,2023-08-15 08:32:00-04:00,3.8672627801358885,5.332737219864157,1.1209457333727435,1.5457209332939892,mid,pre-11:00
2023-08-16 20:47:00-04:00,lower,1921.2709051545182,1.0,23.401190049436742,18.989999771118164,13.400000000000091,34.92909484548181,1.0,20.783333333333335,2,0.129094845481859,7.059999999999991,3.0,2023,TP,3.0,2023-08-17 02:23:00-04:00,2.4709051545182774,3.0290948454817226,0.8236350515060925,1.0096982818272409,low,15:00-24:00
2023-08-24 00:47:00-04:00,upper,1950.6481982975904,-1.0,26.519780758250388,21.88999938964844,5.900000000000091,27.448198297590352,-1.0,0.7833333333333333,3,1.0481982975904884,5.959999999999991,3.300000000000068,2023,BE,-0.0,2023-08-24 02:50:00-04:00,0.551801702409648,2.6481982975903975,0.16721263709382927,0.8024843326031341,mid,pre-11:00
2023-08-29 10:09:00-04:00,upper,1960.6264163870442,-1.0,26.87653955113522,22.07999992370605,7.0,28.32641638704422,-1.0,10.15,1,0.6264163870441735,5.6199999999999815,7.949999999999932,2023,cutoff,-3.9735836129557356,2023-08-29 15:00:00-04:00,5.8735836129558265,3.7264163870440825,0.7388155487994814,0.4687316210118383,mid,pre-11:00
2023-08-30 08:15:00-04:00,upper,1970.3414360758507,-1.0,26.131995734620418,21.36000061035156,5.5,28.241436075850743,-1.0,8.25,2,3.341436075850652,7.5,3.9000000000002046,2023,SL,-3.900000000000091,2023-08-30 09:30:00-04:00,4.458563924149303,3.741436075850743,1.1432215190125816,0.9593425835514222,mid,pre-11:00
2023-09-01 08:30:00-04:00,upper,1978.3285111368025,-1.0,25.791859931307172,21.030000686645508,8.699999999999818,31.4285111368024,-1.0,8.5,4,6.32851113680249,6.4200000000000275,2.8500000000001364,2023,TP,2.8500000000001364,2023-09-01 08:44:00-04:00,1.8714888631975555,8.82851113680249,0.6566627590166547,3.0977232058954622,mid,pre-11:00
2023-09-06 03:59:00-04:00,lower,1948.0860380700212,1.0,24.03691514128115,19.32999992370605,5.099999999999909,25.91396192997877,1.0,3.9833333333333334,2,0.11396192997881371,8.119999999999981,4.349999999999795,2023,BE,0.0,2023-09-06 05:33:00-04:00,0.5860380700212318,2.2139619299787228,0.13472139540718606,0.508956765512374,low,pre-11:00
2023-09-06 10:02:00-04:00,lower,1944.6254816226256,1.0,23.667954758015828,19.06999969482422,4.2999999999999545,25.57451837737449,1.0,10.033333333333333,2,1.1745183773743975,6.959999999999991,12.75,2023,cutoff,-2.125481622625557,2023-09-06 15:00:00-04:00,4.625481622625557,4.1745183773743975,0.3627828723627888,0.3274132060685802,low,pre-11:00
2023-09-12 08:25:00-04:00,lower,1930.6049823501544,1.0,22.71197570635396,18.40999984741211,7.400000000000091,27.795017649845704,1.0,8.416666666666666,1,1.795017649845704,7.819999999999982,6.600000000000136,2023,TP,6.600000000000136,2023-09-12 10:35:00-04:00,0.704982350154296,6.995017649845522,0.10681550759913355,1.0598511590674815,low,pre-11:00
2023-09-14 08:30:00-04:00,lower,1925.6772464228588,1.0,23.55734084471868,19.14999961853028,5.900000000000091,27.12275357714111,1.0,8.5,3,3.522753577141202,6.240000000000009,2.8499999999997954,2023,SL,-2.849999999999909,2023-09-14 08:30:00-04:00,3.977246422858798,3.6227535771411112,1.39552506065231,1.2711416060145162,low,pre-11:00
2023-09-15 10:00:00-04:00,upper,1948.994684527599,-1.0,21.89639622565121,18.06999969482422,5.599999999999909,25.39468452759911,-1.0,10.0,4,2.7946845275989745,5.4200000000000275,15.299999999999727,2023,cutoff,3.49468452759902,2023-09-15 15:00:00-04:00,3.405315472401071,4.7946845275989745,0.2225696387190282,0.31337807369928494,low,pre-11:00
2023-09-18 19:30:00-04:00,upper,1955.8371651536338,-1.0,22.92083168873256,18.84000015258789,3.7000000000000455,24.53716515363385,-1.0,19.5,0,0.33716515363380495,6.940000000000055,1.0500000000000682,2023,TP,1.0500000000000682,2023-09-18 20:29:00-04:00,0.16283484636619505,1.1371651536337595,0.15508080606303284,1.0830144320320816,low,15:00-24:00
2023-09-20 09:43:00-04:00,upper,1961.054734910367,-1.0,23.42905968518138,19.209999084472656,4.5,24.95473491036705,-1.0,9.716666666666667,2,2.754734910367006,6.2000000000000455,5.25,2023,SL,-5.25,2023-09-20 11:11:00-04:00,5.545265089632949,2.754734910367006,1.056240969453895,0.5247114114984773,low,pre-11:00
2023-09-25 22:35:00-04:00,lower,1931.8038183234066,1.0,23.36541486586224,18.959999084472656,3.7000000000000455,24.496181676593324,1.0,22.583333333333332,0,0.4961816765933236,4.759999999999946,1.8000000000000682,2023,BE,0.0,2023-09-25 23:52:00-04:00,0.10381832340658548,1.3961816765934145,0.057676846336989746,0.775656486996312,low,15:00-24:00
2023-09-26 08:38:00-04:00,lower,1926.8459831543532,1.0,23.645670484398746,19.209999084472656,10.799999999999955,27.154016845646765,1.0,8.633333333333333,1,0.6540168456467654,4.759999999999946,4.800000000000068,2023,SL,-4.800000000000182,2023-09-26 11:07:00-04:00,8.145983154353189,2.95401684564672,1.697079823823557,0.6154201761763912,low,pre-11:00
2023-09-27 00:30:00-04:00,lower,1915.2193128881993,1.0,26.935529469348577,22.01000022888184,4.300000000000182,27.480687111800762,1.0,0.5,2,0.38068711180062564,5.379999999999972,2.4000000000002046,2023,SL,-2.4000000000003183,2023-09-27 05:42:00-04:00,2.419312888199329,1.7806871118007166,1.0080470367496344,0.7419529632502353,mid,pre-11:00
2023-10-09 20:06:00-04:00,upper,1878.4278817046243,-1.0,24.812914896330824,21.280000686645508,6.599999999999909,27.42788170462427,-1.0,20.1,0,0.027881704624178383,5.580000000000018,3.75,2023,BE,-0.0,2023-10-09 21:01:00-04:00,0.6721182953756397,3.5278817046241784,0.17923154543350392,0.9407684545664475,mid,15:00-24:00
2023-10-11 06:23:00-04:00,upper,1885.1153605939965,-1.0,25.07104412390907,21.40999984741211,3.7000000000000455,26.215360593996365,-1.0,6.383333333333334,2,0.11536059399645637,7.8,3.1500000000002046,2023,SL,-3.1500000000003183,2023-10-11 06:44:00-04:00,3.2846394060036346,0.11536059399645637,1.0427426685725147,0.03662241079252345,mid,pre-11:00
2023-10-12 07:15:00-04:00,upper,1895.6797235990502,-1.0,25.6844821728807,21.81999969482422,4.2999999999999545,27.07972359905034,-1.0,7.25,3,0.27972359905015765,7.220000000000027,3.1499999999998636,2023,TP,3.1499999999998636,2023-10-12 08:33:00-04:00,2.620276400949706,3.5797235990503395,0.8318337780793077,1.1364201901747601,mid,pre-11:00
2023-10-13 07:55:00-04:00,upper,1911.0345509120425,-1.0,25.091903165263577,21.1299991607666,4.7999999999999545,25.934550912042596,-1.0,7.916666666666667,4,0.4345509120425959,6.1,4.649999999999864,2023,SL,-4.649999999999864,2023-10-13 08:26:00-04:00,7.065449087957404,1.8345509120424595,1.5194514167650777,0.394527077858605,mid,pre-11:00
2023-10-17 21:28:00-04:00,upper,1949.5603479138051,-1.0,24.956899906309822,20.6299991607666,7.199999999999818,29.160347913805026,-1.0,21.466666666666665,1,4.460347913805208,5.7000000000000455,8.100000000000136,2023,SL,-8.100000000000136,2023-10-18 05:36:00-04:00,8.239652086194837,4.560347913805117,1.0172409982956419,0.5630059152845729,mid,15:00-24:00
2023-10-20 04:21:00-04:00,upper,1996.1286926822486,-1.0,28.998579002443975,23.440000534057617,6.7000000000000455,32.22869268224849,-1.0,4.35,4,0.4286926822485384,8.719999999999981,6.0,2023,BE,-0.0,2023-10-20 05:09:00-04:00,1.0713073177514616,3.3286926822486294,0.1785512196252436,0.5547821137081049,high,pre-11:00
2023-10-20 10:00:00-04:00,upper,2000.8852914624256,-1.0,27.15792550263632,21.959999084472656,12.799999999999955,37.68529146242554,-1.0,10.0,4,1.685291462425539,7.1199999999999815,18.300000000000068,2023,cutoff,9.785291462425675,2023-10-20 15:00:00-04:00,8.314708537574461,15.285291462425675,0.45435565779095244,0.835261828547848,mid,pre-11:00
2023-11-07 02:01:00-05:00,lower,1977.12167472001,1.0,30.954701391293266,24.440000534057617,5.099999999999909,33.478325279989804,1.0,2.0166666666666666,1,0.4783252799898037,7.6,4.350000000000136,2023,SL,-4.350000000000136,2023-11-07 03:55:00-05:00,4.621674720010105,0.4783252799898037,1.0624539586229793,0.10995983448041119,high,pre-11:00
2023-11-08 10:40:00-05:00,lower,1958.3175612861896,1.0,31.17656381935921,24.850000381469727,6.2999999999999545,33.28243871381028,1.0,10.666666666666666,2,1.3824387138104157,8.8,10.349999999999795,2023,BE,0.0,2023-11-08 12:31:00-05:00,1.5175612861896752,5.68243871381037,0.14662427885890872,0.549027895054153,high,pre-11:00
2023-11-09 03:13:00-05:00,lower,1952.1056886095796,1.0,31.73294716350064,25.309999465942383,9.0,38.19431139042035,1.0,3.216666666666667,3,0.19431139042035284,9.95999999999999,2.8499999999997954,2023,SL,-2.8499999999996817,2023-11-09 03:19:00-05:00,3.805688609579647,0.29431139042048926,1.335329336694709,0.10326715453351241,high,pre-11:00
2023-11-10 10:49:00-05:00,lower,1944.5823484591474,1.0,23.1713603704918,18.64999961853028,7.0,27.717651540852557,1.0,10.816666666666666,4,0.517651540852512,9.420000000000073,9.899999999999864,2023,cutoff,-5.482348459147488,2023-11-10 15:00:00-05:00,7.682348459147306,3.317651540852694,0.775994793853274,0.33511631725785246,low,pre-11:00
2023-11-14 08:32:00-05:00,upper,1961.9669507049714,-1.0,21.920598592360104,17.950000762939453,4.7000000000000455,23.366950704971487,-1.0,8.533333333333333,1,1.2669507049713502,5.779999999999927,2.8500000000001364,2023,TP,2.8500000000001364,2023-11-14 08:35:00-05:00,2.4330492950286953,2.9669507049713957,0.8537015070275715,1.041035335077633,low,pre-11:00
2023-11-15 05:22:00-05:00,upper,1976.7988871328553,-1.0,23.36835557919046,19.01000022888184,7.099999999999909,25.39888713285518,-1.0,5.366666666666666,2,0.29888713285527047,6.859999999999945,3.449999999999932,2023,TP,3.449999999999932,2023-11-15 08:31:00-05:00,2.401112867144775,4.198887132855361,0.6959747440999485,1.2170687341609985,low,pre-11:00
2023-11-16 09:47:00-05:00,upper,1985.093380431362,-1.0,22.384109164523935,18.15999984741211,8.199999999999818,28.393380431361948,-1.0,9.783333333333333,3,1.193380431361902,6.3,14.399999999999864,2023,cutoff,-1.7066195686379615,2023-11-16 15:00:00-05:00,6.006619568637916,3.493380431362084,0.41712635893319255,0.2425958632890359,low,pre-11:00
2023-11-17 04:06:00-05:00,upper,1992.1016211672104,-1.0,22.88219692088085,18.450000762939453,3.7999999999999545,23.301621167210442,-1.0,4.1,4,0.20162116721030543,8.760000000000037,7.200000000000273,2023,TP,7.200000000000273,2023-11-17 09:36:00-05:00,4.298378832789695,7.701621167210305,0.5969970601096571,1.0696696065569464,low,pre-11:00
2023-11-20 22:54:00-05:00,upper,1995.4589165907014,-1.0,21.585778902936333,17.40999984741211,7.899999999999864,27.258916590701347,-1.0,22.9,0,0.25891659070134665,8.9,5.700000000000273,2023,BE,-0.0,2023-11-21 02:33:00-05:00,0.7410834092986534,4.158916590701438,0.13001463321028384,0.7296344895967085,low,15:00-24:00
2023-11-21 08:20:00-05:00,upper,1997.1214395399222,-1.0,23.284173412958893,18.81999969482422,12.099999999999909,33.12143953992222,-1.0,8.333333333333334,1,2.6214395399222212,6.159999999999945,4.199999999999932,2023,SL,-4.2000000000000455,2023-11-21 08:30:00-05:00,5.578560460077824,2.6214395399222212,1.328228680970932,0.6241522714100628,low,pre-11:00
2023-11-26 20:26:00-05:00,upper,2011.681227156685,-1.0,22.316551257266358,17.829999923706055,6.7999999999999545,24.781227156684963,-1.0,20.433333333333334,6,0.6812271566850541,8.95999999999999,3.449999999999932,2023,SL,-3.449999999999818,2023-11-26 20:27:00-05:00,7.218772843315037,0.8812271566850995,2.0923979255986027,0.2554281613580049,low,15:00-24:00
2023-11-27 19:00:00-05:00,upper,2037.3,-1.0,28.187995843790315,22.459999084472656,16.100000000000136,45.0,-1.0,19.0,0,21.700000000000045,7.5,2.8500000000001364,2023,TP,2.8500000000001364,2023-11-27 20:29:00-05:00,1.6000000000001364,3.0,0.5614035087719508,1.052631578947318,high,15:00-24:00
2023-11-28 08:42:00-05:00,upper,2042.188660683303,-1.0,29.82463117750308,23.61000061035156,10.300000000000182,36.88866068330299,-1.0,8.7,1,3.9886606833028964,6.819999999999982,3.0,2023,TP,3.0,2023-11-28 08:48:00-05:00,1.1113393166970127,4.288660683302851,0.37044643889900425,1.4295535611009502,high,pre-11:00
2023-11-28 20:00:00-05:00,upper,2071.5146940157692,-1.0,21.211623930184494,16.440000534057617,6.199999999999818,23.31469401576942,-1.0,20.0,1,1.2146940157690551,3.9,9.75,2023,TP,9.75,2023-11-29 04:20:00-05:00,1.185305984230581,10.214694015769055,0.12156984453646985,1.047660924694262,low,15:00-24:00
2023-12-04 10:37:00-05:00,lower,2039.0559968508385,1.0,20.97174255343656,16.149999618530273,6.099999999999909,22.34400314916161,1.0,10.616666666666667,0,2.1440031491615628,3.859999999999991,23.399999999999864,2023,cutoff,10.644003149161335,2023-12-04 15:00:00-05:00,0.6559968508383918,11.2440031491617,0.02803405345463229,0.4805129550923831,low,pre-11:00
2023-12-05 10:37:00-05:00,lower,2031.4493901859444,1.0,21.413706319625213,16.520000457763672,6.600000000000364,26.25060981405545,1.0,10.616666666666667,1,1.4506098140557242,4.2999999999999545,22.350000000000136,2023,BE,0.0,2023-12-05 11:34:00-05:00,3.8493901859444577,6.150609814055542,0.17223222308476216,0.27519506998011206,low,pre-11:00
2023-12-08 09:22:00-05:00,lower,2023.1853059842304,1.0,21.211623930184494,16.440000534057617,6.199999999999818,25.014694015769464,1.0,9.366666666666667,4,1.5146940157696918,3.9,26.399999999999864,2023,BE,0.0,2023-12-08 11:05:00-05:00,4.685305984230354,8.1146940157696,0.17747371152387795,0.30737477332460766,low,pre-11:00
2023-12-11 10:37:00-05:00,lower,1996.5829751917265,1.0,21.75763566116663,17.079999923706055,9.299999999999955,25.617024808273527,1.0,10.616666666666667,0,0.3170248082735725,9.980000000000018,12.150000000000205,2023,BE,0.0,2023-12-11 11:23:00-05:00,0.382975191726473,3.4170248082734815,0.03152059191164334,0.2812366097344382,low,pre-11:00
2023-12-13 19:30:00-05:00,upper,2050.567024808273,-1.0,21.75763566116663,17.079999923706055,9.299999999999955,28.367024808272845,-1.0,19.5,2,1.4670248082729813,9.980000000000018,13.050000000000068,2023,BE,-0.0,2023-12-14 01:06:00-05:00,2.9329751917271096,6.367024808272845,0.22474905683732524,0.4878946213235871,low,15:00-24:00
2023-12-19 10:22:00-05:00,upper,2058.6655546014695,-1.0,19.85386369724979,15.470000267028809,4.2999999999999545,21.365554601469512,-1.0,10.366666666666667,1,0.46555460146964833,5.4200000000000275,20.25,2023,BE,-0.0,2023-12-19 11:17:00-05:00,0.7344453985306245,5.8655546014692845,0.036268908569413554,0.2896570173565079,low,pre-11:00
2023-12-22 05:26:00-05:00,upper,2068.513870799897,-1.0,22.13464217380105,17.209999084472656,10.599999999999909,26.81387079989713,-1.0,5.433333333333334,4,0.5138707998971768,7.820000000000073,4.799999999999727,2023,BE,-0.0,2023-12-22 06:12:00-05:00,0.7861292001030051,1.6138707998970858,0.16377691668813538,0.336223083311912,low,pre-11:00
2023-12-22 06:14:00-05:00,upper,2069.4030341654106,-1.0,19.894602353707146,15.420000076293944,4.2000000000000455,21.303034165410736,-1.0,6.233333333333333,4,0.303034165410736,6.440000000000009,6.0,2023,SL,-6.0,2023-12-22 07:29:00-05:00,7.296965834589173,0.4030341654106451,1.2161609724315288,0.06717236090177418,low,pre-11:00
2023-12-27 10:37:00-05:00,upper,2091.440108544214,-1.0,21.076204939363105,16.209999084472656,9.099999999999909,27.440108544214127,-1.0,10.616666666666667,2,1.1401085442139447,6.580000000000109,9.44999999999959,2023,BE,-0.0,2023-12-27 11:23:00-05:00,2.3598914557860553,3.5401085442140356,0.24972396357525475,0.3746146607634062,low,pre-11:00
2023-12-27 20:54:00-05:00,upper,2096.0566384207614,-1.0,21.691998283436437,16.6200008392334,7.400000000000091,24.156638420761283,-1.0,20.9,2,0.8566384207615556,6.459999999999991,2.8500000000001364,2023,BE,-0.0,2023-12-27 21:40:00-05:00,1.6433615792384444,1.0566384207613737,0.5766180979783739,0.37075032307414846,low,15:00-24:00
2024-01-03 05:29:00-05:00,lower,2060.950524573895,1.0,21.30377763707015,16.219999313354492,6.600000000000364,24.04947542610489,1.0,5.483333333333333,2,1.1494754261048001,5.819999999999982,9.75,2024,BE,0.0,2024-01-03 06:16:00-05:00,0.550524573895018,3.1494754261048,0.05646405886102748,0.32302312062613336,low,pre-11:00
2024-01-03 06:58:00-05:00,lower,2055.0442706504496,1.0,22.50622755385854,17.18000030517578,5.300000000000182,24.555729349550347,1.0,6.966666666666667,2,0.6557293495502563,6.239999999999964,7.200000000000273,2024,SL,-7.200000000000273,2024-01-03 08:47:00-05:00,7.944270650449653,1.5557293495503473,1.103370923673521,0.21607352077087338,low,pre-11:00
2024-01-08 06:18:00-05:00,lower,2028.8918002723321,1.0,19.845869269204442,15.350000381469728,10.5,23.508199727667943,1.0,6.3,0,2.708199727667761,6.3599999999999905,3.75,2024,SL,-3.75,2024-01-08 06:18:00-05:00,6.191800272332102,2.708199727667761,1.6511467392885606,0.7221865940447363,low,pre-11:00
2024-01-11 08:30:00-05:00,upper,2054.6683105039574,-1.0,21.867728808649446,17.1299991607666,8.599999999999909,28.1683105039574,-1.0,8.5,3,12.068310503957491,9.499999999999954,5.25,2024,TP,5.25,2024-01-11 08:31:00-05:00,1.4316894960425088,24.56831050395749,0.27270276115095404,4.679678191229998,low,pre-11:00
2024-01-12 08:31:00-05:00,upper,2060.418969429061,-1.0,21.270618944630932,16.600000381469727,8.0,26.31896942906087,-1.0,8.516666666666667,4,2.3189694290608713,7.819999999999982,12.75,2024,BE,-0.0,2024-01-12 09:20:00-05:00,3.6810305709391287,3.9189694290607804,0.2887082800736572,0.30737015129888473,low,pre-11:00
2024-01-12 09:32:00-05:00,upper,2065.2095034086774,-1.0,21.695112400736367,16.860000610351562,4.0,22.509503408677347,-1.0,9.533333333333333,4,1.609503408677483,9.85999999999999,18.899999999999864,2024,TP,18.899999999999864,2024-01-12 12:35:00-05:00,2.0904965913227898,19.109503408677483,0.11060828525517485,1.0110848364379694,low,pre-11:00
2024-01-16 08:14:00-05:00,lower,2037.8459226087127,1.0,21.308779773138404,16.399999618530273,7.5,24.754077391287183,1.0,8.233333333333333,1,0.6540773912872737,8.45999999999999,7.050000000000068,2024,TP,7.050000000000068,2024-01-16 08:39:00-05:00,3.2459226087128172,7.254077391287183,0.4604145544273455,1.0289471477002996,low,pre-11:00
2024-01-17 09:11:00-05:00,lower,2020.2953600674841,1.0,21.30939123099534,16.540000915527344,5.900000000000091,24.90463993251592,1.0,9.183333333333334,2,2.40463993251592,5.8599999999999905,15.149999999999864,2024,SL,-15.149999999999864,2024-01-17 13:31:00-05:00,15.195360067484216,5.90463993251592,1.0029940638603534,0.3897452100670609,low,pre-11:00
2024-01-19 08:13:00-05:00,upper,2037.9213098036448,-1.0,23.718815003962014,18.700000762939453,2.8999999999998636,24.421309803644817,-1.0,8.216666666666667,4,0.5213098036447263,7.2000000000000455,5.550000000000068,2024,BE,-0.0,2024-01-19 09:00:00-05:00,3.9786901963552737,1.4213098036448173,0.7168811164604009,0.25609185651257654,low,pre-11:00
2024-01-25 08:30:00-05:00,lower,2006.6885375404659,1.0,23.00158962992826,17.950000762939453,7.100000000000136,27.511462459534187,1.0,8.5,3,10.011462459534187,6.180000000000018,6.449999999999932,2024,TP,6.449999999999932,2024-01-25 08:31:00-05:00,2.688537540465859,11.91146245953405,0.41682752565362596,1.8467383658192522,low,pre-11:00
2024-01-28 23:28:00-05:00,upper,2044.369975054227,-1.0,21.978233754594676,17.260000228881836,4.400000000000091,22.969975054227007,-1.0,23.466666666666665,6,0.16997505422705217,7.259999999999991,3.300000000000068,2024,BE,-0.0,2024-01-29 01:09:00-05:00,1.2300249457728114,1.7699750542271886,0.3727348320523594,0.5363560770385309,low,15:00-24:00
2024-01-29 01:57:00-05:00,upper,2046.878354807697,-1.0,21.6069073996704,16.959999084472656,6.0,24.47835480769686,-1.0,1.95,0,0.37835480769695096,6.639999999999963,3.450000000000273,2024,SL,-3.4500000000000455,2024-01-29 02:30:00-05:00,3.52164519230314,0.47835480769686,1.0207667224066266,0.13865356744835425,low,pre-11:00
2024-01-30 02:35:00-05:00,upper,2058.809066254521,-1.0,21.2055067983922,16.549999237060547,10.299999999999955,24.809066254520985,-1.0,2.5833333333333335,1,3.4090662545208943,7.1,6.0,2024,TP,6.0,2024-01-30 06:15:00-05:00,0.39093374547883286,6.109066254521167,0.06515562424647214,1.0181777090868611,low,pre-11:00
2024-01-30 09:12:00-05:00,upper,2059.661462459534,-1.0,23.00158962992826,17.950000762939453,7.100000000000136,25.461462459534005,-1.0,9.2,1,0.7614624595339592,6.180000000000018,7.049999999999727,2024,SL,-7.049999999999727,2024-01-30 09:25:00-05:00,7.538537540465768,1.061462459534141,1.0692961050306469,0.15056205099775632,low,pre-11:00
2024-01-31 09:42:00-05:00,upper,2068.354639932516,-1.0,21.30939123099534,16.540000915527344,5.900000000000091,23.15463993251592,-1.0,9.7,2,2.5546399325157836,5.8599999999999905,11.100000000000136,2024,cutoff,5.554639932515784,2024-01-31 15:00:00-05:00,6.245360067483944,10.954639932515875,0.5626450511246727,0.9869044984248414,low,pre-11:00
2024-02-05 04:32:00-05:00,lower,2037.1782397803465,1.0,22.632348064840834,17.389999389648438,9.0,28.82176021965347,1.0,4.533333333333333,0,0.42176021965337895,7.340000000000009,9.75,2024,BE,0.0,2024-02-05 08:21:00-05:00,1.3782397803465756,7.32176021965347,0.14135792618939236,0.7509497661183046,low,pre-11:00
2024-02-05 08:23:00-05:00,lower,2035.7973389149934,1.0,22.82897944022456,17.56999969482422,11.400000000000091,26.802661085006548,1.0,8.383333333333333,0,0.20266108500663904,8.3,8.25,2024,cutoff,6.802661085006548,2024-02-05 15:00:00-05:00,4.997338914993406,8.10266108500673,0.605738050302231,0.9821407375765734,low,pre-11:00
2024-02-07 09:48:00-05:00,upper,2060.643869508624,-1.0,22.058553813722046,17.219999313354492,7.2000000000000455,27.143869508623993,-1.0,9.8,2,1.6438695086239932,10.460000000000036,6.75,2024,TP,6.75,2024-02-07 10:15:00-05:00,0.6561304913761887,7.243869508623902,0.09720451724091685,1.073165853129467,low,pre-11:00
2024-02-13 08:47:00-05:00,lower,2019.5514041212675,1.0,22.009343346448386,17.030000686645508,11.799999999999955,32.048595878732385,1.0,8.783333333333333,1,5.448595878732476,6.719999999999982,2.550000000000068,2024,SL,-2.5499999999999545,2024-02-13 08:58:00-05:00,3.3514041212674783,5.348595878732567,1.3142761259872113,2.097488579895068,low,pre-11:00
2024-02-13 20:15:00-05:00,lower,2001.3184157324895,1.0,21.93650463859808,17.200000762939453,4.2000000000000455,23.281584267510425,1.0,20.25,1,2.081584267510607,7.440000000000009,3.75,2024,TP,3.75,2024-02-13 20:52:00-05:00,0.4184157324893931,3.781584267510425,0.11157752866383816,1.0084224713361134,low,15:00-24:00
2024-02-14 10:01:00-05:00,lower,1998.121645192303,1.0,21.6069073996704,16.959999084472656,6.0,24.278354807697042,1.0,10.016666666666667,2,0.878354807696951,6.639999999999963,9.449999999999932,2024,TP,9.449999999999932,2024-02-14 12:46:00-05:00,1.721645192302958,9.47835480769686,0.18218467643417677,1.0030005087509977,low,pre-11:00
2024-02-18 19:26:00-05:00,upper,2029.466663597108,-1.0,24.583329996856474,19.489999771118164,6.400000000000091,27.166663597108027,-1.0,19.433333333333334,6,0.26666359710793586,7.440000000000009,6.149999999999864,2024,cutoff,0.06666359710789038,2024-02-19 14:29:00-05:00,4.833336402891973,5.366663597108072,0.7859083581938342,0.8726282271720637,mid,15:00-24:00
2024-02-20 08:29:00-05:00,upper,2039.917878176086,-1.0,22.95421540878917,18.09000015258789,9.0,25.61787817608615,-1.0,8.483333333333333,1,0.6178781760861511,6.9200000000000275,2.699999999999932,2024,SL,-2.699999999999818,2024-02-20 08:45:00-05:00,2.78212182391394,1.0178781760860147,1.0304154903385223,0.37699191706890384,low,pre-11:00
2024-03-01 05:34:00-05:00,upper,2060.5365766089703,-1.0,23.572365879315953,18.38999938964844,4.599999999999909,25.73657660897038,-1.0,5.566666666666666,4,0.8365766089705176,3.7799999999999274,12.75,2024,SL,-12.75,2024-03-01 10:36:00-05:00,13.063423391029573,9.536576608970336,1.0245822267474176,0.7479667928604185,low,pre-11:00
2024-03-05 04:27:00-05:00,upper,2132.58302621906,-1.0,22.80763719463053,17.200000762939453,8.099999999999909,27.583026219059775,-1.0,4.45,1,0.28302621905959313,5.6400000000000095,14.100000000000136,2024,SL,-14.099999999999909,2024-03-05 08:33:00-05:00,14.816973780940316,3.383026219059957,1.0508492043219981,0.23993093752198044,low,pre-11:00
2024-03-08 03:29:00-05:00,upper,2172.2310631377254,-1.0,23.729416454049613,17.600000381469727,13.5,31.931063137725232,-1.0,3.4833333333333334,4,0.831063137725323,6.5,4.350000000000136,2024,SL,-4.349999999999909,2024-03-08 04:57:00-05:00,5.768936862274586,1.731063137725414,1.3261923821320472,0.39794554890238154,low,pre-11:00
2024-03-26 05:13:00-04:00,upper,2204.418768866857,-1.0,23.824748768322472,17.3799991607666,7.100000000000364,28.318768866857226,-1.0,5.216666666666667,1,1.4187688668571354,7.060000000000036,11.69999999999959,2024,SL,-11.699999999999818,2024-03-26 05:41:00-04:00,13.081231133142865,1.4187688668571354,1.1180539430037026,0.12126229631257993,low,pre-11:00
2024-03-28 06:46:00-04:00,upper,2233.0199871595087,-1.0,24.3695512603352,17.549999237060547,12.5,28.71998715950849,-1.0,6.766666666666667,3,1.6199871595085824,5.8,8.549999999999727,2024,TP,8.549999999999727,2024-03-28 09:54:00-04:00,5.680012840491145,9.319987159508855,0.664328987191968,1.0900569777203688,mid,pre-11:00
2024-04-05 10:26:00-04:00,upper,2329.379382697963,-1.0,26.281937715176635,18.18000030517578,11.700000000000273,34.47938269796305,-1.0,10.433333333333334,4,3.0793826979629557,11.38000000000011,25.350000000000136,2024,cutoff,-14.32061730203668,2024-04-05 15:00:00-04:00,20.620617302036862,3.1793826979633195,0.813436579962002,0.1254194358170928,mid,pre-11:00
2024-04-07 22:15:00-04:00,upper,2351.4658764495466,-1.0,29.09334396689847,19.950000762939453,11.400000000000091,36.46587644954661,-1.0,22.25,6,3.665876449546431,10.900000000000091,33.900000000000546,2024,cutoff,-6.234123550453205,2024-04-08 15:00:00-04:00,21.034123550453387,14.665876449546431,0.620475620957317,0.432621724175404,high,15:00-24:00
2024-04-10 09:13:00-04:00,lower,2341.5026575290244,1.0,28.040589642364825,18.770000457763672,8.299999999999727,29.997342470975582,1.0,9.216666666666667,2,4.297342470975764,10.28000000000011,34.95000000000027,2024,cutoff,5.6973424709754,2024-04-10 15:00:00-04:00,4.402657529024509,29.497342470975582,0.1259701725042768,0.8439869090407826,mid,pre-11:00
2024-04-11 21:01:00-04:00,upper,2405.5473424709753,-1.0,28.040589642364825,18.770000457763672,8.299999999999727,34.04734247097531,-1.0,21.016666666666666,3,3.847342470975491,10.28000000000011,6.600000000000136,2024,TP,6.600000000000136,2024-04-11 21:23:00-04:00,1.352657529024782,6.9473424709754,0.20494811045829606,1.0526276471174631,mid,15:00-24:00
2024-04-18 21:46:00-04:00,upper,2433.049536262623,-1.0,34.45601767676378,22.84000015258789,13.100000000000364,38.24953626262277,-1.0,21.766666666666666,3,3.9495362626230417,11.640000000000054,9.299999999999727,2024,TP,9.299999999999727,2024-04-18 21:50:00-04:00,0.25046373737723115,9.64953626262286,0.026931584664219195,1.0375845443680798,high,15:00-24:00
2024-04-22 02:46:00-04:00,lower,2369.585063665636,1.0,33.33145253735213,22.01000022888184,7.5,34.41493633436403,1.0,2.7666666666666666,0,2.614936334363847,12.600000000000183,14.399999999999864,2024,BE,0.0,2024-04-22 07:01:00-04:00,4.385063665636153,8.114936334363847,0.3045183101136246,0.5635372454419392,high,pre-11:00
2024-04-22 07:18:00-04:00,lower,2358.4332507014487,1.0,33.659510107120994,22.209999084472656,17.5,47.36674929855144,1.0,7.3,0,2.766749298551076,10.660000000000128,8.100000000000136,2024,SL,-8.100000000000364,2024-04-22 08:51:00-04:00,10.433250701448742,5.966749298551349,1.288055642154144,0.7366357158705246,high,pre-11:00
2024-04-22 21:38:00-04:00,lower,2330.5246551199743,1.0,28.234070521767,18.989999771118164,6.199999999999818,29.675344880025477,1.0,21.633333333333333,0,2.775344880025841,11.1,6.450000000000273,2024,SL,-6.450000000000273,2024-04-22 21:42:00-04:00,12.52465511997434,2.6753448800254773,1.941806995344777,0.4147821519419169,high,15:00-24:00
2024-04-30 08:24:00-04:00,lower,2319.8078618946784,1.0,30.208845766653727,20.3700008392334,7.5,34.392138105321465,1.0,8.4,1,1.0921381053217374,12.180000000000017,9.600000000000136,2024,SL,-9.600000000000364,2024-04-30 10:11:00-04:00,10.207861894678445,4.592138105321737,1.0633189473623228,0.47834771930434083,high,pre-11:00
2024-04-30 23:21:00-04:00,lower,2295.6791076094055,1.0,29.968361294124488,20.43000030517578,9.700000000000273,32.92089239059442,1.0,23.35,1,1.1208923905946904,13.739999999999963,3.0,2024,SL,-3.0,2024-05-01 00:05:00-04:00,3.3791076094053096,2.1208923905946904,1.1263692031351031,0.7069641301982301,high,15:00-24:00
2024-05-03 09:35:00-04:00,lower,2285.6993530344635,1.0,30.924616266887732,21.11000061035156,21.5,39.800646965536544,1.0,9.583333333333334,4,4.6006469655367255,11.460000000000036,41.25,2024,cutoff,20.200646965536635,2024-05-03 15:00:00-04:00,0.4993530344636383,27.00064696553636,0.012105528108209414,0.6545611385584572,high,pre-11:00
2024-05-06 08:44:00-04:00,upper,2333.7959322151396,-1.0,28.14775240776078,19.43000030517578,10.899999999999636,34.09593221513978,-1.0,8.733333333333333,0,0.995932215139419,9.419999999999982,9.899999999999864,2024,cutoff,-1.2040677848603991,2024-05-06 15:00:00-04:00,8.10406778486049,7.495932215139419,0.8185927055414749,0.7571648702161133,mid,pre-11:00
2024-05-09 10:21:00-04:00,upper,2344.2934598659867,-1.0,26.840717245637663,18.43000030517578,8.599999999999909,32.39345986598664,-1.0,10.35,3,0.9934598659865514,9.8,23.399999999999864,2024,BE,-0.0,2024-05-09 11:11:00-04:00,1.5065401340134486,9.093459865986915,0.06438205700912211,0.38860939598234906,mid,pre-11:00
2024-05-09 19:16:00-04:00,upper,2354.8312053708214,-1.0,24.59913627263197,16.799999237060547,8.0,30.431205370821317,-1.0,19.266666666666666,3,0.43120537082131705,12.1,4.200000000000273,2024,BE,-0.0,2024-05-09 20:17:00-04:00,0.568794629178683,2.13120537082159,0.13542729266158238,0.5074298501955837,mid,15:00-24:00
2024-05-10 01:44:00-04:00,upper,2365.3708923905947,-1.0,29.968361294124488,20.43000030517578,9.700000000000273,36.77089239059478,-1.0,1.7333333333333334,4,1.8708923905946904,13.739999999999963,4.950000000000273,2024,SL,-4.950000000000273,2024-05-10 02:42:00-04:00,7.9291076094054915,2.7708923905947813,1.6018399210919303,0.5597762405241674,high,pre-11:00
2024-05-13 05:27:00-04:00,lower,2346.852169810028,1.0,24.943293684751982,16.670000076293945,5.800000000000182,28.447830189972137,1.0,5.45,0,1.1478301899719554,11.520000000000072,13.5,2024,BE,0.0,2024-05-13 06:27:00-04:00,1.8521698100280446,1.8478301899717735,0.13719776370578107,0.13687631036827952,mid,pre-11:00
2024-05-15 04:49:00-04:00,upper,2379.3836160584874,-1.0,24.384365280964825,16.459999084472656,8.0,27.683616058487587,-1.0,4.816666666666666,2,1.383616058487405,7.100000000000091,11.850000000000136,2024,TP,11.850000000000136,2024-05-15 08:00:00-04:00,0.816383941512413,12.983616058487314,0.06889315962129988,1.0956638024039802,mid,pre-11:00
2024-05-15 21:00:00-04:00,upper,2401.447830189972,-1.0,24.943293684751982,16.670000076293945,5.800000000000182,26.147830189971955,-1.0,21.0,2,1.8478301899722283,11.520000000000072,7.5,2024,TP,7.5,2024-05-15 22:01:00-04:00,1.2521698100276808,7.647830189971955,0.16695597467035744,1.0197106919962606,mid,15:00-24:00
2024-05-17 09:17:00-04:00,upper,2407.7732629672446,-1.0,25.84050322526527,17.290000915527344,19.200000000000273,35.27326296724459,-1.0,9.283333333333333,4,1.973262967244409,7.639999999999963,11.55000000000041,2024,BE,-0.0,2024-05-17 10:03:00-04:00,2.026737032755591,7.773262967244591,0.1754750677710406,0.6730097807137936,mid,pre-11:00
2024-05-17 10:26:00-04:00,upper,2409.972153238515,-1.0,24.534949172299374,16.34000015258789,7.599999999999909,26.37215323851524,-1.0,10.433333333333334,4,0.3721532385152386,10.320000000000073,18.0,2024,cutoff,-9.927846761484943,2024-05-17 15:00:00-04:00,13.927846761484943,2.3721532385152386,0.7737692645269413,0.13178629102862438,mid,pre-11:00
2024-05-19 21:00:00-04:00,upper,2433.4689559950048,-1.0,24.640169559788248,16.260000228881836,8.0,27.868955995004853,-1.0,21.0,6,3.6689559950045805,10.240000000000055,15.0,2024,SL,-15.0,2024-05-20 01:34:00-04:00,16.531044004995238,3.4689559950047624,1.102069600333016,0.2312637330003175,mid,15:00-24:00
2024-05-22 10:07:00-04:00,lower,2405.252254425332,1.0,24.39972345072607,15.920000076293944,6.300000000000182,27.747745574667988,1.0,10.116666666666667,2,4.54774557466817,11.360000000000037,11.700000000000273,2024,SL,-11.700000000000273,2024-05-22 10:19:00-04:00,13.45225442533183,4.847745574667897,1.1497653354984203,0.4143372286040841,mid,pre-11:00
2024-05-22 21:20:00-04:00,lower,2376.1310440049947,1.0,24.640169559788248,16.260000228881836,8.0,29.468955995005217,1.0,21.333333333333332,2,0.36895599500530807,10.240000000000055,7.949999999999591,2024,SL,-7.949999999999818,2024-05-23 01:38:00-04:00,9.531044004994783,2.268955995005399,1.1988734597478332,0.2854032698120146,mid,15:00-24:00
2024-05-23 22:29:00-04:00,lower,2327.0084414143594,1.0,24.447346288739805,16.399999618530273,19.5,39.39155858564072,1.0,22.483333333333334,3,1.5915585856405414,8.1,13.350000000000136,2024,TP,13.350000000000136,2024-05-24 02:14:00-04:00,0.7084414143591857,13.591558585640541,0.05306677261117442,1.0180942760779328,mid,15:00-24:00
2024-05-28 20:00:00-04:00,upper,2383.3,-1.0,24.326299862087673,16.459999084472656,11.099999999999909,37.20000000000027,-1.0,20.0,1,22.600000000000364,10.480000000000018,3.75,2024,TP,3.75,2024-05-28 21:43:00-04:00,1.099999999999909,3.900000000000091,0.2933333333333091,1.0400000000000242,mid,15:00-24:00
2024-06-03 01:42:00-04:00,lower,2339.2389452025045,1.0,26.588103040755936,17.770000457763672,12.5,35.96105479749531,1.0,1.7,0,1.0610547974956717,9.439999999999873,3.8999999999998636,2024,SL,-3.899999999999636,2024-06-03 02:21:00-04:00,4.138945202504601,2.0610547974956717,1.0612680006422426,0.5284755891014727,mid,pre-11:00
2024-06-05 21:31:00-04:00,upper,2390.2349477255275,-1.0,23.298856223398964,15.65999984741211,12.0,28.43494772552731,-1.0,21.516666666666666,2,2.5349477255276724,10.459999999999946,2.25,2024,SL,-2.25,2024-06-05 21:31:00-04:00,3.7650522744725095,2.5349477255276724,1.6733565664322265,1.1266434335678543,low,15:00-24:00
2024-06-07 00:20:00-04:00,upper,2401.2415585856406,-1.0,24.447346288739805,16.399999618530273,19.5,34.84155858564054,-1.0,0.3333333333333333,4,0.7415585856406324,8.1,9.899999999999864,2024,TP,9.899999999999864,2024-06-07 04:01:00-04:00,5.458441414359186,12.341558585640541,0.5513577186221476,1.2466220793576477,mid,pre-11:00
2024-06-07 06:24:00-04:00,lower,2352.3609732101104,1.0,24.93372477161888,16.6299991607666,7.900000000000091,27.73902678988952,1.0,6.4,4,0.6390267898896127,11.699999999999909,16.05000000000041,2024,SL,-16.050000000000182,2024-06-07 08:30:00-04:00,20.16097321011057,5.439026789889795,1.2561354024990687,0.33888017382490065,mid,pre-11:00
2024-06-12 08:39:00-04:00,upper,2347.162428397666,-1.0,23.220030867028314,15.880000114440918,6.400000000000091,25.962428397666372,-1.0,8.65,2,1.062428397666281,13.5,3.8999999999998636,2024,TP,3.8999999999998636,2024-06-12 08:43:00-04:00,0.5375716023336281,4.562428397666281,0.1378388723932428,1.1698534352990873,low,pre-11:00
2024-06-12 09:10:00-04:00,upper,2357.404529909628,-1.0,23.483184684378628,16.0,8.0,27.504529909627763,-1.0,9.166666666666666,2,0.20452990962803597,12.060000000000036,39.75,2024,cutoff,18.504529909627763,2024-06-12 15:00:00-04:00,1.3954700903723278,21.304529909627945,0.03510616579553026,0.5359630165944137,low,pre-11:00
2024-06-13 07:45:00-04:00,lower,2319.9199754074166,1.0,23.51089629628624,15.829999923706056,16.399999999999636,37.78002459258323,1.0,7.75,3,2.0800245925834133,10.540000000000054,7.799999999999727,2024,TP,7.799999999999727,2024-06-13 08:30:00-04:00,0.7199754074167686,15.280024592583231,0.09230453941240946,1.9589775118697135,low,pre-11:00
2024-06-20 10:01:00-04:00,upper,2364.2365775074018,-1.0,19.985410334132187,13.59000015258789,16.699999999999818,29.736577507401762,-1.0,10.016666666666667,3,0.9365775074015801,12.119999999999981,19.950000000000273,2024,cutoff,-7.56342249259842,2024-06-20 15:00:00-04:00,15.263422492598238,0.9365775074015801,0.76508383421544,0.046946240972509636,low,pre-11:00
2024-06-25 21:41:00-04:00,lower,2322.775731748068,1.0,24.754639404273597,16.700000762939453,12.900000000000091,30.3242682519317,1.0,21.683333333333334,1,1.7242682519317896,10.159999999999945,9.450000000000273,2024,TP,9.450000000000273,2024-06-25 22:25:00-04:00,0.7757317480682104,9.72426825193179,0.08208801566859132,1.0290230954424877,mid,15:00-24:00
2024-06-26 07:00:00-04:00,lower,2318.059933921283,1.0,24.663115302953138,16.700000762939453,4.0,26.340066078716973,1.0,7.0,2,1.6400660787166998,12.639999999999873,14.399999999999864,2024,BE,0.0,2024-06-26 09:09:00-04:00,2.3599339212833,11.740066078717064,0.1638843000891196,0.8152823665775816,mid,pre-11:00
2024-06-26 09:11:00-04:00,lower,2314.6830325751403,1.0,25.01844285310826,16.950000762939453,7.099999999999909,28.41696742485965,1.0,9.183333333333334,2,1.7169674248598312,11.920000000000073,12.0,2024,cutoff,-4.18303257514026,2024-06-26 15:00:00-04:00,9.983032575140442,2.4169674248596493,0.8319193812617035,0.20141395207163745,mid,pre-11:00
2024-06-27 08:40:00-04:00,upper,2335.4368040876434,-1.0,24.279134877873034,16.700000762939453,6.800000000000182,27.536804087643304,-1.0,8.666666666666666,3,0.7368040876435771,10.4,7.200000000000273,2024,BE,-0.0,2024-06-27 09:33:00-04:00,2.263195912356423,4.736804087643577,0.3143327656050468,0.6578894566171386,mid,pre-11:00
2024-07-03 08:30:00-04:00,upper,2359.4074027226893,-1.0,24.247176872487945,16.5,5.600000000000364,26.60740272268913,-1.0,8.5,2,1.1074027226891303,10.960000000000036,7.049999999999727,2024,SL,-7.049999999999727,2024-07-03 09:43:00-04:00,7.792597277310506,2.5074027226892213,1.1053329471362847,0.35565996066515154,mid,pre-11:00
2024-07-05 09:12:00-04:00,upper,2387.7800245925832,-1.0,23.51089629628624,15.829999923706056,16.399999999999636,30.080024592583413,-1.0,9.2,4,1.4800245925830495,10.540000000000054,43.79999999999973,2024,cutoff,-12.319975407416678,2024-07-05 15:00:00-04:00,13.319975407416678,8.080024592583413,0.3041090275665927,0.18447544731925716,low,pre-11:00
2024-07-11 08:30:00-04:00,upper,2402.196030673882,-1.0,25.430468123784312,17.030000686645508,8.800000000000182,31.696030673881978,-1.0,8.5,3,15.596030673882069,8.959999999999946,6.75,2024,SL,-6.75,2024-07-11 08:37:00-04:00,6.903969326117931,19.09603067388207,1.0228102705359898,2.8290415813158623,mid,pre-11:00
2024-07-16 05:28:00-04:00,upper,2445.626118093262,-1.0,26.2783892318067,17.280000686645508,13.800000000000182,31.526118093262085,-1.0,5.466666666666667,1,1.1261180932619936,7.660000000000037,7.800000000000409,2024,TP,7.800000000000409,2024-07-16 08:37:00-04:00,2.8738819067380064,9.126118093261994,0.3684463982997251,1.1700151401617327,mid,pre-11:00
2024-07-16 09:42:00-04:00,upper,2450.716155935875,-1.0,26.321908625951444,17.260000228881836,7.899999999999636,29.81615593587503,-1.0,9.7,1,2.216155935875122,9.10000000000009,22.049999999999727,2024,cutoff,-18.983844064124696,2024-07-16 15:00:00-04:00,20.883844064124787,5.516155935875304,0.9471131094841291,0.25016580208051575,mid,pre-11:00
2024-07-16 21:02:00-04:00,upper,2479.4283489380646,-1.0,28.237335802243592,18.350000381469727,11.5,36.62834893806439,-1.0,21.033333333333335,1,2.5283489380644824,9.300000000000091,10.799999999999727,2024,TP,10.799999999999727,2024-07-17 02:16:00-04:00,7.971651061935518,12.628348938064391,0.7381158390681222,1.169291568339325,high,15:00-24:00
2024-07-18 20:18:00-04:00,lower,2429.6594027395267,1.0,31.783257891818433,20.459999084472656,8.400000000000091,36.34059726047326,1.0,20.3,3,1.5405972604730778,10.619999999999981,5.850000000000136,2024,TP,5.850000000000136,2024-07-18 20:30:00-04:00,0.6594027395267403,6.040597260473078,0.11271841701311537,1.032580728285972,high,15:00-24:00
2024-07-19 08:02:00-04:00,lower,2410.221651061936,1.0,28.237335802243592,18.350000381469727,11.5,32.57834893806421,1.0,8.033333333333333,4,1.5783489380642095,9.300000000000091,8.850000000000136,2024,SL,-8.849999999999909,2024-07-19 09:06:00-04:00,11.521651061936154,1.5783489380642095,1.301881475924969,0.17834451277561414,high,pre-11:00
2024-07-22 08:34:00-04:00,lower,2390.4338440641254,1.0,26.321908625951444,17.260000228881836,7.899999999999636,30.466155935874667,1.0,8.566666666666666,0,1.5661559358745762,9.10000000000009,14.69999999999959,2024,BE,0.0,2024-07-22 10:27:00-04:00,1.5338440641253328,11.366155935874758,0.10434313361397113,0.7732078867942228,mid,pre-11:00
2024-07-24 10:54:00-04:00,upper,2432.791033261811,-1.0,32.49025354544729,21.51000022888184,7.599999999999909,34.991033261811026,-1.0,10.9,2,0.891033261811117,10.559999999999855,19.649999999999864,2024,TP,19.649999999999864,2024-07-24 13:39:00-04:00,0.20896673818879208,19.791033261811208,0.010634439602483132,1.0071772652321296,high,pre-11:00
2024-07-24 21:27:00-04:00,lower,2384.648631684838,1.0,30.490617733871098,20.020000457763672,9.900000000000091,33.05136831516165,1.0,21.45,2,1.5513683151616533,9.439999999999964,5.399999999999864,2024,SL,-5.400000000000091,2024-07-24 21:39:00-04:00,6.248631684838074,4.151368315162017,1.1571540157107836,0.7687719102152077,high,15:00-24:00
2024-07-28 20:00:00-04:00,upper,2443.7,-1.0,32.112635539871654,21.26000022888184,12.399999999999636,45.899999999999636,-1.0,20.0,6,47.69999999999982,9.539999999999964,6.449999999999591,2024,TP,6.449999999999591,2024-07-28 21:33:00-04:00,4.800000000000182,7.099999999999909,0.7441860465117033,1.1007751937985053,high,15:00-24:00
2024-07-31 21:22:00-04:00,upper,2500.7405972604734,-1.0,31.783257891818433,20.459999084472656,8.400000000000091,34.74059726047335,-1.0,21.366666666666667,2,0.7405972604733506,10.619999999999981,6.149999999999864,2024,TP,6.149999999999864,2024-07-31 21:59:00-04:00,2.0594027395268313,6.240597260473351,0.3348622340694109,1.014731261865608,high,15:00-24:00
2024-08-02 01:48:00-04:00,upper,2507.2960369593125,-1.0,37.16960539055701,23.940000534057617,8.400000000000091,42.59603695931264,-1.0,1.8,4,1.9960369593122778,8.659999999999945,9.149999999999864,2024,SL,-9.150000000000091,2024-08-02 08:30:00-04:00,12.70396304068754,7.396036959312369,1.3884112612773476,0.8083100501980851,high,pre-11:00
2024-08-05 07:43:00-04:00,lower,2426.3039630406874,1.0,37.16960539055701,23.940000534057617,8.400000000000091,38.39603695931237,1.0,7.716666666666667,0,0.1960369593125506,8.659999999999945,26.700000000000273,2024,cutoff,20.59603695931264,2024-08-05 15:00:00-04:00,22.503963040687267,26.496036959312733,0.8428450577036344,0.9923609348057102,high,pre-11:00
2024-08-12 03:16:00-04:00,upper,2478.2080277746113,-1.0,42.34568236370745,27.709999084472656,15.200000000000273,52.30802777461122,-1.0,3.2666666666666666,0,0.7080277746113097,8.880000000000019,5.699999999999591,2024,SL,-5.699999999999363,2024-08-12 05:21:00-04:00,6.091972225388872,2.6080277746114007,1.0687670570858439,0.45754873238799787,high,pre-11:00
2024-08-12 20:00:00-04:00,upper,2516.848364224144,-1.0,41.84604806972148,26.8799991607666,12.699999999999818,45.548364224143825,-1.0,20.0,0,1.2483642241440975,9.900000000000091,5.699999999999591,2024,TP,5.699999999999591,2024-08-12 20:39:00-04:00,0.4516357758561753,6.448364224143916,0.07923434664143995,1.1312919691481367,high,15:00-24:00
2024-08-16 08:55:00-04:00,upper,2526.8577423066426,-1.0,33.21493728982877,21.190000534057617,15.5,38.55774230664247,-1.0,8.916666666666666,4,2.057742306642467,10.839999999999964,11.850000000000136,2024,SL,-11.850000000000364,2024-08-16 14:25:00-04:00,12.142257693357351,11.057742306642467,1.0246630964858405,0.9331428106871172,high,pre-11:00
2024-08-20 03:45:00-04:00,upper,2551.966977375103,-1.0,39.366279755546856,24.93000030517578,9.199999999999818,45.266977375103124,-1.0,3.75,1,0.6669773751027606,10.0,13.05000000000041,2024,SL,-13.050000000000182,2024-08-20 07:58:00-04:00,13.533022624897058,3.4669773751029425,1.037013227961428,0.2656687643756961,high,pre-11:00
2024-08-22 09:30:00-04:00,lower,2527.096805710764,1.0,32.231732923082646,19.93000030517578,12.099999999999909,40.20319428923631,1.0,9.5,3,2.103194289235944,12.359999999999946,15.899999999999864,2024,SL,-15.899999999999636,2024-08-22 10:14:00-04:00,16.396805710764056,2.2031942892363077,1.0312456421864276,0.13856567856832241,high,pre-11:00
2024-09-03 07:49:00-04:00,lower,2518.614527167135,1.0,34.06029655746271,21.11000061035156,11.799999999999727,42.685472832865344,1.0,7.816666666666666,1,2.6854728328653437,13.00000000000009,13.049999999999727,2024,TP,13.049999999999727,2024-09-03 08:13:00-04:00,2.3145271671346563,15.58547283286498,0.17735840361185476,1.19428910596669,high,pre-11:00
2024-09-03 09:40:00-04:00,lower,2513.7539210618374,1.0,33.03921623713312,20.57999992370605,6.300000000000182,34.746078938162555,1.0,9.666666666666666,1,1.5460789381627364,11.279999999999927,22.799999999999727,2024,cutoff,6.7460789381625546,2024-09-03 15:00:00-04:00,9.353921061837355,9.946078938162373,0.4102596956946257,0.4362315323755479,high,pre-11:00
2024-09-12 08:46:00-04:00,upper,2562.796264671624,-1.0,30.75680942567829,19.290000915527344,3.5,31.69626467162425,-1.0,8.766666666666667,3,1.496264671623976,9.759999999999945,11.100000000000136,2024,TP,11.100000000000136,2024-09-12 09:00:00-04:00,1.3037353283757511,12.796264671624158,0.11745363318700316,1.1528166370832433,high,pre-11:00
2024-09-12 09:09:00-04:00,upper,2565.7052192217934,-1.0,33.810020893253196,21.21999931335449,10.600000000000364,36.40521922179323,-1.0,9.15,3,2.5052192217935954,13.979999999999928,26.399999999999864,2024,cutoff,-19.694780778206677,2024-09-12 15:00:00-04:00,21.494780778206405,6.7052192217934135,0.8141962415987316,0.2539855765830852,high,pre-11:00
2024-09-12 20:43:00-04:00,upper,2589.448327990213,-1.0,38.856878250231546,24.200000762939453,8.900000000000091,40.54832799021278,-1.0,20.716666666666665,3,0.4483279902128743,10.379999999999928,3.0,2024,SL,-3.0,2024-09-12 21:06:00-04:00,4.051672009787126,2.9483279902128743,1.3505573365957086,0.9827759967376247,high,15:00-24:00
2024-09-20 08:19:00-04:00,upper,2642.361532138161,-1.0,36.914708845826645,22.51000022888184,7.0,39.0615321381606,-1.0,8.316666666666666,4,1.5615321381606009,9.939999999999964,8.099999999999454,2024,TP,8.099999999999454,2024-09-20 09:29:00-04:00,2.538467861839308,8.161532138160965,0.3133910940542567,1.0075965602668537,high,pre-11:00
2024-09-24 22:58:00-04:00,upper,2692.660051908412,-1.0,34.03266511783838,20.350000381469727,8.5,37.860051908411606,-1.0,22.966666666666665,1,0.5600519084118787,9.340000000000055,11.849999999999454,2024,TP,11.849999999999454,2024-09-25 01:30:00-04:00,2.239948091588303,12.260051908411697,0.18902515540830434,1.0346035365748745,high,15:00-24:00
2024-09-30 09:44:00-04:00,lower,2653.842974518538,1.0,32.6706798711543,19.290000915527344,7.0,34.757025481461824,1.0,9.733333333333333,0,2.5570254814620057,9.380000000000019,14.25,2024,cutoff,-2.142974518538267,2024-09-30 15:00:00-04:00,7.642974518538267,9.557025481462006,0.5363490890202293,0.670668454839439,high,pre-11:00
2024-10-08 10:36:00-04:00,lower,2639.8513368996073,1.0,36.57463380477495,21.670000076293945,7.300000000000182,39.44866310039288,1.0,10.6,1,2.348663100392514,12.060000000000036,16.950000000000273,2024,cutoff,-5.051336899607122,2024-10-08 15:00:00-04:00,16.451336899607213,5.948663100392878,0.970580348059407,0.3509535752444119,high,pre-11:00
2024-10-10 08:30:00-04:00,lower,2620.4786391769444,1.0,33.610174807668876,20.040000915527344,11.300000000000182,41.92136082305569,1.0,8.5,3,11.621360823055511,8.880000000000019,11.850000000000136,2024,TP,11.850000000000136,2024-10-10 08:31:00-04:00,1.6786391769442162,20.72136082305542,0.1416573145100588,1.7486380441396778,high,pre-11:00
2024-10-11 09:39:00-04:00,upper,2669.2325526248123,-1.0,39.11147024436087,23.6200008392334,6.400000000000091,40.63255262481243,-1.0,9.65,4,0.7325526248123424,8.239999999999963,14.55000000000041,2024,cutoff,-5.1674473751877485,2024-10-11 15:00:00-04:00,9.767447375187658,5.4325526248121605,0.6713022250987892,0.37337131442006927,high,pre-11:00
2024-10-14 02:28:00-04:00,upper,2683.9133824133564,-1.0,38.87324175364795,23.420000076293945,14.600000000000364,49.01338241335634,-1.0,2.466666666666667,0,0.7133824133566122,8.059999999999945,5.550000000000409,2024,TP,5.550000000000409,2024-10-14 03:27:00-04:00,0.28661758664338777,6.513382413356339,0.051642808404210205,1.1735824168208755,high,pre-11:00
2024-10-16 05:49:00-04:00,upper,2699.2713608230556,-1.0,33.610174807668876,20.040000915527344,11.300000000000182,36.87136082305551,-1.0,5.816666666666666,2,0.47136082305542004,8.880000000000019,8.850000000000136,2024,TP,8.850000000000136,2024-10-16 06:35:00-04:00,0.128639176944489,9.071360823055784,0.014535500219716047,1.0250125223791688,high,pre-11:00
2024-10-16 09:01:00-04:00,upper,2699.7997577211413,-1.0,40.760606218631864,24.34000015258789,5.300000000000182,41.39975772114121,-1.0,9.016666666666667,2,0.7997577211413045,11.179999999999927,8.55000000000041,2024,TP,8.55000000000041,2024-10-16 09:55:00-04:00,2.7002422788586955,9.499757721141123,0.31581781039281476,1.1110827744024172,high,pre-11:00
2024-10-17 09:54:00-04:00,upper,2704.6915492747985,-1.0,36.34951008130286,21.63999938964844,7.599999999999909,38.19154927479849,-1.0,9.9,3,0.891549274798308,11.919999999999982,14.700000000000273,2024,cutoff,0.19154927479848993,2024-10-17 15:00:00-04:00,8.008450725201328,5.19154927479849,0.5447925663402163,0.3531666173332241,high,pre-11:00
2024-10-17 21:24:00-04:00,upper,2714.692683509139,-1.0,39.17682990123783,23.290000915527344,8.700000000000273,44.392683509138806,-1.0,21.4,3,0.3926835091388057,8.260000000000128,4.200000000000273,2024,SL,-4.200000000000273,2024-10-17 21:35:00-04:00,5.607316490861194,1.0926835091390785,1.3350753549668644,0.2601627402711923,high,15:00-24:00
2024-10-20 21:13:00-04:00,upper,2743.8665700120073,-1.0,40.18105436087742,23.63999938964844,9.5,45.66657001200747,-1.0,21.216666666666665,6,1.666570012007469,10.18000000000011,6.899999999999864,2024,BE,-0.0,2024-10-20 22:22:00-04:00,0.4334299879928949,3.966570012007196,0.06281594028882659,0.574865219131489,high,15:00-24:00
2024-10-20 22:57:00-04:00,upper,2745.1639737273463,-1.0,41.69997144276759,24.540000915527344,13.599999999999909,47.663973727346274,-1.0,22.95,6,0.5639737273463652,8.740000000000146,12.600000000000136,2024,TP,12.600000000000136,2024-10-21 11:20:00-04:00,10.236026272653817,13.563973727346365,0.8123830375121989,1.076505851376684,high,15:00-24:00
2024-10-23 03:36:00-04:00,upper,2767.846399319536,-1.0,39.18086882558238,22.850000381469727,10.5,45.846399319535976,-1.0,3.6,2,0.8463993195359762,9.160000000000036,7.649999999999864,2024,TP,7.649999999999864,2024-10-23 08:19:00-04:00,4.753600680463933,7.746399319536067,0.6213857098645774,1.0126012182400268,high,pre-11:00
2024-10-29 10:17:00-04:00,upper,2781.0943642885777,-1.0,38.7982220528014,22.46999931335449,5.800000000000182,40.09436428857771,-1.0,10.283333333333333,1,1.6943642885776171,9.620000000000072,24.299999999999727,2024,BE,-0.0,2024-10-29 11:03:00-04:00,2.905635711422292,3.89436428857789,0.11957348606676232,0.16026190487975037,high,pre-11:00
2024-10-29 20:55:00-04:00,upper,2791.341354417271,-1.0,37.70799393181623,21.76000022888184,7.0,40.44135441727076,-1.0,20.916666666666668,1,0.6413544172710317,9.780000000000019,2.549999999999727,2024,SL,-2.549999999999727,2024-10-29 21:42:00-04:00,2.65864558272915,2.1413544172710317,1.0426061108742881,0.8397468303024552,high,15:00-24:00
2024-10-31 10:59:00-04:00,lower,2745.7478377052385,1.0,39.45887205952343,22.440000534057617,9.699999999999818,45.65216229476164,1.0,10.983333333333333,3,0.45216229476136505,9.660000000000128,29.549999999999727,2024,BE,0.0,2024-10-31 11:46:00-04:00,3.947837705238271,5.652162294761638,0.13359856870518808,0.19127452774151235,high,pre-11:00
2024-11-06 01:29:00-05:00,lower,2725.978296331067,1.0,40.40402572710081,23.09000015258789,15.099999999999909,51.82170366893297,1.0,1.4833333333333334,2,2.921703668932878,9.740000000000055,10.649999999999864,2024,SL,-10.649999999999636,2024-11-06 01:35:00-05:00,11.878296331067304,3.621703668932696,1.1153329888326249,0.34006607220025753,high,pre-11:00
2024-11-06 20:20:00-05:00,lower,2655.6834299879924,1.0,40.18105436087742,23.63999938964844,9.5,42.51657001200738,1.0,20.333333333333332,2,1.916570012007469,10.18000000000011,4.950000000000273,2024,SL,-4.950000000000273,2024-11-06 20:20:00-05:00,5.383429987992258,2.1165700120077418,1.0875616137357498,0.4275899014156818,high,15:00-24:00
2024-11-11 07:58:00-05:00,lower,2664.5406873124257,1.0,31.26012248649392,18.350000381469727,12.599999999999909,39.75931268757449,1.0,7.966666666666667,0,0.6593126875741291,8.440000000000055,12.149999999999864,2024,SL,-12.149999999999636,2024-11-11 08:33:00-05:00,13.740687312425507,0.959312687574311,1.130920766454787,0.0789557767550882,high,pre-11:00
2024-11-12 05:24:00-05:00,lower,2596.5495542220224,1.0,29.67439758475828,17.8799991607666,10.799999999999727,38.05044577797753,1.0,5.4,1,1.7504457779778022,9.460000000000036,15.30000000000041,2024,TP,15.30000000000041,2024-11-12 07:37:00-05:00,0.8495542220225616,16.35044577797771,0.05552641974003522,1.0686565867959004,high,pre-11:00
2024-11-17 20:30:00-05:00,upper,2599.947818520128,-1.0,28.31284621752995,17.5,8.400000000000091,31.647818520127657,-1.0,20.5,6,1.4478185201278393,11.31999999999989,11.25,2024,TP,11.25,2024-11-18 01:00:00-05:00,1.9521814798722517,12.047818520127748,0.17352724265531125,1.070917201789133,high,15:00-24:00
2024-11-18 08:51:00-05:00,upper,2609.5909080032666,-1.0,28.74011739485501,17.700000762939453,8.5,31.990908003266668,-1.0,8.85,0,0.2909080032663951,11.559999999999945,10.350000000000136,2024,cutoff,-4.609091996733241,2024-11-18 15:00:00-05:00,9.909091996733423,2.390908003266759,0.957400192921091,0.23100560418036015,high,pre-11:00
2024-11-19 21:29:00-05:00,upper,2644.979042611877,-1.0,32.58591588247524,19.82999992370605,6.5,36.37904261187714,-1.0,21.483333333333334,1,0.6790426118768664,10.739999999999963,8.69999999999959,2024,TP,8.69999999999959,2024-11-20 01:08:00-05:00,0.32095738812313357,9.979042611877048,0.036891653807258465,1.1470163921698295,high,15:00-24:00
2024-11-21 03:21:00-05:00,upper,2667.3504457779773,-1.0,29.67439758475828,17.8799991607666,10.799999999999727,32.75044577797735,-1.0,3.35,3,0.1504457779774384,9.460000000000036,7.349999999999454,2024,SL,-7.349999999999454,2024-11-21 06:16:00-05:00,8.149554222022743,1.2504457779773475,1.1087828873501155,0.17012867727584222,high,pre-11:00
2024-11-21 21:06:00-05:00,upper,2681.7683002160315,-1.0,33.28076110438233,19.989999771118164,9.5,38.86830021603146,-1.0,21.1,3,0.36830021603145724,9.860000000000037,9.899999999999864,2024,SL,-9.900000000000091,2024-11-21 22:07:00-05:00,9.93169978396827,1.56830021603173,1.003201998380647,0.15841416323553048,high,15:00-24:00
2024-11-25 09:20:00-05:00,lower,2650.4442381614012,1.0,34.24539330282496,20.209999084472656,12.400000000000091,39.455761838598846,1.0,9.333333333333334,0,3.4557618385988462,8.680000000000017,17.25,2024,SL,-17.25,2024-11-25 10:10:00-05:00,18.644238161401063,3.355761838598937,1.0808254006609312,0.19453691817964852,high,pre-11:00
2024-11-26 21:25:00-05:00,upper,2662.6546449359316,-1.0,29.13548362601282,17.59000015258789,12.800000000000182,33.25464493593154,-1.0,21.416666666666668,1,0.8546449359314465,10.920000000000073,8.700000000000273,2024,BE,-0.0,2024-11-26 22:16:00-05:00,3.2453550640684625,1.4546449359318103,0.373029317709007,0.1672005673484787,high,15:00-24:00
2024-11-27 08:53:00-05:00,upper,2682.9863619064386,-1.0,30.963436854824295,18.56999969482422,13.800000000000182,36.08636190643847,-1.0,8.883333333333333,2,1.5863619064384693,9.460000000000036,8.400000000000546,2024,TP,8.400000000000546,2024-11-27 09:10:00-05:00,0.4136380935615307,8.786361906438742,0.04924263018589331,1.0459954650521632,high,pre-11:00
2024-11-27 20:21:00-05:00,lower,2645.987699820765,1.0,28.328587151342823,16.799999237060547,6.5,30.81230017923508,1.0,20.35,2,1.2123001792347168,11.720000000000073,5.099999999999454,2024,TP,5.099999999999454,2024-11-27 20:29:00-05:00,1.3876998207651923,5.312300179235081,0.2720980040716354,1.041627486124637,high,15:00-24:00
2024-12-01 20:21:00-05:00,lower,2647.6419569547397,1.0,28.160916353544014,16.68000030517578,8.099999999999909,32.45804304526018,1.0,20.35,6,1.658043045260456,10.340000000000146,26.700000000000273,2024,BE,0.0,2024-12-01 22:02:00-05:00,2.341956954739544,14.158043045260456,0.087713743623203,0.5302637844666783,mid,15:00-24:00
2024-12-05 20:10:00-05:00,lower,2638.6837917403554,1.0,28.061095934395972,16.68000030517578,6.200000000000273,31.916208259644463,1.0,20.166666666666668,3,3.9162082596444634,11.120000000000072,7.799999999999727,2024,TP,7.799999999999727,2024-12-05 20:38:00-05:00,3.0837917403555366,8.716208259644645,0.3953579154302108,1.1174625973903782,mid,15:00-24:00
2024-12-09 08:35:00-05:00,upper,2683.9584539682064,-1.0,26.204841269789004,15.6899995803833,10.600000000000364,32.65845396820623,-1.0,8.583333333333334,0,0.6584539682062314,8.280000000000019,7.050000000000409,2024,SL,-7.050000000000182,2024-12-09 09:27:00-05:00,8.141546031793496,1.2584539682065952,1.1548292243678047,0.17850410896546412,mid,pre-11:00
2024-12-10 07:08:00-05:00,upper,2700.0767460525026,-1.0,27.03994136141559,16.06999969482422,7.0,28.976746052502676,-1.0,7.133333333333334,1,0.5767460525025854,9.480000000000109,9.0,2024,SL,-9.0,2024-12-10 09:26:00-05:00,9.423253947497415,4.676746052502494,1.0470282163886016,0.5196384502780549,mid,pre-11:00
2024-12-10 19:48:00-05:00,upper,2732.055761838599,-1.0,34.24539330282496,20.209999084472656,12.400000000000091,42.15576183859912,-1.0,19.8,1,0.955761838599301,8.680000000000017,9.0,2024,TP,9.0,2024-12-11 04:07:00-05:00,8.94423816140079,11.355761838599392,0.9938042401556433,1.2617513153999325,high,15:00-24:00
2024-12-11 10:00:00-05:00,upper,2743.4852322009574,-1.0,28.24481760973655,16.549999237060547,8.599999999999909,34.28523220095758,-1.0,10.0,2,1.28523220095758,9.28000000000011,21.149999999999864,2024,cutoff,-9.61476779904251,2024-12-11 15:00:00-05:00,16.21476779904242,1.4852322009573982,0.7666556878979917,0.07022374472611857,high,pre-11:00
2024-12-12 10:51:00-05:00,lower,2697.0023269432986,1.0,28.475731583370948,16.540000915527344,15.099999999999909,35.99767305670139,1.0,10.85,3,0.6976730567012055,8.50000000000009,34.94999999999959,2024,cutoff,9.79767305670157,2024-12-12 15:00:00-05:00,0.3023269432987945,14.897673056701478,0.008650270194529271,0.4262567398197898,high,pre-11:00
2024-12-13 08:51:00-05:00,lower,2678.6147677990425,1.0,28.24481760973655,16.549999237060547,8.599999999999909,30.585232200957307,1.0,8.85,4,0.5852322009573072,9.28000000000011,16.049999999999727,2024,cutoff,-7.21476779904242,2024-12-13 15:00:00-05:00,7.414767799042693,5.085232200957307,0.46197930212104793,0.31683689725591235,high,pre-11:00
2024-12-15 19:56:00-05:00,lower,2661.9691998698895,1.0,25.6856523153377,15.149999618530272,9.5,29.430800130110583,1.0,19.933333333333334,6,0.43080013011058327,8.78000000000011,6.900000000000546,2024,TP,6.900000000000546,2024-12-15 20:04:00-05:00,0.5691998698894167,7.030800130110492,0.0824927347665756,1.018956540595643,mid,15:00-24:00
2024-12-17 08:51:00-05:00,lower,2649.386148859122,1.0,27.62375124008508,16.360000610351562,6.099999999999909,31.01385114087816,1.0,8.85,1,2.2138511408779777,10.619999999999981,8.700000000000273,2024,BE,0.0,2024-12-17 09:52:00-05:00,3.2861488591220223,6.413851140878251,0.3777182596691861,0.7372242690664425,mid,pre-11:00
2024-12-30 10:10:00-05:00,lower,2612.668434651424,1.0,28.34952755280001,17.030000686645508,5.800000000000182,29.931565348575987,1.0,10.166666666666666,0,2.7315653485761686,7.039999999999964,15.0,2024,BE,0.0,2024-12-30 11:01:00-05:00,0.7684346514238314,5.531565348575896,0.05122897676158876,0.36877102323839306,high,pre-11:00
