date,open,high,low,close
2017-12-01,23.73,23.73,23.73,23.73
2017-12-04,23.68,23.68,23.68,23.68
2017-12-05,23.13,23.13,23.13,23.13
2017-12-06,23.13,23.13,23.13,23.13
2017-12-07,23.13,23.13,23.13,23.13
2017-12-08,23.85,23.85,23.85,23.85
2017-12-11,22.96,22.96,22.96,22.96
2017-12-12,22.84,22.84,22.84,22.84
2017-12-13,23.49,23.49,23.49,23.49
2017-12-14,23.0,23.0,23.0,23.0
2017-12-15,21.25,21.25,21.25,21.25
2017-12-18,18.43,18.43,18.43,18.43
2017-12-19,18.88,18.88,18.88,18.88
2017-12-20,19.46,19.46,19.46,19.46
2017-12-21,17.86,17.86,17.86,17.86
2017-12-22,19.26,19.26,19.26,19.26
2017-12-26,20.99,20.99,20.99,20.99
2017-12-27,20.64,20.64,20.64,20.64
2017-12-28,20.71,20.71,20.71,20.71
2017-12-29,21.32,21.32,21.32,21.32
2018-01-02,22.73,22.73,22.73,22.73
2018-01-03,22.75,22.75,22.75,22.75
2018-01-04,22.12,22.12,22.12,22.12
2018-01-05,22.3,22.3,22.3,22.3
2018-01-08,21.9,21.9,21.9,21.9
2018-01-09,22.96,22.96,22.96,22.96
2018-01-10,23.52,23.52,23.52,23.52
2018-01-11,23.52,23.52,23.52,23.52
2018-01-12,23.52,23.52,23.52,23.52
2018-01-16,26.41,26.41,26.41,26.41
2018-01-17,24.78,24.78,24.78,24.78
2018-01-18,24.38,24.38,24.38,24.38
2018-01-19,21.2,21.2,21.2,21.2
2018-01-22,22.03,22.03,22.03,22.03
2018-01-23,22.34,22.34,22.34,22.34
2018-01-24,23.93,23.93,23.93,23.93
2018-01-25,22.35,22.35,22.35,22.35
2018-01-26,22.29,22.29,22.29,22.29
2018-01-29,22.73,22.73,22.73,22.73
2018-01-30,22.9,22.9,22.9,22.9
2018-01-31,22.23,22.23,22.23,22.23
2018-02-01,22.24,22.24,22.24,22.24
2018-02-02,23.8,23.8,23.8,23.8
2018-02-05,25.91,25.91,25.91,25.91
2018-02-06,26.59,26.59,26.59,26.59
2018-02-07,26.79,26.79,26.79,26.79
2018-02-08,29.5,29.5,29.5,29.5
2018-02-09,29.85,29.85,29.85,29.85
2018-02-12,29.42,29.42,29.42,29.42
2018-02-13,30.39,30.39,30.39,30.39
2018-02-14,27.73,27.73,27.73,27.73
2018-02-15,27.57,27.57,27.57,27.57
2018-02-16,26.97,26.97,26.97,26.97
2018-02-20,27.58,27.58,27.58,27.58
2018-02-21,26.93,26.93,26.93,26.93
2018-02-22,24.98,24.98,24.98,24.98
2018-02-23,24.37,24.37,24.37,24.37
2018-02-26,24.36,24.36,24.36,24.36
2018-02-27,25.29,25.29,25.29,25.29
2018-02-28,26.92,26.92,26.92,26.92
2018-03-01,26.98,26.98,26.98,26.98
2018-03-02,26.15,26.15,26.15,26.15
2018-03-05,26.3,26.3,26.3,26.3
2018-03-06,25.55,25.55,25.55,25.55
2018-03-07,26.94,26.94,26.94,26.94
2018-03-08,26.16,26.16,26.16,26.16
2018-03-09,26.23,26.23,26.23,26.23
2018-03-12,24.02,24.02,24.02,24.02
2018-03-13,25.5,25.5,25.5,25.5
2018-03-14,25.21,25.21,25.21,25.21
2018-03-15,25.07,25.07,25.07,25.07
2018-03-16,24.53,24.53,24.53,24.53
2018-03-19,25.28,25.28,25.28,25.28
2018-03-20,25.3,25.3,25.3,25.3
2018-03-21,25.95,25.95,25.95,25.95
2018-03-22,26.47,26.47,26.47,26.47
2018-03-23,27.56,27.56,27.56,27.56
2018-03-26,27.71,27.71,27.71,27.71
2018-03-27,27.38,27.38,27.38,27.38
2018-03-28,26.67,26.67,26.67,26.67
2018-03-29,25.07,25.07,25.07,25.07
2018-04-02,27.53,27.53,27.53,27.53
2018-04-03,26.89,26.89,26.89,26.89
2018-04-04,26.17,26.17,26.17,26.17
2018-04-05,24.38,24.38,24.38,24.38
2018-04-06,24.99,24.99,24.99,24.99
2018-04-09,25.64,25.64,25.64,25.64
2018-04-10,28.05,28.05,28.05,28.05
2018-04-11,29.42,29.42,29.42,29.42
2018-04-12,28.73,28.73,28.73,28.73
2018-04-13,28.52,28.52,28.52,28.52
2018-04-16,28.84,28.84,28.84,28.84
2018-04-17,27.88,27.88,27.88,27.88
2018-04-18,29.42,29.42,29.42,29.42
2018-04-19,29.36,29.36,29.36,29.36
2018-04-20,28.99,28.99,28.99,28.99
2018-04-23,28.97,28.97,28.97,28.97
2018-04-24,29.15,29.15,29.15,29.15
2018-04-25,28.16,28.16,28.16,28.16
2018-04-26,26.86,26.86,26.86,26.86
2018-04-27,25.59,25.59,25.59,25.59
2018-04-30,28.28,28.28,28.28,28.28
2018-05-01,28.07,28.07,28.07,28.07
2018-05-02,27.32,27.32,27.32,27.32
2018-05-03,26.69,26.69,26.69,26.69
2018-05-04,26.17,26.17,26.17,26.17
2018-05-07,28.86,28.86,28.86,28.86
2018-05-08,26.76,26.76,26.76,26.76
2018-05-09,26.71,26.71,26.71,26.71
2018-05-10,26.61,26.61,26.61,26.61
2018-05-11,25.74,25.74,25.74,25.74
2018-05-14,25.93,25.93,25.93,25.93
2018-05-15,26.61,26.61,26.61,26.61
2018-05-16,25.73,25.73,25.73,25.73
2018-05-17,25.11,25.11,25.11,25.11
2018-05-18,25.23,25.23,25.23,25.23
2018-05-21,25.79,25.79,25.79,25.79
2018-05-22,25.89,25.89,25.89,25.89
2018-05-23,26.04,26.04,26.04,26.04
2018-05-24,25.37,25.37,25.37,25.37
2018-05-25,27.76,27.76,27.76,27.76
2018-05-29,29.04,29.04,29.04,29.04
2018-05-30,27.9,27.9,27.9,27.9
2018-05-31,27.61,27.61,27.61,27.61
2018-06-01,28.65,28.65,28.65,28.65
2018-06-04,29.49,29.49,29.49,29.49
2018-06-05,29.3,29.3,29.3,29.3
2018-06-06,29.14,29.14,29.14,29.14
2018-06-07,28.05,28.05,28.05,28.05
2018-06-08,27.59,27.59,27.59,27.59
2018-06-11,26.86,26.86,26.86,26.86
2018-06-12,26.58,26.58,26.58,26.58
2018-06-13,27.08,27.08,27.08,27.08
2018-06-14,26.69,26.69,26.69,26.69
2018-06-15,27.64,27.64,27.64,27.64
2018-06-18,27.58,27.58,27.58,27.58
2018-06-19,28.01,28.01,28.01,28.01
2018-06-20,28.06,28.06,28.06,28.06
2018-06-21,27.78,27.78,27.78,27.78
2018-06-22,25.52,25.52,25.52,25.52
2018-06-25,26.1,26.1,26.1,26.1
2018-06-26,25.67,25.67,25.67,25.67
2018-06-27,27.69,27.69,27.69,27.69
2018-06-28,27.35,27.35,27.35,27.35
2018-06-29,27.18,27.18,27.18,27.18
2018-07-02,28.65,28.65,28.65,28.65
2018-07-03,28.58,28.58,28.58,28.58
2018-07-05,28.77,28.77,28.77,28.77
2018-07-06,28.13,28.13,28.13,28.13
2018-07-09,28.12,28.12,28.12,28.12
2018-07-10,26.9,26.9,26.9,26.9
2018-07-11,28.56,28.56,28.56,28.56
2018-07-12,27.81,27.81,27.81,27.81
2018-07-13,27.54,27.54,27.54,27.54
2018-07-16,29.01,29.01,29.01,29.01
2018-07-17,28.0,28.0,28.0,28.0
2018-07-18,27.24,27.24,27.24,27.24
2018-07-19,26.84,26.84,26.84,26.84
2018-07-20,26.01,26.01,26.01,26.01
2018-07-23,26.15,26.15,26.15,26.15
2018-07-24,25.65,25.65,25.65,25.65
2018-07-25,25.34,25.34,25.34,25.34
2018-07-26,24.88,24.88,24.88,24.88
2018-07-27,24.97,24.97,24.97,24.97
2018-07-30,25.83,25.83,25.83,25.83
2018-07-31,26.52,26.52,26.52,26.52
2018-08-01,26.45,26.45,26.45,26.45
2018-08-02,25.73,25.73,25.73,25.73
2018-08-03,25.61,25.61,25.61,25.61
2018-08-06,25.42,25.42,25.42,25.42
2018-08-07,25.22,25.22,25.22,25.22
2018-08-08,26.41,26.41,26.41,26.41
2018-08-09,25.4,25.4,25.4,25.4
2018-08-10,25.45,25.45,25.45,25.45
2018-08-13,25.31,25.31,25.31,25.31
2018-08-14,26.18,26.18,26.18,26.18
2018-08-15,27.26,27.26,27.26,27.26
2018-08-16,26.33,26.33,26.33,26.33
2018-08-17,25.71,25.71,25.71,25.71
2018-08-20,25.26,25.26,25.26,25.26
2018-08-21,25.08,25.08,25.08,25.08
2018-08-22,24.72,24.72,24.72,24.72
2018-08-23,24.35,24.35,24.35,24.35
2018-08-24,23.31,23.31,23.31,23.31
2018-08-27,23.68,23.68,23.68,23.68
2018-08-28,24.5,24.5,24.5,24.5
2018-08-29,24.32,24.32,24.32,24.32
2018-08-30,24.89,24.89,24.89,24.89
2018-08-31,25.02,25.02,25.02,25.02
2018-09-04,26.7,26.7,26.7,26.7
2018-09-05,26.62,26.62,26.62,26.62
2018-09-06,26.16,26.16,26.16,26.16
2018-09-07,26.07,26.07,26.07,26.07
2018-09-10,26.13,26.13,26.13,26.13
2018-09-11,27.14,27.14,27.14,27.14
2018-09-12,26.94,26.94,26.94,26.94
2018-09-13,26.7,26.7,26.7,26.7
2018-09-14,26.4,26.4,26.4,26.4
2018-09-17,26.49,26.49,26.49,26.49
2018-09-18,26.8,26.8,26.8,26.8
2018-09-19,26.35,26.35,26.35,26.35
2018-09-20,26.07,26.07,26.07,26.07
2018-09-21,26.15,26.15,26.15,26.15
2018-09-24,26.97,26.97,26.97,26.97
2018-09-25,26.83,26.83,26.83,26.83
2018-09-26,26.53,26.53,26.53,26.53
2018-09-27,26.45,26.45,26.45,26.45
2018-09-28,26.73,26.73,26.73,26.73
2018-10-01,27.95,27.95,27.95,27.95
2018-10-02,27.68,27.68,27.68,27.68
2018-10-03,28.04,28.04,28.04,28.04
2018-10-04,28.9,28.9,28.9,28.9
2018-10-05,28.84,28.84,28.84,28.84
2018-10-08,28.86,28.86,28.86,28.86
2018-10-09,27.9,27.9,27.9,27.9
2018-10-10,28.81,28.81,28.81,28.81
2018-10-11,29.29,29.29,29.29,29.29
2018-10-12,27.73,27.73,27.73,27.73
2018-10-15,28.59,28.59,28.59,28.59
2018-10-16,28.59,28.59,28.59,28.59
2018-10-17,28.13,28.13,28.13,28.13
2018-10-18,28.53,28.53,28.53,28.53
2018-10-19,27.42,27.42,27.42,27.42
2018-10-22,27.76,27.76,27.76,27.76
2018-10-23,29.38,29.38,29.38,29.38
2018-10-24,29.8,29.8,29.8,29.8
2018-10-25,28.5,28.5,28.5,28.5
2018-10-26,29.09,29.09,29.09,29.09
2018-10-29,29.46,29.46,29.46,29.46
2018-10-30,29.9,29.9,29.9,29.9
2018-10-31,30.12,30.12,30.12,30.12
2018-11-01,31.54,31.54,31.54,31.54
2018-11-02,32.21,32.21,32.21,32.21
2018-11-05,32.68,32.68,32.68,32.68
2018-11-06,34.15,34.15,34.15,34.15
2018-11-07,33.05,33.05,33.05,33.05
2018-11-08,32.23,32.23,32.23,32.23
2018-11-09,35.1,35.1,35.1,35.1
2018-11-12,40.14,40.14,40.14,40.14
2018-11-13,55.71,55.71,55.71,55.71
2018-11-14,47.07,47.07,47.07,47.07
2018-11-15,43.87,43.87,43.87,43.87
2018-11-16,40.56,40.56,40.56,40.56
2018-11-19,43.45,43.45,43.45,43.45
2018-11-20,56.56,56.56,56.56,56.56
2018-11-21,51.79,51.79,51.79,51.79
2018-11-23,65.17,65.17,65.17,65.17
2018-11-26,57.87,57.87,57.87,57.87
2018-11-27,54.64,54.64,54.64,54.64
2018-11-28,53.99,53.99,53.99,53.99
2018-11-29,53.96,53.96,53.96,53.96
2018-11-30,56.04,56.04,56.04,56.04
2018-12-04,49.84,49.84,49.84,49.84
2018-12-06,50.13,50.13,50.13,50.13
2018-12-07,41.83,41.83,41.83,41.83
2018-12-10,45.06,45.06,45.06,45.06
2018-12-11,41.46,41.46,41.46,41.46
2018-12-12,39.9,39.9,39.9,39.9
2018-12-13,39.25,39.25,39.25,39.25
2018-12-14,42.38,42.38,42.38,42.38
2018-12-17,46.59,46.59,46.59,46.59
2018-12-18,53.35,53.35,53.35,53.35
2018-12-19,50.86,50.86,50.86,50.86
2018-12-20,52.89,52.89,52.89,52.89
2018-12-21,51.76,51.76,51.76,51.76
2018-12-24,56.73,56.73,56.73,56.73
2018-12-26,54.07,54.07,54.07,54.07
2018-12-27,57.16,57.16,57.16,57.16
2018-12-28,53.11,53.11,53.11,53.11
2018-12-31,51.87,51.87,51.87,51.87
2019-01-02,54.72,54.72,54.72,54.72
2019-01-03,53.57,53.57,53.57,53.57
2019-01-04,51.52,51.52,51.52,51.52
2019-01-07,50.42,50.42,50.42,50.42
2019-01-08,46.08,46.08,46.08,46.08
2019-01-09,44.36,44.36,44.36,44.36
2019-01-10,42.99,42.99,42.99,42.99
2019-01-11,40.99,40.99,40.99,40.99
2019-01-14,40.81,40.81,40.81,40.81
2019-01-15,39.75,39.75,39.75,39.75
2019-01-16,38.77,38.77,38.77,38.77
2019-01-17,37.03,37.03,37.03,37.03
2019-01-18,35.63,35.63,35.63,35.63
2019-01-22,38.26,38.26,38.26,38.26
2019-01-23,37.69,37.69,37.69,37.69
2019-01-24,36.75,36.75,36.75,36.75
2019-01-25,35.21,35.21,35.21,35.21
2019-01-28,37.61,37.61,37.61,37.61
2019-01-29,37.13,37.13,37.13,37.13
2019-01-30,35.59,35.59,35.59,35.59
2019-01-31,34.97,34.97,34.97,34.97
2019-02-01,33.4,33.4,33.4,33.4
2019-02-04,33.7,33.7,33.7,33.7
2019-02-05,34.57,34.57,34.57,34.57
2019-02-06,33.02,33.02,33.02,33.02
2019-02-07,34.34,34.34,34.34,34.34
2019-02-08,32.56,32.56,32.56,32.56
2019-02-11,33.34,33.34,33.34,33.34
2019-02-12,32.69,32.69,32.69,32.69
2019-02-13,32.26,32.26,32.26,32.26
2019-02-14,32.1,32.1,32.1,32.1
2019-02-15,29.46,29.46,29.46,29.46
2019-02-19,31.0,31.0,31.0,31.0
2019-02-21,30.16,30.16,30.16,30.16
2019-02-22,29.85,29.85,29.85,29.85
2019-02-25,32.69,32.69,32.69,32.69
2019-02-26,31.57,31.57,31.57,31.57
2019-02-27,31.01,31.01,31.01,31.01
2019-02-28,30.27,30.27,30.27,30.27
2019-03-01,30.31,30.31,30.31,30.31
2019-03-04,30.2,30.2,30.2,30.2
2019-03-05,30.21,30.21,30.21,30.21
2019-03-06,29.69,29.69,29.69,29.69
2019-03-07,30.43,30.43,30.43,30.43
2019-03-08,29.77,29.77,29.77,29.77
2019-03-11,29.18,29.18,29.18,29.18
2019-03-12,28.56,28.56,28.56,28.56
2019-03-13,28.13,28.13,28.13,28.13
2019-03-14,27.22,27.22,27.22,27.22
2019-03-15,26.27,26.27,26.27,26.27
2019-03-18,26.48,26.48,26.48,26.48
2019-03-19,28.44,28.44,28.44,28.44
2019-03-20,27.21,27.21,27.21,27.21
2019-03-21,27.14,27.14,27.14,27.14
2019-03-22,27.78,27.78,27.78,27.78
2019-03-25,29.32,29.32,29.32,29.32
2019-03-26,27.92,27.92,27.92,27.92
2019-03-27,28.11,28.11,28.11,28.11
2019-03-28,28.52,28.52,28.52,28.52
2019-03-29,26.75,26.75,26.75,26.75
2019-04-01,26.23,26.23,26.23,26.23
2019-04-02,26.28,26.28,26.28,26.28
2019-04-03,25.57,25.57,25.57,25.57
2019-04-04,25.22,25.22,25.22,25.22
2019-04-05,24.0,24.0,24.0,24.0
2019-04-08,24.33,24.33,24.33,24.33
2019-04-09,24.66,24.66,24.66,24.66
2019-04-10,24.68,24.68,24.68,24.68
2019-04-11,25.7,25.7,25.7,25.7
2019-04-12,25.7,25.7,25.7,25.7
2019-04-15,25.51,25.51,25.51,25.51
2019-04-16,25.57,25.57,25.57,25.57
2019-04-17,25.19,25.19,25.19,25.19
2019-04-18,24.45,24.45,24.45,24.45
2019-04-22,26.07,26.07,26.07,26.07
2019-04-23,26.56,26.56,26.56,26.56
2019-04-24,25.28,25.28,25.28,25.28
2019-04-25,25.57,25.57,25.57,25.57
2019-04-26,31.24,31.24,31.24,31.24
2019-04-29,29.04,29.04,29.04,29.04
2019-04-30,29.31,29.31,29.31,29.31
2019-05-01,29.41,29.41,29.41,29.41
2019-05-02,30.49,30.49,30.49,30.49
2019-05-03,29.88,29.88,29.88,29.88
2019-05-06,30.91,30.91,30.91,30.91
2019-05-07,34.07,34.07,34.07,34.07
2019-05-08,32.23,32.23,32.23,32.23
2019-05-09,32.48,32.48,32.48,32.48
2019-05-10,32.8,32.8,32.8,32.8
2019-05-13,34.6,34.6,34.6,34.6
2019-05-14,32.13,32.13,32.13,32.13
2019-05-15,29.26,29.26,29.26,29.26
2019-05-16,29.42,29.42,29.42,29.42
2019-05-17,29.44,29.44,29.44,29.44
2019-05-20,27.63,27.63,27.63,27.63
2019-05-21,26.93,26.93,26.93,26.93
2019-05-22,28.19,28.19,28.19,28.19
2019-05-23,33.79,33.79,33.79,33.79
2019-05-24,33.19,33.19,33.19,33.19
2019-05-28,34.36,34.36,34.36,34.36
2019-05-29,36.43,36.43,36.43,36.43
2019-05-30,39.62,39.62,39.62,39.62
2019-05-31,46.91,46.91,46.91,46.91
2019-06-03,46.78,46.78,46.78,46.78
2019-06-04,43.46,43.46,43.46,43.46
2019-06-05,45.19,45.19,45.19,45.19
2019-06-06,40.66,40.66,40.66,40.66
2019-06-07,38.75,38.75,38.75,38.75
2019-06-10,39.12,39.12,39.12,39.12
2019-06-11,38.69,38.69,38.69,38.69
2019-06-12,43.06,43.06,43.06,43.06
2019-06-13,41.56,41.56,41.56,41.56
2019-06-14,42.89,42.89,42.89,42.89
2019-06-17,46.15,46.15,46.15,46.15
2019-06-18,43.43,43.43,43.43,43.43
2019-06-19,40.79,40.79,40.79,40.79
2019-06-20,41.66,41.66,41.66,41.66
2019-06-21,42.13,42.13,42.13,42.13
2019-06-24,41.0,41.0,41.0,41.0
2019-06-25,40.26,40.26,40.26,40.26
2019-06-26,38.45,38.45,38.45,38.45
2019-06-27,37.84,37.84,37.84,37.84
2019-06-28,39.46,39.46,39.46,39.46
2019-07-01,35.92,35.92,35.92,35.92
2019-07-02,37.77,37.77,37.77,37.77
2019-07-03,36.72,36.72,36.72,36.72
2019-07-08,34.0,34.0,34.0,34.0
2019-07-09,30.3,30.3,30.3,30.3
2019-07-10,30.76,30.76,30.76,30.76
2019-07-11,29.86,29.86,29.86,29.86
2019-07-12,30.39,30.39,30.39,30.39
2019-07-15,30.83,30.83,30.83,30.83
2019-07-16,32.06,32.06,32.06,32.06
2019-07-17,34.94,34.94,34.94,34.94
2019-07-18,33.07,33.07,33.07,33.07
2019-07-19,34.84,34.84,34.84,34.84
2019-07-22,33.63,33.63,33.63,33.63
2019-07-23,32.25,32.25,32.25,32.25
2019-07-24,32.86,32.86,32.86,32.86
2019-07-25,31.95,31.95,31.95,31.95
2019-07-26,32.29,32.29,32.29,32.29
2019-07-29,31.63,31.63,31.63,31.63
2019-07-30,30.07,30.07,30.07,30.07
2019-07-31,30.77,30.77,30.77,30.77
2019-08-01,36.43,36.43,36.43,36.43
2019-08-02,35.56,35.56,35.56,35.56
2019-08-05,37.04,37.04,37.04,37.04
2019-08-06,36.43,36.43,36.43,36.43
2019-08-07,38.1,38.1,38.1,38.1
2019-08-08,35.98,35.98,35.98,35.98
2019-08-09,35.14,35.14,35.14,35.14
2019-08-12,34.43,34.43,34.43,34.43
2019-08-13,33.19,33.19,33.19,33.19
2019-08-14,35.83,35.83,35.83,35.83
2019-08-15,36.2,36.2,36.2,36.2
2019-08-16,35.02,35.02,35.02,35.02
2019-08-19,32.99,32.99,32.99,32.99
2019-08-20,32.34,32.34,32.34,32.34
2019-08-21,32.39,32.39,32.39,32.39
2019-08-22,32.39,32.39,32.39,32.39
2019-08-23,35.2,35.2,35.2,35.2
2019-08-26,35.42,35.42,35.42,35.42
2019-08-27,33.73,33.73,33.73,33.73
2019-08-28,32.72,32.72,32.72,32.72
2019-08-29,31.82,31.82,31.82,31.82
2019-08-30,32.16,32.16,32.16,32.16
2019-09-03,35.73,35.73,35.73,35.73
2019-09-04,34.56,34.56,34.56,34.56
2019-09-05,33.5,33.5,33.5,33.5
2019-09-06,33.21,33.21,33.21,33.21
2019-09-09,33.28,33.28,33.28,33.28
2019-09-10,33.55,33.55,33.55,33.55
2019-09-11,34.94,34.94,34.94,34.94
2019-09-12,35.58,35.58,35.58,35.58
2019-09-13,35.48,35.48,35.48,35.48
2019-09-16,48.58,48.58,48.58,48.58
2019-09-17,44.89,44.89,44.89,44.89
2019-09-18,40.44,40.44,40.44,40.44
2019-09-19,41.15,41.15,41.15,41.15
2019-09-20,38.99,38.99,38.99,38.99
2019-09-23,39.06,39.06,39.06,39.06
2019-09-24,38.74,38.74,38.74,38.74
2019-09-25,38.37,38.37,38.37,38.37
2019-09-26,37.52,37.52,37.52,37.52
2019-09-27,38.9,38.9,38.9,38.9
2019-09-30,38.75,38.75,38.75,38.75
2019-10-01,38.88,38.88,38.88,38.88
2019-10-02,39.62,39.62,39.62,39.62
2019-10-03,40.4,40.4,40.4,40.4
2019-10-04,39.31,39.31,39.31,39.31
2019-10-07,39.42,39.42,39.42,39.42
2019-10-08,39.49,39.49,39.49,39.49
2019-10-09,38.0,38.0,38.0,38.0
2019-10-10,39.52,39.52,39.52,39.52
2019-10-11,39.65,39.65,39.65,39.65
2019-10-14,40.21,40.21,40.21,40.21
2019-10-15,39.47,39.47,39.47,39.47
2019-10-16,39.47,39.47,39.47,39.47
2019-10-17,37.71,37.71,37.71,37.71
2019-10-18,36.43,36.43,36.43,36.43
2019-10-21,36.66,36.66,36.66,36.66
2019-10-22,35.52,35.52,35.52,35.52
2019-10-23,35.66,35.66,35.66,35.66
2019-10-24,35.95,35.95,35.95,35.95
2019-10-25,34.64,34.64,34.64,34.64
2019-10-28,35.64,35.64,35.64,35.64
2019-10-29,35.7,35.7,35.7,35.7
2019-10-30,34.36,34.36,34.36,34.36
2019-10-31,35.84,35.84,35.84,35.84
2019-11-01,34.37,34.37,34.37,34.37
2019-11-04,35.63,35.63,35.63,35.63
2019-11-05,33.77,33.77,33.77,33.77
2019-11-06,33.22,33.22,33.22,33.22
2019-11-07,31.45,31.45,31.45,31.45
2019-11-08,31.45,31.45,31.45,31.45
2019-11-11,34.22,34.22,34.22,34.22
2019-11-12,33.74,33.74,33.74,33.74
2019-11-13,35.15,35.15,35.15,35.15
2019-11-14,33.94,33.94,33.94,33.94
2019-11-15,32.42,32.42,32.42,32.42
2019-11-18,33.68,33.68,33.68,33.68
2019-11-19,32.94,32.94,32.94,32.94
2019-11-20,32.2,32.2,32.2,32.2
2019-11-21,31.59,31.59,31.59,31.59
2019-11-22,32.38,32.38,32.38,32.38
2019-11-25,31.9,31.9,31.9,31.9
2019-11-26,31.25,31.25,31.25,31.25
2019-11-27,30.82,30.82,30.82,30.82
2019-11-29,36.73,36.73,36.73,36.73
2019-12-02,34.97,34.97,34.97,34.97
2019-12-03,35.05,35.05,35.05,35.05
2019-12-04,32.21,32.21,32.21,32.21
2019-12-05,30.41,30.41,30.41,30.41
2019-12-06,30.02,30.02,30.02,30.02
2019-12-09,30.02,30.02,30.02,30.02
2019-12-10,27.94,27.94,27.94,27.94
2019-12-11,27.81,27.81,27.81,27.81
2019-12-12,27.44,27.44,27.44,27.44
2019-12-13,26.76,26.76,26.76,26.76
2019-12-16,26.51,26.51,26.51,26.51
2019-12-17,26.33,26.33,26.33,26.33
2019-12-18,26.77,26.77,26.77,26.77
2019-12-19,24.8,24.8,24.8,24.8
2019-12-20,25.54,25.54,25.54,25.54
2019-12-23,25.11,25.11,25.11,25.11
2019-12-24,25.46,25.46,25.46,25.46
2019-12-26,24.08,24.08,24.08,24.08
2019-12-27,25.16,25.16,25.16,25.16
2019-12-30,25.86,25.86,25.86,25.86
2019-12-31,28.3,28.3,28.3,28.3
2020-01-02,28.75,28.75,28.75,28.75
2020-01-03,31.92,31.92,31.92,31.92
2020-01-06,32.32,32.32,32.32,32.32
2020-01-07,31.8,31.8,31.8,31.8
2020-01-08,32.6,32.6,32.6,32.6
2020-01-09,33.22,33.22,33.22,33.22
2020-01-10,30.38,30.38,30.38,30.38
2020-01-13,34.25,34.25,34.25,34.25
2020-01-14,33.62,33.62,33.62,33.62
2020-01-15,33.38,33.38,33.38,33.38
2020-01-16,29.79,29.79,29.79,29.79
2020-01-17,28.6,28.6,28.6,28.6
2020-01-21,27.66,27.66,27.66,27.66
2020-01-22,30.7,30.7,30.7,30.7
2020-01-23,31.95,31.95,31.95,31.95
2020-01-24,34.55,34.55,34.55,34.55
2020-01-27,37.72,37.72,37.72,37.72
2020-01-28,36.42,36.42,36.42,36.42
2020-01-29,35.73,35.73,35.73,35.73
2020-01-30,37.49,37.49,37.49,37.49
2020-01-31,40.35,40.35,40.35,40.35
2020-02-03,41.81,41.81,41.81,41.81
2020-02-04,39.44,39.44,39.44,39.44
2020-02-05,37.88,37.88,37.88,37.88
2020-02-06,36.44,36.44,36.44,36.44
2020-02-07,37.51,37.51,37.51,37.51
2020-02-10,39.01,39.01,39.01,39.01
2020-02-11,37.52,37.52,37.52,37.52
2020-02-12,35.58,35.58,35.58,35.58
2020-02-13,35.84,35.84,35.84,35.84
2020-02-14,35.93,35.93,35.93,35.93
2020-02-18,33.47,33.47,33.47,33.47
2020-02-19,32.27,32.27,32.27,32.27
2020-02-20,33.16,33.16,33.16,33.16
2020-02-21,35.87,35.87,35.87,35.87
2020-02-24,39.53,39.53,39.53,39.53
2020-02-25,42.5,42.5,42.5,42.5
2020-02-26,43.4,43.4,43.4,43.4
2020-02-27,49.42,49.42,49.42,49.42
2020-02-28,51.25,51.25,51.25,51.25
2020-03-02,48.33,48.33,48.33,48.33
2020-03-03,50.8,50.8,50.8,50.8
2020-03-04,50.59,50.59,50.59,50.59
2020-03-05,52.58,52.58,52.58,52.58
2020-03-06,65.02,65.02,65.02,65.02
2020-03-09,115.92,115.92,115.92,115.92
2020-03-10,92.93,92.93,92.93,92.93
2020-03-11,105.25,105.25,105.25,105.25
2020-03-12,123.45,123.45,123.45,123.45
2020-03-13,118.48,118.48,118.48,118.48
2020-03-16,128.5,128.5,128.5,128.5
2020-03-17,133.32,133.32,133.32,133.32
2020-03-18,166.79,166.79,166.79,166.79
2020-03-19,164.06,164.06,164.06,164.06
2020-03-20,190.08,190.08,190.08,190.08
2020-03-23,185.68,185.68,185.68,185.68
2020-03-24,170.86,170.86,170.86,170.86
2020-03-25,144.03,144.03,144.03,144.03
2020-03-26,150.06,150.06,150.06,150.06
2020-03-27,175.88,175.88,175.88,175.88
2020-03-30,174.22,174.22,174.22,174.22
2020-03-31,170.55,170.55,170.55,170.55
2020-04-01,158.98,158.98,158.98,158.98
2020-04-02,162.65,162.65,162.65,162.65
2020-04-03,141.68,141.68,141.68,141.68
2020-04-06,144.19,144.19,144.19,144.19
2020-04-07,139.13,139.13,139.13,139.13
2020-04-08,141.46,141.46,141.46,141.46
2020-04-09,129.88,129.88,129.88,129.88
2020-04-13,114.44,114.44,114.44,114.44
2020-04-14,115.48,115.48,115.48,115.48
2020-04-15,120.38,120.38,120.38,120.38
2020-04-16,115.1,115.1,115.1,115.1
2020-04-17,95.91,95.91,95.91,95.91
2020-04-20,226.13,226.13,226.13,226.13
2020-04-21,325.15,325.15,325.15,325.15
2020-04-22,236.8,236.8,236.8,236.8
2020-04-23,211.0,211.0,211.0,211.0
2020-04-24,173.53,173.53,173.53,173.53
2020-04-27,185.47,185.47,185.47,185.47
2020-04-28,198.77,198.77,198.77,198.77
2020-04-29,195.59,195.59,195.59,195.59
2020-04-30,104.98,104.98,104.98,104.98
2020-05-01,110.18,110.18,110.18,110.18
2020-05-04,97.42,97.42,97.42,97.42
2020-05-05,97.27,97.27,97.27,97.27
2020-05-06,115.39,115.39,115.39,115.39
2020-05-07,110.62,110.62,110.62,110.62
2020-05-08,98.7,98.7,98.7,98.7
2020-05-11,109.72,109.72,109.72,109.72
2020-05-12,86.86,86.86,86.86,86.86
2020-05-13,82.83,82.83,82.83,82.83
2020-05-14,80.05,80.05,80.05,80.05
2020-05-15,76.39,76.39,76.39,76.39
2020-05-18,76.14,76.14,76.14,76.14
2020-05-19,73.22,73.22,73.22,73.22
2020-05-20,73.62,73.62,73.62,73.62
2020-05-21,89.06,89.06,89.06,89.06
2020-05-22,84.98,84.98,84.98,84.98
2020-05-26,75.47,75.47,75.47,75.47
2020-05-27,73.89,73.89,73.89,73.89
2020-05-28,72.98,72.98,72.98,72.98
2020-05-29,69.23,69.23,69.23,69.23
2020-06-01,64.38,64.38,64.38,64.38
2020-06-02,64.71,64.71,64.71,64.71
2020-06-03,65.73,65.73,65.73,65.73
2020-06-04,65.13,65.13,65.13,65.13
2020-06-05,64.2,64.2,64.2,64.2
2020-06-08,67.24,67.24,67.24,67.24
2020-06-09,67.76,67.76,67.76,67.76
2020-06-10,63.06,63.06,63.06,63.06
2020-06-11,69.96,69.96,69.96,69.96
2020-06-12,70.22,70.22,70.22,70.22
2020-06-15,68.11,68.11,68.11,68.11
2020-06-16,66.63,66.63,66.63,66.63
2020-06-17,61.45,61.45,61.45,61.45
2020-06-18,61.35,61.35,61.35,61.35
2020-06-19,58.73,58.73,58.73,58.73
2020-06-22,56.76,56.76,56.76,56.76
2020-06-23,58.83,58.83,58.83,58.83
2020-06-24,64.96,64.96,64.96,64.96
2020-06-25,62.69,62.69,62.69,62.69
2020-06-26,63.69,63.69,63.69,63.69
2020-06-29,60.04,60.04,60.04,60.04
2020-06-30,57.66,57.66,57.66,57.66
2020-07-01,53.43,53.43,53.43,53.43
2020-07-02,51.29,51.29,51.29,51.29
2020-07-06,50.73,50.73,50.73,50.73
2020-07-07,51.39,51.39,51.39,51.39
2020-07-08,48.85,48.85,48.85,48.85
2020-07-09,53.77,53.77,53.77,53.77
2020-07-10,49.71,49.71,49.71,49.71
2020-07-13,53.41,53.41,53.41,53.41
2020-07-14,53.04,53.04,53.04,53.04
2020-07-15,47.05,47.05,47.05,47.05
2020-07-16,46.12,46.12,46.12,46.12
2020-07-17,40.22,40.22,40.22,40.22
2020-07-20,42.59,42.59,42.59,42.59
2020-07-21,41.1,41.1,41.1,41.1
2020-07-22,41.3,41.3,41.3,41.3
2020-07-23,43.83,43.83,43.83,43.83
2020-07-24,42.35,42.35,42.35,42.35
2020-07-27,41.37,41.37,41.37,41.37
2020-07-28,41.09,41.09,41.09,41.09
2020-07-29,39.58,39.58,39.58,39.58
2020-07-30,42.06,42.06,42.06,42.06
2020-07-31,44.43,44.43,44.43,44.43
2020-08-03,41.56,41.56,41.56,41.56
2020-08-04,40.28,40.28,40.28,40.28
2020-08-05,37.12,37.12,37.12,37.12
2020-08-06,37.59,37.59,37.59,37.59
2020-08-07,37.43,37.43,37.43,37.43
2020-08-10,35.74,35.74,35.74,35.74
2020-08-11,37.5,37.5,37.5,37.5
2020-08-12,34.74,34.74,34.74,34.74
2020-08-13,34.87,34.87,34.87,34.87
2020-08-14,35.1,35.1,35.1,35.1
2020-08-17,32.43,32.43,32.43,32.43
2020-08-18,31.7,31.7,31.7,31.7
2020-08-19,32.85,32.85,32.85,32.85
2020-08-20,32.83,32.83,32.83,32.83
2020-08-21,33.68,33.68,33.68,33.68
2020-08-24,32.25,32.25,32.25,32.25
2020-08-25,33.03,33.03,33.03,33.03
2020-08-26,33.79,33.79,33.79,33.79
2020-08-27,33.74,33.74,33.74,33.74
2020-08-28,32.06,32.06,32.06,32.06
2020-08-31,32.59,32.59,32.59,32.59
2020-09-01,31.74,31.74,31.74,31.74
2020-09-02,35.49,35.49,35.49,35.49
2020-09-03,41.28,41.28,41.28,41.28
2020-09-04,44.02,44.02,44.02,44.02
2020-09-08,55.9,55.9,55.9,55.9
2020-09-09,49.42,49.42,49.42,49.42
2020-09-10,52.16,52.16,52.16,52.16
2020-09-11,50.13,50.13,50.13,50.13
2020-09-14,49.41,49.41,49.41,49.41
2020-09-15,45.19,45.19,45.19,45.19
2020-09-16,41.13,41.13,41.13,41.13
2020-09-17,38.73,38.73,38.73,38.73
2020-09-18,39.07,39.07,39.07,39.07
2020-09-21,42.89,42.89,42.89,42.89
2020-09-22,41.28,41.28,41.28,41.28
2020-09-23,44.64,44.64,44.64,44.64
2020-09-24,42.88,42.88,42.88,42.88
2020-09-25,41.41,41.41,41.41,41.41
2020-09-28,40.64,40.64,40.64,40.64
2020-09-29,46.13,46.13,46.13,46.13
2020-09-30,44.0,44.0,44.0,44.0
2020-10-01,49.35,49.35,49.35,49.35
2020-10-02,55.51,55.51,55.51,55.51
2020-10-05,49.44,49.44,49.44,49.44
2020-10-06,46.6,46.6,46.6,46.6
2020-10-07,45.5,45.5,45.5,45.5
2020-10-08,41.15,41.15,41.15,41.15
2020-10-09,42.38,42.38,42.38,42.38
2020-10-12,44.04,44.04,44.04,44.04
2020-10-13,46.07,46.07,46.07,46.07
2020-10-14,43.53,43.53,43.53,43.53
2020-10-15,43.83,43.83,43.83,43.83
2020-10-19,43.35,43.35,43.35,43.35
2020-10-20,43.85,43.85,43.85,43.85
2020-10-21,47.58,47.58,47.58,47.58
2020-10-22,46.61,46.61,46.61,46.61
2020-10-23,46.32,46.32,46.32,46.32
2020-10-26,53.05,53.05,53.05,53.05
2020-10-27,50.22,50.22,50.22,50.22
2020-10-28,59.61,59.61,59.61,59.61
2020-10-29,63.38,63.38,63.38,63.38
2020-10-30,68.84,68.84,68.84,68.84
2020-11-02,66.73,66.73,66.73,66.73
2020-11-03,63.63,63.63,63.63,63.63
2020-11-04,54.53,54.53,54.53,54.53
2020-11-05,53.69,53.69,53.69,53.69
2020-11-06,55.75,55.75,55.75,55.75
2020-11-09,52.2,52.2,52.2,52.2
2020-11-10,49.64,49.64,49.64,49.64
2020-11-11,49.24,49.24,49.24,49.24
2020-11-12,50.9,50.9,50.9,50.9
2020-11-13,48.24,48.24,48.24,48.24
2020-11-16,46.89,46.89,46.89,46.89
2020-11-17,45.08,45.08,45.08,45.08
2020-11-18,46.06,46.06,46.06,46.06
2020-11-19,46.34,46.34,46.34,46.34
2020-11-20,43.94,43.94,43.94,43.94
2020-11-23,42.79,42.79,42.79,42.79
2020-11-24,42.84,42.84,42.84,42.84
2020-11-25,43.56,43.56,43.56,43.56
2020-11-27,46.21,46.21,46.21,46.21
2020-11-30,47.37,47.37,47.37,47.37
2020-12-01,47.81,47.81,47.81,47.81
2020-12-02,45.68,45.68,45.68,45.68
2020-12-03,40.95,40.95,40.95,40.95
2020-12-04,38.34,38.34,38.34,38.34
2020-12-07,37.68,37.68,37.68,37.68
2020-12-08,37.7,37.7,37.7,37.7
2020-12-09,39.52,39.52,39.52,39.52
2020-12-10,39.7,39.7,39.7,39.7
2020-12-11,39.51,39.51,39.51,39.51
2020-12-14,39.96,39.96,39.96,39.96
2020-12-15,39.34,39.34,39.34,39.34
2020-12-16,38.68,38.68,38.68,38.68
2020-12-17,36.86,36.86,36.86,36.86
2020-12-18,37.15,37.15,37.15,37.15
2020-12-21,41.56,41.56,41.56,41.56
2020-12-22,42.06,42.06,42.06,42.06
2020-12-23,39.89,39.89,39.89,39.89
2020-12-24,39.41,39.41,39.41,39.41
2020-12-28,39.67,39.67,39.67,39.67
2020-12-29,38.64,38.64,38.64,38.64
2020-12-30,38.01,38.01,38.01,38.01
2020-12-31,37.83,37.83,37.83,37.83
2021-01-04,42.12,42.12,42.12,42.12
2021-01-05,40.39,40.39,40.39,40.39
2021-01-06,39.31,39.31,39.31,39.31
2021-01-07,36.06,36.06,36.06,36.06
2021-01-08,36.65,36.65,36.65,36.65
2021-01-11,35.31,35.31,35.31,35.31
2021-01-12,33.85,33.85,33.85,33.85
2021-01-13,36.79,36.79,36.79,36.79
2021-01-14,37.95,37.95,37.95,37.95
2021-01-15,40.39,40.39,40.39,40.39
2021-01-19,35.37,35.37,35.37,35.37
2021-01-20,35.67,35.67,35.67,35.67
2021-01-21,35.05,35.05,35.05,35.05
2021-01-22,36.25,36.25,36.25,36.25
2021-01-25,38.02,38.02,38.02,38.02
2021-01-26,37.13,37.13,37.13,37.13
2021-01-27,40.21,40.21,40.21,40.21
2021-01-28,40.45,40.45,40.45,40.45
2021-01-29,40.2,40.2,40.2,40.2
2021-02-01,39.16,39.16,39.16,39.16
2021-02-02,38.62,38.62,38.62,38.62
2021-02-03,37.11,37.11,37.11,37.11
2021-02-04,35.37,35.37,35.37,35.37
2021-02-05,34.94,34.94,34.94,34.94
2021-02-08,34.48,34.48,34.48,34.48
2021-02-09,33.54,33.54,33.54,33.54
2021-02-10,33.77,33.77,33.77,33.77
2021-02-11,34.33,34.33,34.33,34.33
2021-02-12,34.25,34.25,34.25,34.25
2021-02-16,35.13,35.13,35.13,35.13
2021-02-17,36.9,36.9,36.9,36.9
2021-02-18,37.9,37.9,37.9,37.9
2021-02-19,37.76,37.76,37.76,37.76
2021-02-22,38.57,38.57,38.57,38.57
2021-02-23,39.75,39.75,39.75,39.75
2021-02-24,39.58,39.58,39.58,39.58
2021-02-25,40.58,40.58,40.58,40.58
2021-02-26,42.49,42.49,42.49,42.49
2021-03-01,42.56,42.56,42.56,42.56
2021-03-02,40.96,40.96,40.96,40.96
2021-03-03,39.83,39.83,39.83,39.83
2021-03-04,37.27,37.27,37.27,37.27
2021-03-05,36.61,36.61,36.61,36.61
2021-03-08,38.89,38.89,38.89,38.89
2021-03-09,37.97,37.97,37.97,37.97
2021-03-10,37.56,37.56,37.56,37.56
2021-03-11,37.86,37.86,37.86,37.86
2021-03-12,37.51,37.51,37.51,37.51
2021-03-15,39.38,39.38,39.38,39.38
2021-03-16,39.1,39.1,39.1,39.1
2021-03-17,37.4,37.4,37.4,37.4
2021-03-18,48.44,48.44,48.44,48.44
2021-03-19,44.38,44.38,44.38,44.38
2021-03-22,40.28,40.28,40.28,40.28
2021-03-23,48.62,48.62,48.62,48.62
2021-03-24,64.91,64.91,64.91,64.91
2021-03-25,49.88,49.88,49.88,49.88
2021-03-26,44.93,44.93,44.93,44.93
2021-03-29,44.16,44.16,44.16,44.16
2021-03-30,41.46,41.46,41.46,41.46
2021-03-31,45.65,45.65,45.65,45.65
2021-04-01,40.15,40.15,40.15,40.15
2021-04-02,40.15,40.15,40.15,40.15
2021-04-05,42.0,42.0,42.0,42.0
2021-04-06,42.41,42.41,42.41,42.41
2021-04-07,41.27,41.27,41.27,41.27
2021-04-08,40.7,40.7,40.7,40.7
2021-04-09,39.19,39.19,39.19,39.19
2021-04-12,37.04,37.04,37.04,37.04
2021-04-13,35.2,35.2,35.2,35.2
2021-04-14,35.7,35.7,35.7,35.7
2021-04-15,34.2,34.2,34.2,34.2
2021-04-16,32.79,32.79,32.79,32.79
2021-04-19,35.07,35.07,35.07,35.07
2021-04-20,35.68,35.68,35.68,35.68
2021-04-21,42.44,42.44,42.44,42.44
2021-04-22,39.39,39.39,39.39,39.39
2021-04-23,38.7,38.7,38.7,38.7
2021-04-26,41.23,41.23,41.23,41.23
2021-04-27,38.44,38.44,38.44,38.44
2021-04-28,36.42,36.42,36.42,36.42
2021-04-29,36.37,36.37,36.37,36.37
2021-04-30,38.39,38.39,38.39,38.39
2021-05-03,40.15,40.15,40.15,40.15
2021-05-04,37.15,37.15,37.15,37.15
2021-05-05,38.33,38.33,38.33,38.33
2021-05-06,37.74,37.74,37.74,37.74
2021-05-07,37.63,37.63,37.63,37.63
2021-05-10,37.99,37.99,37.99,37.99
2021-05-11,37.93,37.93,37.93,37.93
2021-05-12,36.94,36.94,36.94,36.94
2021-05-13,37.94,37.94,37.94,37.94
2021-05-14,36.46,36.46,36.46,36.46
2021-05-17,36.42,36.42,36.42,36.42
2021-05-18,37.01,37.01,37.01,37.01
2021-05-19,38.82,38.82,38.82,38.82
2021-05-20,39.43,39.43,39.43,39.43
2021-05-21,39.34,39.34,39.34,39.34
2021-05-24,35.54,35.54,35.54,35.54
2021-05-25,36.23,36.23,36.23,36.23
2021-05-26,33.89,33.89,33.89,33.89
2021-05-27,33.63,33.63,33.63,33.63
2021-05-28,33.54,33.54,33.54,33.54
2021-06-01,33.43,33.43,33.43,33.43
2021-06-02,32.77,32.77,32.77,32.77
2021-06-03,33.89,33.89,33.89,33.89
2021-06-04,31.76,31.76,31.76,31.76
2021-06-07,31.7,31.7,31.7,31.7
2021-06-08,31.95,31.95,31.95,31.95
2021-06-09,31.79,31.79,31.79,31.79
2021-06-10,33.03,33.03,33.03,33.03
2021-06-11,32.55,32.55,32.55,32.55
2021-06-14,33.13,33.13,33.13,33.13
2021-06-15,31.56,31.56,31.56,31.56
2021-06-16,33.83,33.83,33.83,33.83
2021-06-17,36.84,36.84,36.84,36.84
2021-06-18,33.95,33.95,33.95,33.95
2021-06-21,35.01,35.01,35.01,35.01
2021-06-22,34.28,34.28,34.28,34.28
2021-06-23,34.68,34.68,34.68,34.68
2021-06-24,32.05,32.05,32.05,32.05
2021-06-25,31.3,31.3,31.3,31.3
2021-06-28,31.86,31.86,31.86,31.86
2021-06-29,31.99,31.99,31.99,31.99
2021-06-30,32.74,32.74,32.74,32.74
2021-07-01,32.47,32.47,32.47,32.47
2021-07-02,32.87,32.87,32.87,32.87
2021-07-06,37.59,37.59,37.59,37.59
2021-07-07,42.01,42.01,42.01,42.01
2021-07-08,38.8,38.8,38.8,38.8
2021-07-09,37.02,37.02,37.02,37.02
2021-07-12,38.73,38.73,38.73,38.73
2021-07-13,35.4,35.4,35.4,35.4
2021-07-14,38.2,38.2,38.2,38.2
2021-07-15,38.04,38.04,38.04,38.04
2021-07-16,37.15,37.15,37.15,37.15
2021-07-19,46.36,46.36,46.36,46.36
2021-07-20,52.26,52.26,52.26,52.26
2021-07-21,42.91,42.91,42.91,42.91
2021-07-22,36.44,36.44,36.44,36.44
2021-07-23,34.05,34.05,34.05,34.05
2021-07-26,35.59,35.59,35.59,35.59
2021-07-27,35.14,35.14,35.14,35.14
2021-07-28,34.62,34.62,34.62,34.62
2021-07-29,33.36,33.36,33.36,33.36
2021-07-30,32.85,32.85,32.85,32.85
2021-08-02,36.23,36.23,36.23,36.23
2021-08-03,37.55,37.55,37.55,37.55
2021-08-04,42.27,42.27,42.27,42.27
2021-08-05,39.09,39.09,39.09,39.09
2021-08-06,39.31,39.31,39.31,39.31
2021-08-09,43.28,43.28,43.28,43.28
2021-08-10,39.28,39.28,39.28,39.28
2021-08-11,38.32,38.32,38.32,38.32
2021-08-12,36.5,36.5,36.5,36.5
2021-08-13,35.91,35.91,35.91,35.91
2021-08-16,38.84,38.84,38.84,38.84
2021-08-17,39.5,39.5,39.5,39.5
2021-08-18,40.86,40.86,40.86,40.86
2021-08-19,40.98,40.98,40.98,40.98
2021-08-20,40.67,40.67,40.67,40.67
2021-08-23,38.67,38.67,38.67,38.67
2021-08-24,36.79,36.79,36.79,36.79
2021-08-25,35.6,35.6,35.6,35.6
2021-08-26,36.33,36.33,36.33,36.33
2021-08-27,34.93,34.93,34.93,34.93
2021-08-30,35.27,35.27,35.27,35.27
2021-08-31,34.28,34.28,34.28,34.28
2021-09-01,36.13,36.13,36.13,36.13
2021-09-02,31.35,31.35,31.35,31.35
2021-09-03,36.91,36.91,36.91,36.91
2021-09-07,32.91,32.91,32.91,32.91
2021-09-08,31.91,31.91,31.91,31.91
2021-09-09,33.87,33.87,33.87,33.87
2021-09-10,33.54,33.54,33.54,33.54
2021-09-13,32.74,32.74,32.74,32.74
2021-09-14,33.63,33.63,33.63,33.63
2021-09-15,32.38,32.38,32.38,32.38
2021-09-16,33.16,33.16,33.16,33.16
2021-09-17,32.32,32.32,32.32,32.32
2021-09-20,35.23,35.23,35.23,35.23
2021-09-21,34.45,34.45,34.45,34.45
2021-09-22,32.43,32.43,32.43,32.43
2021-09-23,32.3,32.3,32.3,32.3
2021-09-24,34.01,34.01,34.01,34.01
2021-09-27,34.98,34.98,34.98,34.98
2021-09-28,36.1,36.1,36.1,36.1
2021-09-29,35.26,35.26,35.26,35.26
2021-09-30,38.68,38.68,38.68,38.68
2021-10-01,37.38,37.38,37.38,37.38
2021-10-04,37.27,37.27,37.27,37.27
2021-10-05,37.2,37.2,37.2,37.2
2021-10-06,41.02,41.02,41.02,41.02
2021-10-07,46.15,46.15,46.15,46.15
2021-10-08,38.0,38.0,38.0,38.0
2021-10-11,38.51,38.51,38.51,38.51
2021-10-12,37.1,37.1,37.1,37.1
2021-10-13,36.05,36.05,36.05,36.05
2021-10-14,36.98,36.98,36.98,36.98
2021-10-15,34.05,34.05,34.05,34.05
2021-10-18,35.02,35.02,35.02,35.02
2021-10-19,35.14,35.14,35.14,35.14
2021-10-20,35.16,35.16,35.16,35.16
2021-10-21,36.55,36.55,36.55,36.55
2021-10-22,36.87,36.87,36.87,36.87
2021-10-25,36.07,36.07,36.07,36.07
2021-10-26,35.5,35.5,35.5,35.5
2021-10-27,37.63,37.63,37.63,37.63
2021-10-28,37.23,37.23,37.23,37.23
2021-10-29,37.92,37.92,37.92,37.92
2021-11-01,36.74,36.74,36.74,36.74
2021-11-02,35.56,35.56,35.56,35.56
2021-11-03,39.44,39.44,39.44,39.44
2021-11-04,38.56,38.56,38.56,38.56
2021-11-05,37.84,37.84,37.84,37.84
2021-11-08,37.71,37.71,37.71,37.71
2021-11-09,36.33,36.33,36.33,36.33
2021-11-10,37.09,37.09,37.09,37.09
2021-11-11,36.2,36.2,36.2,36.2
2021-11-12,36.1,36.1,36.1,36.1
2021-11-15,36.42,36.42,36.42,36.42
2021-11-16,34.69,34.69,34.69,34.69
2021-11-17,33.75,33.75,33.75,33.75
2021-11-18,37.68,37.68,37.68,37.68
2021-11-19,37.13,37.13,37.13,37.13
2021-11-22,36.61,36.61,36.61,36.61
2021-11-23,35.1,35.1,35.1,35.1
2021-11-24,34.79,34.79,34.79,34.79
2021-11-26,65.72,65.72,65.72,65.72
2021-11-29,63.34,63.34,63.34,63.34
2021-11-30,75.23,75.23,75.23,75.23
2021-12-01,78.18,78.18,78.18,78.18
2021-12-02,57.27,57.27,57.27,57.27
2021-12-03,64.55,64.55,64.55,64.55
2021-12-06,56.21,56.21,56.21,56.21
2021-12-07,48.15,48.15,48.15,48.15
2021-12-08,45.22,45.22,45.22,45.22
2021-12-09,47.43,47.43,47.43,47.43
2021-12-10,46.23,46.23,46.23,46.23
2021-12-13,45.88,45.88,45.88,45.88
2021-12-14,54.76,54.76,54.76,54.76
2021-12-15,56.53,56.53,56.53,56.53
2021-12-16,49.97,49.97,49.97,49.97
2021-12-17,48.31,48.31,48.31,48.31
2021-12-20,60.24,60.24,60.24,60.24
2021-12-21,52.31,52.31,52.31,52.31
2021-12-22,46.0,46.0,46.0,46.0
2021-12-23,43.71,43.71,43.71,43.71
2021-12-24,43.71,43.71,43.71,43.71
2021-12-27,43.58,43.58,43.58,43.58
2021-12-28,41.23,41.23,41.23,41.23
2021-12-29,40.24,40.24,40.24,40.24
2021-12-30,40.2,40.2,40.2,40.2
2021-12-31,42.62,42.62,42.62,42.62
2022-01-03,37.57,37.57,37.57,37.57
2022-01-04,39.48,39.48,39.48,39.48
2022-01-05,44.49,44.49,44.49,44.49
2022-01-06,36.86,36.86,36.86,36.86
2022-01-07,37.0,37.0,37.0,37.0
2022-01-10,37.65,37.65,37.65,37.65
2022-01-11,34.31,34.31,34.31,34.31
2022-01-12,34.39,34.39,34.39,34.39
2022-01-13,37.11,37.11,37.11,37.11
2022-01-14,41.18,41.18,41.18,41.18
2022-01-18,42.28,42.28,42.28,42.28
2022-01-19,42.75,42.75,42.75,42.75
2022-01-20,41.15,41.15,41.15,41.15
2022-01-21,42.57,42.57,42.57,42.57
2022-01-24,47.84,47.84,47.84,47.84
2022-01-25,47.63,47.63,47.63,47.63
2022-01-26,45.67,45.67,45.67,45.67
2022-01-27,46.9,46.9,46.9,46.9
2022-01-28,47.74,47.74,47.74,47.74
2022-01-31,42.35,42.35,42.35,42.35
2022-02-01,41.31,41.31,41.31,41.31
2022-02-02,41.86,41.86,41.86,41.86
2022-02-03,42.15,42.15,42.15,42.15
2022-02-04,43.88,43.88,43.88,43.88
2022-02-07,43.34,43.34,43.34,43.34
2022-02-08,41.26,41.26,41.26,41.26
2022-02-09,39.4,39.4,39.4,39.4
2022-02-10,43.81,43.81,43.81,43.81
2022-02-11,47.44,47.44,47.44,47.44
2022-02-14,48.83,48.83,48.83,48.83
2022-02-15,48.36,48.36,48.36,48.36
2022-02-16,49.38,49.38,49.38,49.38
2022-02-17,53.14,53.14,53.14,53.14
2022-02-18,52.01,52.01,52.01,52.01
2022-02-22,50.11,50.11,50.11,50.11
2022-02-23,50.51,50.51,50.51,50.51
2022-02-24,49.04,49.04,49.04,49.04
2022-02-25,49.5,49.5,49.5,49.5
2022-02-28,52.5,52.5,52.5,52.5
2022-03-01,61.43,61.43,61.43,61.43
2022-03-02,61.53,61.53,61.53,61.53
2022-03-03,64.37,64.37,64.37,64.37
2022-03-04,77.29,77.29,77.29,77.29
2022-03-07,78.91,78.91,78.91,78.91
2022-03-08,75.82,75.82,75.82,75.82
2022-03-09,73.25,73.25,73.25,73.25
2022-03-10,67.34,67.34,67.34,67.34
2022-03-11,68.01,68.01,68.01,68.01
2022-03-14,65.42,65.42,65.42,65.42
2022-03-15,63.62,63.62,63.62,63.62
2022-03-16,59.35,59.35,59.35,59.35
2022-03-17,67.78,67.78,67.78,67.78
2022-03-18,69.09,69.09,69.09,69.09
2022-03-21,70.78,70.78,70.78,70.78
2022-03-22,69.56,69.56,69.56,69.56
2022-03-23,72.59,72.59,72.59,72.59
2022-03-24,69.14,69.14,69.14,69.14
2022-03-25,68.91,68.91,68.91,68.91
2022-03-28,67.04,67.04,67.04,67.04
2022-03-29,62.46,62.46,62.46,62.46
2022-03-30,61.04,61.04,61.04,61.04
2022-03-31,57.66,57.66,57.66,57.66
2022-04-01,54.36,54.36,54.36,54.36
2022-04-04,54.31,54.31,54.31,54.31
2022-04-05,53.8,53.8,53.8,53.8
2022-04-06,53.15,53.15,53.15,53.15
2022-04-07,54.23,54.23,54.23,54.23
2022-04-08,53.14,53.14,53.14,53.14
2022-04-11,54.81,54.81,54.81,54.81
2022-04-12,55.25,55.25,55.25,55.25
2022-04-13,51.2,51.2,51.2,51.2
2022-04-14,53.38,53.38,53.38,53.38
2022-04-18,50.94,50.94,50.94,50.94
2022-04-19,50.34,50.34,50.34,50.34
2022-04-20,52.23,52.23,52.23,52.23
2022-04-21,49.86,49.86,49.86,49.86
2022-04-22,51.15,51.15,51.15,51.15
2022-04-25,52.86,52.86,52.86,52.86
2022-04-26,53.57,53.57,53.57,53.57
2022-04-27,53.38,53.38,53.38,53.38
2022-04-28,51.94,51.94,51.94,51.94
2022-04-29,53.1,53.1,53.1,53.1
2022-05-02,54.15,54.15,54.15,54.15
2022-05-03,54.04,54.04,54.04,54.04
2022-05-04,53.15,53.15,53.15,53.15
2022-05-05,54.72,54.72,54.72,54.72
2022-05-06,54.82,54.82,54.82,54.82
2022-05-09,57.9,57.9,57.9,57.9
2022-05-10,56.06,56.06,56.06,56.06
2022-05-11,53.43,53.43,53.43,53.43
2022-05-12,52.71,52.71,52.71,52.71
2022-05-13,51.22,51.22,51.22,51.22
2022-05-16,51.89,51.89,51.89,51.89
2022-05-17,50.34,50.34,50.34,50.34
2022-05-18,51.89,51.89,51.89,51.89
2022-05-19,51.16,51.16,51.16,51.16
2022-05-20,50.72,50.72,50.72,50.72
2022-05-23,48.63,48.63,48.63,48.63
2022-05-24,47.04,47.04,47.04,47.04
2022-05-25,46.76,46.76,46.76,46.76
2022-05-26,46.03,46.03,46.03,46.03
2022-05-27,47.92,47.92,47.92,47.92
2022-05-31,49.82,49.82,49.82,49.82
2022-06-01,49.14,49.14,49.14,49.14
2022-06-02,47.8,47.8,47.8,47.8
2022-06-03,46.23,46.23,46.23,46.23
2022-06-06,47.9,47.9,47.9,47.9
2022-06-07,45.88,45.88,45.88,45.88
2022-06-08,44.37,44.37,44.37,44.37
2022-06-09,43.87,43.87,43.87,43.87
2022-06-10,42.92,42.92,42.92,42.92
2022-06-13,47.56,47.56,47.56,47.56
2022-06-14,46.63,46.63,46.63,46.63
2022-06-15,47.04,47.04,47.04,47.04
2022-06-16,46.27,46.27,46.27,46.27
2022-06-17,49.19,49.19,49.19,49.19
2022-06-21,46.56,46.56,46.56,46.56
2022-06-22,48.99,48.99,48.99,48.99
2022-06-23,48.58,48.58,48.58,48.58
2022-06-24,46.99,46.99,46.99,46.99
2022-06-27,46.99,46.99,46.99,46.99
2022-06-28,46.59,46.59,46.59,46.59
2022-06-29,48.57,48.57,48.57,48.57
2022-06-30,48.9,48.9,48.9,48.9
2022-07-01,49.4,49.4,49.4,49.4
2022-07-05,52.61,52.61,52.61,52.61
2022-07-06,54.67,54.67,54.67,54.67
2022-07-07,52.87,52.87,52.87,52.87
2022-07-08,52.1,52.1,52.1,52.1
2022-07-11,53.1,53.1,53.1,53.1
2022-07-12,54.4,54.4,54.4,54.4
2022-07-13,51.76,51.76,51.76,51.76
2022-07-14,53.03,53.03,53.03,53.03
2022-07-15,51.77,51.77,51.77,51.77
2022-07-18,49.66,49.66,49.66,49.66
2022-07-19,48.77,48.77,48.77,48.77
2022-07-20,47.54,47.54,47.54,47.54
2022-07-21,51.1,51.1,51.1,51.1
2022-07-22,47.84,47.84,47.84,47.84
2022-07-25,47.96,47.96,47.96,47.96
2022-07-26,47.81,47.81,47.81,47.81
2022-07-27,48.99,48.99,48.99,48.99
2022-07-28,47.17,47.17,47.17,47.17
2022-07-29,46.19,46.19,46.19,46.19
2022-08-01,49.97,49.97,49.97,49.97
2022-08-02,52.77,52.77,52.77,52.77
2022-08-03,50.12,50.12,50.12,50.12
2022-08-04,55.14,55.14,55.14,55.14
2022-08-05,48.76,48.76,48.76,48.76
2022-08-08,46.4,46.4,46.4,46.4
2022-08-09,46.23,46.23,46.23,46.23
2022-08-10,46.56,46.56,46.56,46.56
2022-08-11,45.37,45.37,45.37,45.37
2022-08-12,44.0,44.0,44.0,44.0
2022-08-15,46.63,46.63,46.63,46.63
2022-08-16,50.25,50.25,50.25,50.25
2022-08-17,51.55,51.55,51.55,51.55
2022-08-18,47.41,47.41,47.41,47.41
2022-08-19,50.34,50.34,50.34,50.34
2022-08-22,50.64,50.64,50.64,50.64
2022-08-23,47.35,47.35,47.35,47.35
2022-08-24,48.33,48.33,48.33,48.33
2022-08-25,48.78,48.78,48.78,48.78
2022-08-26,47.08,47.08,47.08,47.08
2022-08-29,47.73,47.73,47.73,47.73
2022-08-30,49.74,49.74,49.74,49.74
2022-08-31,52.11,52.11,52.11,52.11
2022-09-01,53.9,53.9,53.9,53.9
2022-09-02,53.9,53.9,53.9,53.9
2022-09-06,50.0,50.0,50.0,50.0
2022-09-07,53.32,53.32,53.32,53.32
2022-09-08,51.29,51.29,51.29,51.29
2022-09-09,48.84,48.84,48.84,48.84
2022-09-12,44.15,44.15,44.15,44.15
2022-09-13,44.81,44.81,44.81,44.81
2022-09-14,45.62,45.62,45.62,45.62
2022-09-15,46.63,46.63,46.63,46.63
2022-09-16,47.44,47.44,47.44,47.44
2022-09-19,46.75,46.75,46.75,46.75
2022-09-20,48.23,48.23,48.23,48.23
2022-09-21,48.65,48.65,48.65,48.65
2022-09-22,47.1,47.1,47.1,47.1
2022-09-23,50.82,50.82,50.82,50.82
2022-09-26,56.68,56.68,56.68,56.68
2022-09-27,55.89,55.89,55.89,55.89
2022-09-28,55.02,55.02,55.02,55.02
2022-09-29,54.41,54.41,54.41,54.41
2022-09-30,55.69,55.69,55.69,55.69
2022-10-03,56.24,56.24,56.24,56.24
2022-10-04,59.51,59.51,59.51,59.51
2022-10-05,54.2,54.2,54.2,54.2
2022-10-06,53.39,53.39,53.39,53.39
2022-10-07,53.64,53.64,53.64,53.64
2022-10-10,51.42,51.42,51.42,51.42
2022-10-11,51.92,51.92,51.92,51.92
2022-10-12,51.52,51.52,51.52,51.52
2022-10-13,50.52,50.52,50.52,50.52
2022-10-14,50.3,50.3,50.3,50.3
2022-10-17,50.27,50.27,50.27,50.27
2022-10-18,49.12,49.12,49.12,49.12
2022-10-19,47.78,47.78,47.78,47.78
2022-10-20,47.98,47.98,47.98,47.98
2022-10-21,47.19,47.19,47.19,47.19
2022-10-24,47.78,47.78,47.78,47.78
2022-10-25,47.3,47.3,47.3,47.3
2022-10-26,48.58,48.58,48.58,48.58
2022-10-27,49.02,49.02,49.02,49.02
2022-10-28,47.81,47.81,47.81,47.81
2022-10-31,47.41,47.41,47.41,47.41
2022-11-01,47.04,47.04,47.04,47.04
2022-11-02,47.75,47.75,47.75,47.75
2022-11-03,46.47,46.47,46.47,46.47
2022-11-04,47.5,47.5,47.5,47.5
2022-11-07,45.11,45.11,45.11,45.11
2022-11-08,45.04,45.04,45.04,45.04
2022-11-09,45.38,45.38,45.38,45.38
2022-11-10,43.48,43.48,43.48,43.48
2022-11-11,42.06,42.06,42.06,42.06
2022-11-14,44.42,44.42,44.42,44.42
2022-11-15,46.72,46.72,46.72,46.72
2022-11-16,45.12,45.12,45.12,45.12
2022-11-17,45.34,45.34,45.34,45.34
2022-11-18,45.93,45.93,45.93,45.93
2022-11-21,47.11,47.11,47.11,47.11
2022-11-22,46.3,46.3,46.3,46.3
2022-11-23,51.56,51.56,51.56,51.56
2022-11-25,50.16,50.16,50.16,50.16
2022-11-28,50.53,50.53,50.53,50.53
2022-11-29,47.91,47.91,47.91,47.91
2022-11-30,46.15,46.15,46.15,46.15
2022-12-01,45.61,45.61,45.61,45.61
2022-12-02,45.76,45.76,45.76,45.76
2022-12-05,45.41,45.41,45.41,45.41
2022-12-06,46.36,46.36,46.36,46.36
2022-12-07,47.91,47.91,47.91,47.91
2022-12-08,47.17,47.17,47.17,47.17
2022-12-09,46.93,46.93,46.93,46.93
2022-12-12,44.99,44.99,44.99,44.99
2022-12-13,43.37,43.37,43.37,43.37
2022-12-14,41.82,41.82,41.82,41.82
2022-12-15,43.7,43.7,43.7,43.7
2022-12-16,42.29,42.29,42.29,42.29
2022-12-19,42.47,42.47,42.47,42.47
2022-12-20,41.79,41.79,41.79,41.79
2022-12-21,41.18,41.18,41.18,41.18
2022-12-22,41.8,41.8,41.8,41.8
2022-12-23,41.21,41.21,41.21,41.21
2022-12-27,43.5,43.5,43.5,43.5
2022-12-28,43.95,43.95,43.95,43.95
2022-12-29,42.6,42.6,42.6,42.6
2022-12-30,41.26,41.26,41.26,41.26
2023-01-03,44.14,44.14,44.14,44.14
2023-01-04,45.83,45.83,45.83,45.83
2023-01-05,43.93,43.93,43.93,43.93
2023-01-06,42.94,42.94,42.94,42.94
2023-01-09,42.75,42.75,42.75,42.75
2023-01-10,41.6,41.6,41.6,41.6
2023-01-11,41.19,41.19,41.19,41.19
2023-01-12,39.28,39.28,39.28,39.28
2023-01-13,38.19,38.19,38.19,38.19
2023-01-17,40.1,40.1,40.1,40.1
2023-01-18,39.25,39.25,39.25,39.25
2023-01-19,39.02,39.02,39.02,39.02
2023-01-20,37.81,37.81,37.81,37.81
2023-01-23,37.3,37.3,37.3,37.3
2023-01-24,38.26,38.26,38.26,38.26
2023-01-25,38.54,38.54,38.54,38.54
2023-01-26,38.12,38.12,38.12,38.12
2023-01-27,38.6,38.6,38.6,38.6
2023-01-30,40.18,40.18,40.18,40.18
2023-01-31,38.55,38.55,38.55,38.55
2023-02-01,37.99,37.99,37.99,37.99
2023-02-02,38.49,38.49,38.49,38.49
2023-02-03,39.48,39.48,39.48,39.48
2023-02-06,38.92,38.92,38.92,38.92
2023-02-07,37.31,37.31,37.31,37.31
2023-02-08,37.02,37.02,37.02,37.02
2023-02-09,35.75,35.75,35.75,35.75
2023-02-10,35.89,35.89,35.89,35.89
2023-02-13,37.77,37.77,37.77,37.77
2023-02-14,36.67,36.67,36.67,36.67
2023-02-15,35.7,35.7,35.7,35.7
2023-02-16,35.03,35.03,35.03,35.03
2023-02-17,36.04,36.04,36.04,36.04
2023-02-21,37.05,37.05,37.05,37.05
2023-02-22,38.36,38.36,38.36,38.36
2023-02-23,36.69,36.69,36.69,36.69
2023-02-24,37.25,37.25,37.25,37.25
2023-02-27,37.55,37.55,37.55,37.55
2023-02-28,35.42,35.42,35.42,35.42
2023-03-01,36.63,36.63,36.63,36.63
2023-03-02,35.61,35.61,35.61,35.61
2023-03-03,35.2,35.2,35.2,35.2
2023-03-06,33.03,33.03,33.03,33.03
2023-03-07,33.76,33.76,33.76,33.76
2023-03-08,33.39,33.39,33.39,33.39
2023-03-09,34.86,34.86,34.86,34.86
2023-03-10,36.76,36.76,36.76,36.76
2023-03-13,38.13,38.13,38.13,38.13
2023-03-14,47.41,47.41,47.41,47.41
2023-03-15,49.78,49.78,49.78,49.78
2023-03-16,48.65,48.65,48.65,48.65
2023-03-17,51.48,51.48,51.48,51.48
2023-03-20,51.14,51.14,51.14,51.14
2023-03-21,48.12,48.12,48.12,48.12
2023-03-22,46.97,46.97,46.97,46.97
2023-03-23,46.9,46.9,46.9,46.9
2023-03-24,48.36,48.36,48.36,48.36
2023-03-27,45.41,45.41,45.41,45.41
2023-03-28,44.31,44.31,44.31,44.31
2023-03-29,43.33,43.33,43.33,43.33
2023-03-30,42.02,42.02,42.02,42.02
2023-03-31,40.34,40.34,40.34,40.34
2023-04-03,39.49,39.49,39.49,39.49
2023-04-04,39.42,39.42,39.42,39.42
2023-04-05,39.14,39.14,39.14,39.14
2023-04-06,34.76,34.76,34.76,34.76
2023-04-10,34.31,34.31,34.31,34.31
2023-04-11,34.23,34.23,34.23,34.23
2023-04-12,33.74,33.74,33.74,33.74
2023-04-13,32.78,32.78,32.78,32.78
2023-04-14,32.51,32.51,32.51,32.51
2023-04-17,32.93,32.93,32.93,32.93
2023-04-18,33.69,33.69,33.69,33.69
2023-04-19,34.44,34.44,34.44,34.44
2023-04-20,36.41,36.41,36.41,36.41
2023-04-21,35.17,35.17,35.17,35.17
2023-04-24,34.28,34.28,34.28,34.28
2023-04-25,36.64,36.64,36.64,36.64
2023-04-26,39.25,39.25,39.25,39.25
2023-04-27,37.76,37.76,37.76,37.76
2023-04-28,35.63,35.63,35.63,35.63
2023-05-01,35.94,35.94,35.94,35.94
2023-05-02,39.48,39.48,39.48,39.48
2023-05-03,43.23,43.23,43.23,43.23
2023-05-04,43.75,43.75,43.75,43.75
2023-05-05,37.35,37.35,37.35,37.35
2023-05-08,35.54,35.54,35.54,35.54
2023-05-09,35.13,35.13,35.13,35.13
2023-05-10,34.13,34.13,34.13,34.13
2023-05-11,35.74,35.74,35.74,35.74
2023-05-12,37.32,37.32,37.32,37.32
2023-05-15,35.16,35.16,35.16,35.16
2023-05-16,35.98,35.98,35.98,35.98
2023-05-17,36.44,36.44,36.44,36.44
2023-05-18,36.02,36.02,36.02,36.02
2023-05-19,35.85,35.85,35.85,35.85
2023-05-22,35.52,35.52,35.52,35.52
2023-05-23,35.11,35.11,35.11,35.11
2023-05-24,35.86,35.86,35.86,35.86
2023-05-25,36.74,36.74,36.74,36.74
2023-05-26,35.95,35.95,35.95,35.95
2023-05-30,39.68,39.68,39.68,39.68
2023-05-31,40.68,40.68,40.68,40.68
2023-06-01,40.5,40.5,40.5,40.5
2023-06-02,39.6,39.6,39.6,39.6
2023-06-05,37.45,37.45,37.45,37.45
2023-06-06,36.07,36.07,36.07,36.07
2023-06-07,34.13,34.13,34.13,34.13
2023-06-08,35.18,35.18,35.18,35.18
2023-06-09,33.7,33.7,33.7,33.7
2023-06-12,36.35,36.35,36.35,36.35
2023-06-13,32.38,32.38,32.38,32.38
2023-06-14,33.66,33.66,33.66,33.66
2023-06-15,33.07,33.07,33.07,33.07
2023-06-16,32.99,32.99,32.99,32.99
2023-06-20,34.75,34.75,34.75,34.75
2023-06-21,33.26,33.26,33.26,33.26
2023-06-22,34.93,34.93,34.93,34.93
2023-06-23,35.36,35.36,35.36,35.36
2023-06-26,36.67,36.67,36.67,36.67
2023-06-27,39.3,39.3,39.3,39.3
2023-06-28,36.86,36.86,36.86,36.86
2023-06-29,35.42,35.42,35.42,35.42
2023-06-30,33.28,33.28,33.28,33.28
2023-07-03,33.88,33.88,33.88,33.88
2023-07-05,33.91,33.91,33.91,33.91
2023-07-06,35.13,35.13,35.13,35.13
2023-07-07,34.55,34.55,34.55,34.55
2023-07-10,38.35,38.35,38.35,38.35
2023-07-11,32.43,32.43,32.43,32.43
2023-07-12,32.69,32.69,32.69,32.69
2023-07-13,30.04,30.04,30.04,30.04
2023-07-14,30.0,30.0,30.0,30.0
2023-07-17,31.34,31.34,31.34,31.34
2023-07-18,30.66,30.66,30.66,30.66
2023-07-19,31.06,31.06,31.06,31.06
2023-07-20,30.15,30.15,30.15,30.15
2023-07-21,29.65,29.65,29.65,29.65
2023-07-24,30.11,30.11,30.11,30.11
2023-07-25,30.63,30.63,30.63,30.63
2023-07-26,29.97,29.97,29.97,29.97
2023-07-27,29.12,29.12,29.12,29.12
2023-07-28,29.41,29.41,29.41,29.41
2023-07-31,28.48,28.48,28.48,28.48
2023-08-01,28.35,28.35,28.35,28.35
2023-08-02,28.74,28.74,28.74,28.74
2023-08-03,28.54,28.54,28.54,28.54
2023-08-04,28.06,28.06,28.06,28.06
2023-08-07,27.73,27.73,27.73,27.73
2023-08-08,27.14,27.14,27.14,27.14
2023-08-09,28.56,28.56,28.56,28.56
2023-08-10,27.27,27.27,27.27,27.27
2023-08-11,28.04,28.04,28.04,28.04
2023-08-14,27.55,27.55,27.55,27.55
2023-08-15,28.3,28.3,28.3,28.3
2023-08-16,28.54,28.54,28.54,28.54
2023-08-17,29.3,29.3,29.3,29.3
2023-08-18,28.43,28.43,28.43,28.43
2023-08-21,28.9,28.9,28.9,28.9
2023-08-22,28.56,28.56,28.56,28.56
2023-08-23,28.47,28.47,28.47,28.47
2023-08-24,28.88,28.88,28.88,28.88
2023-08-25,28.81,28.81,28.81,28.81
2023-08-28,28.66,28.66,28.66,28.66
2023-08-29,27.63,27.63,27.63,27.63
2023-08-30,26.63,26.63,26.63,26.63
2023-08-31,26.56,26.56,26.56,26.56
2023-09-01,27.48,27.48,27.48,27.48
2023-09-05,28.65,28.65,28.65,28.65
2023-09-06,28.33,28.33,28.33,28.33
2023-09-07,27.59,27.59,27.59,27.59
2023-09-08,27.16,27.16,27.16,27.16
2023-09-11,24.37,24.37,24.37,24.37
2023-09-12,24.23,24.23,24.23,24.23
2023-09-13,25.06,25.06,25.06,25.06
2023-09-14,26.56,26.56,26.56,26.56
2023-09-15,27.16,27.16,27.16,27.16
2023-09-18,27.91,27.91,27.91,27.91
2023-09-19,30.32,30.32,30.32,30.32
2023-09-20,30.38,30.38,30.38,30.38
2023-09-21,31.35,31.35,31.35,31.35
2023-09-22,30.61,30.61,30.61,30.61
2023-09-25,30.96,30.96,30.96,30.96
2023-09-26,31.3,31.3,31.3,31.3
2023-09-27,32.48,32.48,32.48,32.48
2023-09-28,31.62,31.62,31.62,31.62
2023-09-29,32.24,32.24,32.24,32.24
2023-10-02,32.0,32.0,32.0,32.0
2023-10-03,33.25,33.25,33.25,33.25
2023-10-04,35.35,35.35,35.35,35.35
2023-10-05,36.59,36.59,36.59,36.59
2023-10-06,35.68,35.68,35.68,35.68
2023-10-09,39.85,39.85,39.85,39.85
2023-10-10,39.54,39.54,39.54,39.54
2023-10-11,38.94,38.94,38.94,38.94
2023-10-12,38.52,38.52,38.52,38.52
2023-10-13,44.24,44.24,44.24,44.24
2023-10-16,40.7,40.7,40.7,40.7
2023-10-17,41.37,41.37,41.37,41.37
2023-10-18,44.4,44.4,44.4,44.4
2023-10-19,45.7,45.7,45.7,45.7
2023-10-20,43.79,43.79,43.79,43.79
2023-10-23,41.74,41.74,41.74,41.74
2023-10-24,41.08,41.08,41.08,41.08
2023-10-25,44.91,44.91,44.91,44.91
2023-10-26,43.93,43.93,43.93,43.93
2023-10-27,46.64,46.64,46.64,46.64
2023-10-30,44.01,44.01,44.01,44.01
2023-10-31,41.99,41.99,41.99,41.99
2023-11-01,40.52,40.52,40.52,40.52
2023-11-02,39.79,39.79,39.79,39.79
2023-11-03,38.53,38.53,38.53,38.53
2023-11-06,36.31,36.31,36.31,36.31
2023-11-07,38.72,38.72,38.72,38.72
2023-11-08,40.44,40.44,40.44,40.44
2023-11-09,41.23,41.23,41.23,41.23
2023-11-10,39.29,39.29,39.29,39.29
2023-11-13,39.4,39.4,39.4,39.4
2023-11-14,38.29,38.29,38.29,38.29
2023-11-15,39.51,39.51,39.51,39.51
2023-11-16,42.53,42.53,42.53,42.53
2023-11-17,40.43,40.43,40.43,40.43
2023-11-20,39.0,39.0,39.0,39.0
2023-11-21,38.52,38.52,38.52,38.52
2023-11-22,42.76,42.76,42.76,42.76
2023-11-24,43.38,43.38,43.38,43.38
2023-11-27,43.9,43.9,43.9,43.9
2023-11-28,43.14,43.14,43.14,43.14
2023-11-29,42.9,42.9,42.9,42.9
2023-11-30,39.4,39.4,39.4,39.4
2023-12-01,35.7,35.7,35.7,35.7
2023-12-04,38.08,38.08,38.08,38.08
2023-12-05,36.36,36.36,36.36,36.36
2023-12-06,39.72,39.72,39.72,39.72
2023-12-07,37.82,37.82,37.82,37.82
2023-12-08,36.24,36.24,36.24,36.24
2023-12-11,35.3,35.3,35.3,35.3
2023-12-12,36.38,36.38,36.38,36.38
2023-12-13,36.6,36.6,36.6,36.6
2023-12-14,33.98,33.98,33.98,33.98
2023-12-15,35.13,35.13,35.13,35.13
2023-12-18,37.09,37.09,37.09,37.09
2023-12-19,35.04,35.04,35.04,35.04
2023-12-20,34.98,34.98,34.98,34.98
2023-12-21,35.44,35.44,35.44,35.44
2023-12-22,33.32,33.32,33.32,33.32
2023-12-26,34.53,34.53,34.53,34.53
2023-12-27,35.41,35.41,35.41,35.41
2023-12-28,36.45,36.45,36.45,36.45
2023-12-29,36.22,36.22,36.22,36.22
2024-01-02,39.05,39.05,39.05,39.05
2024-01-03,38.22,38.22,38.22,38.22
2024-01-04,37.58,37.58,37.58,37.58
2024-01-05,36.07,36.07,36.07,36.07
2024-01-08,36.79,36.79,36.79,36.79
2024-01-09,36.09,36.09,36.09,36.09
2024-01-10,36.35,36.35,36.35,36.35
2024-01-11,36.78,36.78,36.78,36.78
2024-01-12,40.64,40.64,40.64,40.64
2024-01-16,38.34,38.34,38.34,38.34
2024-01-17,37.06,37.06,37.06,37.06
2024-01-18,35.98,35.98,35.98,35.98
2024-01-19,35.79,35.79,35.79,35.79
2024-01-22,35.71,35.71,35.71,35.71
2024-01-23,34.99,34.99,34.99,34.99
2024-01-24,33.99,33.99,33.99,33.99
2024-01-25,35.1,35.1,35.1,35.1
2024-01-26,34.78,34.78,34.78,34.78
2024-01-29,36.32,36.32,36.32,36.32
2024-01-30,36.19,36.19,36.19,36.19
2024-01-31,37.25,37.25,37.25,37.25
2024-02-01,35.38,35.38,35.38,35.38
2024-02-02,34.85,34.85,34.85,34.85
2024-02-05,34.43,34.43,34.43,34.43
2024-02-06,33.01,33.01,33.01,33.01
2024-02-07,31.21,31.21,31.21,31.21
2024-02-08,31.64,31.64,31.64,31.64
2024-02-09,32.44,32.44,32.44,32.44
2024-02-12,32.69,32.69,32.69,32.69
2024-02-13,32.37,32.37,32.37,32.37
2024-02-14,32.76,32.76,32.76,32.76
2024-02-15,32.02,32.02,32.02,32.02
2024-02-16,30.84,30.84,30.84,30.84
2024-02-20,31.81,31.81,31.81,31.81
2024-02-21,31.05,31.05,31.05,31.05
2024-02-22,30.55,30.55,30.55,30.55
2024-02-23,31.31,31.31,31.31,31.31
2024-02-26,31.71,31.71,31.71,31.71
2024-02-27,31.35,31.35,31.35,31.35
2024-02-28,31.21,31.21,31.21,31.21
2024-02-29,31.5,31.5,31.5,31.5
2024-03-01,31.08,31.08,31.08,31.08
2024-03-04,30.47,30.47,30.47,30.47
2024-03-05,30.19,30.19,30.19,30.19
2024-03-06,29.57,29.57,29.57,29.57
2024-03-07,29.57,29.57,29.57,29.57
2024-03-08,29.64,29.64,29.64,29.64
2024-03-11,29.11,29.11,29.11,29.11
2024-03-12,29.36,29.36,29.36,29.36
2024-03-13,29.52,29.52,29.52,29.52
2024-03-14,31.51,31.51,31.51,31.51
2024-03-15,29.77,29.77,29.77,29.77
2024-03-18,29.81,29.81,29.81,29.81
2024-03-19,29.22,29.22,29.22,29.22
2024-03-20,28.82,28.82,28.82,28.82
2024-03-21,27.53,27.53,27.53,27.53
2024-03-22,26.92,26.92,26.92,26.92
2024-03-25,27.49,27.49,27.49,27.49
2024-03-26,27.25,27.25,27.25,27.25
2024-03-27,26.6,26.6,26.6,26.6
2024-03-28,26.27,26.27,26.27,26.27
2024-04-01,27.65,27.65,27.65,27.65
2024-04-02,29.04,29.04,29.04,29.04
2024-04-03,29.08,29.08,29.08,29.08
2024-04-04,32.17,32.17,32.17,32.17
2024-04-05,32.36,32.36,32.36,32.36
2024-04-08,30.57,30.57,30.57,30.57
2024-04-09,28.96,28.96,28.96,28.96
2024-04-10,30.08,30.08,30.08,30.08
2024-04-11,31.27,31.27,31.27,31.27
2024-04-12,32.19,32.19,32.19,32.19
2024-04-15,35.59,35.59,35.59,35.59
2024-04-16,33.61,33.61,33.61,33.61
2024-04-17,33.0,33.0,33.0,33.0
2024-04-18,31.4,31.4,31.4,31.4
2024-04-19,31.86,31.86,31.86,31.86
2024-04-22,29.7,29.7,29.7,29.7
2024-04-23,28.86,28.86,28.86,28.86
2024-04-24,29.04,29.04,29.04,29.04
2024-04-25,28.34,28.34,28.34,28.34
2024-04-26,27.81,27.81,27.81,27.81
2024-04-29,27.84,27.84,27.84,27.84
2024-04-30,27.87,27.87,27.87,27.87
2024-05-01,28.7,28.7,28.7,28.7
2024-05-02,27.65,27.65,27.65,27.65
2024-05-03,28.09,28.09,28.09,28.09
2024-05-06,28.58,28.58,28.58,28.58
2024-05-07,27.83,27.83,27.83,27.83
2024-05-08,27.91,27.91,27.91,27.91
2024-05-09,27.95,27.95,27.95,27.95
2024-05-10,27.88,27.88,27.88,27.88
2024-05-13,28.04,28.04,28.04,28.04
2024-05-14,28.01,28.01,28.01,28.01
2024-05-15,28.07,28.07,28.07,28.07
2024-05-16,27.08,27.08,27.08,27.08
2024-05-17,28.06,28.06,28.06,28.06
2024-05-20,27.89,27.89,27.89,27.89
2024-05-21,27.38,27.38,27.38,27.38
2024-05-22,27.71,27.71,27.71,27.71
2024-05-23,28.66,28.66,28.66,28.66
2024-05-24,27.56,27.56,27.56,27.56
2024-05-28,27.53,27.53,27.53,27.53
2024-05-29,26.77,26.77,26.77,26.77
2024-05-30,29.24,29.24,29.24,29.24
2024-05-31,30.34,30.34,30.34,30.34
2024-06-03,30.84,30.84,30.84,30.84
2024-06-04,30.59,30.59,30.59,30.59
2024-06-05,29.18,29.18,29.18,29.18
2024-06-06,27.71,27.71,27.71,27.71
2024-06-07,26.42,26.42,26.42,26.42
2024-06-10,25.69,25.69,25.69,25.69
2024-06-11,25.54,25.54,25.54,25.54
2024-06-12,24.8,24.8,24.8,24.8
2024-06-13,24.45,24.45,24.45,24.45
2024-06-14,24.71,24.71,24.71,24.71
2024-06-17,24.17,24.17,24.17,24.17
2024-06-18,23.73,23.73,23.73,23.73
2024-06-20,24.23,24.23,24.23,24.23
2024-06-21,24.74,24.74,24.74,24.74
2024-06-24,25.42,25.42,25.42,25.42
2024-06-25,25.75,25.75,25.75,25.75
2024-06-26,26.24,26.24,26.24,26.24
2024-06-27,26.28,26.28,26.28,26.28
2024-06-28,26.54,26.54,26.54,26.54
2024-07-01,27.29,27.29,27.29,27.29
2024-07-02,25.82,25.82,25.82,25.82
2024-07-03,24.62,24.62,24.62,24.62
2024-07-05,23.78,23.78,23.78,23.78
2024-07-08,23.81,23.81,23.81,23.81
2024-07-09,24.19,24.19,24.19,24.19
2024-07-10,24.01,24.01,24.01,24.01
2024-07-11,24.01,24.01,24.01,24.01
2024-07-12,24.12,24.12,24.12,24.12
2024-07-15,23.83,23.83,23.83,23.83
2024-07-16,24.41,24.41,24.41,24.41
2024-07-17,25.28,25.28,25.28,25.28
2024-07-18,25.68,25.68,25.68,25.68
2024-07-19,26.83,26.83,26.83,26.83
2024-07-22,26.83,26.83,26.83,26.83
2024-07-23,26.74,26.74,26.74,26.74
2024-07-24,26.85,26.85,26.85,26.85
2024-07-25,26.49,26.49,26.49,26.49
2024-07-26,29.77,29.77,29.77,29.77
2024-07-29,30.82,30.82,30.82,30.82
2024-07-30,31.49,31.49,31.49,31.49
2024-07-31,33.69,33.69,33.69,33.69
2024-08-01,33.42,33.42,33.42,33.42
2024-08-02,38.83,38.83,38.83,38.83
2024-08-05,43.63,43.63,43.63,43.63
2024-08-06,40.42,40.42,40.42,40.42
2024-08-07,38.01,38.01,38.01,38.01
2024-08-08,34.77,34.77,34.77,34.77
2024-08-09,33.37,33.37,33.37,33.37
2024-08-12,35.17,35.17,35.17,35.17
2024-08-13,33.26,33.26,33.26,33.26
2024-08-14,31.51,31.51,31.51,31.51
2024-08-15,31.14,31.14,31.14,31.14
2024-08-16,31.0,31.0,31.0,31.0
2024-08-19,32.03,32.03,32.03,32.03
2024-08-20,32.05,32.05,32.05,32.05
2024-08-21,32.7,32.7,32.7,32.7
2024-08-22,31.73,31.73,31.73,31.73
2024-08-23,30.54,30.54,30.54,30.54
2024-08-26,30.99,30.99,30.99,30.99
2024-08-27,31.25,31.25,31.25,31.25
2024-08-28,32.12,32.12,32.12,32.12
2024-08-29,31.81,31.81,31.81,31.81
2024-08-30,33.36,33.36,33.36,33.36
2024-09-03,35.36,35.36,35.36,35.36
2024-09-04,37.95,37.95,37.95,37.95
2024-09-05,36.61,36.61,36.61,36.61
2024-09-06,37.58,37.58,37.58,37.58
2024-09-09,37.0,37.0,37.0,37.0
2024-09-10,40.23,40.23,40.23,40.23
2024-09-11,37.76,37.76,37.76,37.76
2024-09-12,36.07,36.07,36.07,36.07
2024-09-13,35.22,35.22,35.22,35.22
2024-09-16,34.71,34.71,34.71,34.71
2024-09-17,35.29,35.29,35.29,35.29
2024-09-18,36.19,36.19,36.19,36.19
2024-09-19,33.72,33.72,33.72,33.72
2024-09-20,32.22,32.22,32.22,32.22
2024-09-23,34.39,34.39,34.39,34.39
2024-09-24,33.76,33.76,33.76,33.76
2024-09-25,34.4,34.4,34.4,34.4
2024-09-26,39.76,39.76,39.76,39.76
2024-09-27,39.62,39.62,39.62,39.62
2024-09-30,39.86,39.86,39.86,39.86
2024-10-01,42.87,42.87,42.87,42.87
2024-10-02,46.52,46.52,46.52,46.52
2024-10-03,54.5,54.5,54.5,54.5
2024-10-04,46.37,46.37,46.37,46.37
2024-10-07,48.32,48.32,48.32,48.32
2024-10-08,52.35,52.35,52.35,52.35
2024-10-09,48.8,48.8,48.8,48.8
2024-10-10,52.36,52.36,52.36,52.36
2024-10-11,52.68,52.68,52.68,52.68
2024-10-14,51.62,51.62,51.62,51.62
2024-10-15,48.64,48.64,48.64,48.64
2024-10-16,47.84,47.84,47.84,47.84
2024-10-17,46.88,46.88,46.88,46.88
2024-10-18,47.22,47.22,47.22,47.22
2024-10-21,46.82,46.82,46.82,46.82
2024-10-22,47.69,47.69,47.69,47.69
2024-10-23,47.78,47.78,47.78,47.78
2024-10-24,46.66,46.66,46.66,46.66
2024-10-25,48.97,48.97,48.97,48.97
2024-10-28,42.96,42.96,42.96,42.96
2024-10-29,42.47,42.47,42.47,42.47
2024-10-30,41.13,41.13,41.13,41.13
2024-10-31,48.79,48.79,48.79,48.79
2024-11-01,44.14,44.14,44.14,44.14
2024-11-04,45.75,45.75,45.75,45.75
2024-11-05,45.61,45.61,45.61,45.61
2024-11-06,44.74,44.74,44.74,44.74
2024-11-07,42.55,42.55,42.55,42.55
2024-11-08,38.76,38.76,38.76,38.76
2024-11-11,37.74,37.74,37.74,37.74
2024-11-12,34.32,34.32,34.32,34.32
2024-11-13,37.12,37.12,37.12,37.12
2024-11-14,30.9,30.9,30.9,30.9
2024-11-15,35.07,35.07,35.07,35.07
2024-11-18,36.89,36.89,36.89,36.89
2024-11-19,37.28,37.28,37.28,37.28
2024-11-20,36.74,36.74,36.74,36.74
2024-11-21,36.91,36.91,36.91,36.91
2024-11-22,35.74,35.74,35.74,35.74
2024-11-25,37.44,37.44,37.44,37.44
2024-11-26,38.74,38.74,38.74,38.74
2024-11-27,37.0,37.0,37.0,37.0
2024-11-29,34.95,34.95,34.95,34.95
2024-12-02,34.71,34.71,34.71,34.71
2024-12-03,34.55,34.55,34.55,34.55
2024-12-04,33.82,33.82,33.82,33.82
2024-12-05,29.45,29.45,29.45,29.45
2024-12-06,30.98,30.98,30.98,30.98
2024-12-09,27.7,27.7,27.7,27.7
2024-12-10,28.61,28.61,28.61,28.61
2024-12-11,31.99,31.99,31.99,31.99
2024-12-12,33.64,33.64,33.64,33.64
2024-12-13,34.92,34.92,34.92,34.92
2024-12-16,33.41,33.41,33.41,33.41
2024-12-17,30.71,30.71,30.71,30.71
2024-12-18,32.6,32.6,32.6,32.6
2024-12-19,30.5,30.5,30.5,30.5
2024-12-20,29.27,29.27,29.27,29.27
2024-12-23,30.16,30.16,30.16,30.16
2024-12-24,30.35,30.35,30.35,30.35
2024-12-26,30.01,30.01,30.01,30.01
2024-12-27,30.21,30.21,30.21,30.21
2024-12-30,30.77,30.77,30.77,30.77
2024-12-31,30.02,30.02,30.02,30.02
2025-01-02,29.54,29.54,29.54,29.54
2025-01-03,29.98,29.98,29.98,29.98
2025-01-06,29.31,29.31,29.31,29.31
2025-01-07,31.09,31.09,31.09,31.09
2025-01-08,31.56,31.56,31.56,31.56
2025-01-10,33.91,33.91,33.91,33.91
2025-01-13,33.98,33.98,33.98,33.98
2025-01-14,33.51,33.51,33.51,33.51
2025-01-15,32.93,32.93,32.93,32.93
2025-01-16,33.13,33.13,33.13,33.13
2025-01-17,33.52,33.52,33.52,33.52
2025-01-21,35.1,35.1,35.1,35.1
2025-01-22,34.68,34.68,34.68,34.68
2025-01-23,34.18,34.18,34.18,34.18
2025-01-24,29.98,29.98,29.98,29.98
2025-01-27,35.98,35.98,35.98,35.98
2025-01-28,31.95,31.95,31.95,31.95
2025-01-29,33.02,33.02,33.02,33.02
2025-01-30,31.05,31.05,31.05,31.05
2025-01-31,29.96,29.96,29.96,29.96
2025-02-03,35.3,35.3,35.3,35.3
2025-02-04,33.62,33.62,33.62,33.62
2025-02-05,34.25,34.25,34.25,34.25
2025-02-06,36.25,36.25,36.25,36.25
2025-02-07,29.66,29.66,29.66,29.66
2025-02-10,32.09,32.09,32.09,32.09
2025-02-11,29.76,29.76,29.76,29.76
2025-02-12,31.79,31.79,31.79,31.79
2025-02-13,31.47,31.47,31.47,31.47
2025-02-14,28.46,28.46,28.46,28.46
2025-02-18,27.47,27.47,27.47,27.47
2025-02-19,28.36,28.36,28.36,28.36
2025-02-20,29.3,29.3,29.3,29.3
2025-02-21,35.79,35.79,35.79,35.79
2025-02-24,31.3,31.3,31.3,31.3
2025-02-25,32.77,32.77,32.77,32.77
2025-02-26,33.36,33.36,33.36,33.36
2025-02-27,31.72,31.72,31.72,31.72
2025-02-28,29.97,29.97,29.97,29.97
2025-03-03,38.52,38.52,38.52,38.52
2025-03-04,37.52,37.52,37.52,37.52
2025-03-05,35.04,35.04,35.04,35.04
2025-03-06,37.14,37.14,37.14,37.14
2025-03-07,29.75,29.75,29.75,29.75
2025-03-10,34.82,34.82,34.82,34.82
2025-03-11,31.83,31.83,31.83,31.83
2025-03-12,31.09,31.09,31.09,31.09
2025-03-13,32.8,32.8,32.8,32.8
2025-03-14,33.52,33.52,33.52,33.52
2025-03-17,30.9,30.9,30.9,30.9
2025-03-18,36.12,36.12,36.12,36.12
2025-03-19,33.87,33.87,33.87,33.87
2025-03-20,29.72,29.72,29.72,29.72
2025-03-21,28.43,28.43,28.43,28.43
2025-03-24,29.67,29.67,29.67,29.67
2025-03-25,28.27,28.27,28.27,28.27
2025-03-26,28.84,28.84,28.84,28.84
2025-03-27,28.49,28.49,28.49,28.49
2025-03-28,28.7,28.7,28.7,28.7
2025-03-31,30.88,30.88,30.88,30.88
2025-04-01,30.57,30.57,30.57,30.57
2025-04-02,29.98,29.98,29.98,29.98
2025-04-03,35.45,35.45,35.45,35.45
2025-04-04,44.72,44.72,44.72,44.72
2025-04-07,52.81,52.81,52.81,52.81
2025-04-08,55.26,55.26,55.26,55.26
2025-04-09,42.9,42.9,42.9,42.9
2025-04-10,49.0,49.0,49.0,49.0
2025-04-11,50.88,50.88,50.88,50.88
2025-04-14,47.76,47.76,47.76,47.76
2025-04-15,42.31,42.31,42.31,42.31
2025-04-16,43.56,43.56,43.56,43.56
2025-04-17,41.27,41.27,41.27,41.27
2025-04-21,41.21,41.21,41.21,41.21
2025-04-22,43.15,43.15,43.15,43.15
2025-04-23,43.56,43.56,43.56,43.56
2025-04-24,44.37,44.37,44.37,44.37
2025-04-25,43.53,43.53,43.53,43.53
2025-04-28,43.55,43.55,43.55,43.55
2025-04-29,48.41,48.41,48.41,48.41
2025-04-30,54.46,54.46,54.46,54.46
2025-05-01,51.96,51.96,51.96,51.96
2025-05-02,50.59,50.59,50.59,50.59
2025-05-05,42.58,42.58,42.58,42.58
2025-05-06,42.14,42.14,42.14,42.14
2025-05-07,42.66,42.66,42.66,42.66
2025-05-08,40.6,40.6,40.6,40.6
2025-05-09,39.82,39.82,39.82,39.82
2025-05-12,37.5,37.5,37.5,37.5
2025-05-13,36.71,36.71,36.71,36.71
2025-05-14,36.72,36.72,36.72,36.72
2025-05-15,37.4,37.4,37.4,37.4
2025-05-16,37.88,37.88,37.88,37.88
2025-05-19,38.0,38.0,38.0,38.0
2025-05-20,34.62,34.62,34.62,34.62
2025-05-21,39.12,39.12,39.12,39.12
2025-05-22,41.44,41.44,41.44,41.44
2025-05-23,43.13,43.13,43.13,43.13
2025-05-27,41.94,41.94,41.94,41.94
2025-05-28,40.42,40.42,40.42,40.42
2025-05-29,40.26,40.26,40.26,40.26
2025-05-30,40.71,40.71,40.71,40.71
2025-06-02,38.7,38.7,38.7,38.7
2025-06-03,37.75,37.75,37.75,37.75
2025-06-04,37.7,37.7,37.7,37.7
2025-06-05,34.89,34.89,34.89,34.89
2025-06-06,35.72,35.72,35.72,35.72
2025-06-09,34.42,34.42,34.42,34.42
2025-06-10,35.05,35.05,35.05,35.05
2025-06-11,43.24,43.24,43.24,43.24
2025-06-12,45.37,45.37,45.37,45.37
2025-06-13,57.23,57.23,57.23,57.23
2025-06-16,56.6,56.6,56.6,56.6
2025-06-17,71.56,71.56,71.56,71.56
2025-06-18,66.86,66.86,66.86,66.86
2025-06-20,64.67,64.67,64.67,64.67
2025-06-23,53.65,53.65,53.65,53.65
2025-06-24,48.8,48.8,48.8,48.8
2025-06-25,42.75,42.75,42.75,42.75
2025-06-26,41.86,41.86,41.86,41.86
2025-06-27,41.23,41.23,41.23,41.23
2025-06-30,38.89,38.89,38.89,38.89
2025-07-01,38.0,38.0,38.0,38.0
2025-07-02,40.24,40.24,40.24,40.24
2025-07-03,37.75,37.75,37.75,37.75
2025-07-07,41.23,41.23,41.23,41.23
2025-07-08,35.71,35.71,35.71,35.71
2025-07-09,34.17,34.17,34.17,34.17
2025-07-10,32.8,32.8,32.8,32.8
2025-07-11,37.06,37.06,37.06,37.06
2025-07-14,33.53,33.53,33.53,33.53
2025-07-15,34.38,34.38,34.38,34.38
2025-07-16,33.16,33.16,33.16,33.16
2025-07-17,32.84,32.84,32.84,32.84
2025-07-18,32.17,32.17,32.17,32.17
2025-07-21,31.38,31.38,31.38,31.38
2025-07-22,32.26,32.26,32.26,32.26
2025-07-23,32.39,32.39,32.39,32.39
2025-07-24,32.37,32.37,32.37,32.37
2025-07-25,32.88,32.88,32.88,32.88
2025-07-28,35.37,35.37,35.37,35.37
2025-07-29,38.04,38.04,38.04,38.04
2025-07-30,37.75,37.75,37.75,37.75
2025-07-31,36.78,36.78,36.78,36.78
2025-08-01,39.37,39.37,39.37,39.37
2025-08-04,38.79,38.79,38.79,38.79
2025-08-05,35.3,35.3,35.3,35.3
2025-08-06,36.67,36.67,36.67,36.67
2025-08-07,35.01,35.01,35.01,35.01
2025-08-08,34.06,34.06,34.06,34.06
2025-08-11,31.4,31.4,31.4,31.4
2025-08-12,30.31,30.31,30.31,30.31
2025-08-13,33.82,33.82,33.82,33.82
2025-08-14,35.96,35.96,35.96,35.96
2025-08-15,37.22,37.22,37.22,37.22
2025-08-18,32.15,32.15,32.15,32.15
2025-08-19,33.04,33.04,33.04,33.04
2025-08-20,32.51,32.51,32.51,32.51
2025-08-21,31.54,31.54,31.54,31.54
2025-08-22,30.35,30.35,30.35,30.35
2025-08-25,31.24,31.24,31.24,31.24
2025-08-26,33.73,33.73,33.73,33.73
2025-08-27,31.94,31.94,31.94,31.94
2025-08-28,33.98,33.98,33.98,33.98
2025-08-29,32.63,32.63,32.63,32.63
2025-09-02,34.28,34.28,34.28,34.28
2025-09-03,35.22,35.22,35.22,35.22
2025-09-04,35.03,35.03,35.03,35.03
2025-09-05,33.33,33.33,33.33,33.33
2025-09-08,35.03,35.03,35.03,35.03
2025-09-09,33.44,33.44,33.44,33.44
2025-09-10,33.35,33.35,33.35,33.35
2025-09-11,33.96,33.96,33.96,33.96
2025-09-12,31.77,31.77,31.77,31.77
2025-09-15,30.98,30.98,30.98,30.98
2025-09-16,33.17,33.17,33.17,33.17
2025-09-17,31.05,31.05,31.05,31.05
2025-09-18,31.88,31.88,31.88,31.88
2025-09-19,30.53,30.53,30.53,30.53
2025-09-22,30.88,30.88,30.88,30.88
2025-09-23,32.58,32.58,32.58,32.58
2025-09-24,34.08,34.08,34.08,34.08
2025-09-25,36.85,36.85,36.85,36.85
2025-09-26,35.85,35.85,35.85,35.85
2025-09-29,35.54,35.54,35.54,35.54
2025-09-30,35.58,35.58,35.58,35.58
2025-10-01,36.39,36.39,36.39,36.39
2025-10-02,37.62,37.62,37.62,37.62
2025-10-03,36.5,36.5,36.5,36.5
2025-10-06,32.44,32.44,32.44,32.44
2025-10-07,31.82,31.82,31.82,31.82
2025-10-08,31.53,31.53,31.53,31.53
2025-10-09,32.48,32.48,32.48,32.48
2025-10-10,37.73,37.73,37.73,37.73
2025-10-13,35.92,35.92,35.92,35.92
2025-10-14,37.9,37.9,37.9,37.9
2025-10-15,36.62,36.62,36.62,36.62
2025-10-16,38.26,38.26,38.26,38.26
2025-10-17,37.24,37.24,37.24,37.24
2025-10-20,36.77,36.77,36.77,36.77
2025-10-21,35.87,35.87,35.87,35.87
2025-10-22,38.09,38.09,38.09,38.09
2025-10-23,40.46,40.46,40.46,40.46
2025-10-24,38.7,38.7,38.7,38.7
2025-10-27,38.96,38.96,38.96,38.96
2025-10-28,37.18,37.18,37.18,37.18
2025-10-29,37.14,37.14,37.14,37.14
2025-10-30,34.74,34.74,34.74,34.74
2025-10-31,36.2,36.2,36.2,36.2
2025-11-03,34.31,34.31,34.31,34.31
2025-11-04,34.27,34.27,34.27,34.27
2025-11-05,33.69,33.69,33.69,33.69
2025-11-06,33.76,33.76,33.76,33.76
2025-11-07,33.33,33.33,33.33,33.33
2025-11-10,32.12,32.12,32.12,32.12
2025-11-11,32.02,32.02,32.02,32.02
2025-11-12,33.0,33.0,33.0,33.0
2025-11-13,32.63,32.63,32.63,32.63
2025-11-14,33.12,33.12,33.12,33.12
2025-11-17,32.38,32.38,32.38,32.38
2025-11-18,33.33,33.33,33.33,33.33
2025-11-19,34.12,34.12,34.12,34.12
2025-11-20,36.38,36.38,36.38,36.38
2025-11-21,35.97,35.97,35.97,35.97
2025-11-24,36.3,36.3,36.3,36.3
2025-11-25,37.57,37.57,37.57,37.57
2025-11-26,35.7,35.7,35.7,35.7
2025-11-28,35.95,35.95,35.95,35.95
2025-12-01,35.82,35.82,35.82,35.82
2025-12-02,35.89,35.89,35.89,35.89
2025-12-03,33.72,33.72,33.72,33.72
2025-12-04,33.3,33.3,33.3,33.3
2025-12-05,32.06,32.06,32.06,32.06
2025-12-08,33.03,33.03,33.03,33.03
2025-12-09,30.82,30.82,30.82,30.82
2025-12-10,30.78,30.78,30.78,30.78
2025-12-11,31.88,31.88,31.88,31.88
2025-12-12,29.93,29.93,29.93,29.93
2025-12-15,32.85,32.85,32.85,32.85
2025-12-16,36.23,36.23,36.23,36.23
2025-12-17,36.74,36.74,36.74,36.74
2025-12-18,33.6,33.6,33.6,33.6
2025-12-19,33.62,33.62,33.62,33.62
2025-12-22,33.03,33.03,33.03,33.03
2025-12-23,33.02,33.02,33.02,33.02
2025-12-24,31.71,31.71,31.71,31.71
2025-12-26,32.22,32.22,32.22,32.22
2025-12-29,32.16,32.16,32.16,32.16
2025-12-30,30.76,30.76,30.76,30.76
2025-12-31,30.17,30.17,30.17,30.17
2026-01-02,28.4,28.4,28.4,28.4
2026-01-05,29.41,29.41,29.41,29.41
2026-01-06,30.06,30.06,30.06,30.06
2026-01-07,32.98,32.98,32.98,32.98
2026-01-08,35.8,35.8,35.8,35.8
2026-01-09,36.8,36.8,36.8,36.8
2026-01-12,38.85,38.85,38.85,38.85
2026-01-13,40.43,40.43,40.43,40.43
2026-01-14,44.19,44.19,44.19,44.19
2026-01-15,42.06,42.06,42.06,42.06
2026-01-16,43.19,43.19,43.19,43.19
2026-01-20,42.78,42.78,42.78,42.78
2026-01-21,45.45,45.45,45.45,45.45
2026-01-22,44.7,44.7,44.7,44.7
2026-01-23,47.64,47.64,47.64,47.64
2026-01-26,47.78,47.78,47.78,47.78
2026-01-27,49.61,49.61,49.61,49.61
2026-01-28,50.39,50.39,50.39,50.39
2026-01-29,55.37,55.37,55.37,55.37
2026-01-30,55.91,55.91,55.91,55.91
2026-02-02,48.7,48.7,48.7,48.7
2026-02-03,52.34,52.34,52.34,52.34
2026-02-04,55.13,55.13,55.13,55.13
2026-02-05,54.97,54.97,54.97,54.97
2026-02-06,53.18,53.18,53.18,53.18
2026-02-09,50.79,50.79,50.79,50.79
2026-02-10,48.02,48.02,48.02,48.02
2026-02-11,44.33,44.33,44.33,44.33
2026-02-12,42.0,42.0,42.0,42.0
2026-02-13,42.18,42.18,42.18,42.18
2026-02-17,42.54,42.54,42.54,42.54
2026-02-18,51.49,51.49,51.49,51.49
2026-02-19,56.73,56.73,56.73,56.73
2026-02-20,56.12,56.12,56.12,56.12
2026-02-23,59.05,59.05,59.05,59.05
2026-02-24,58.82,58.82,58.82,58.82
2026-02-25,58.97,58.97,58.97,58.97
2026-02-26,59.8,59.8,59.8,59.8
2026-02-27,64.68,64.68,64.68,64.68
2026-03-02,68.9,68.9,68.9,68.9
2026-03-03,73.99,73.99,73.99,73.99
2026-03-04,75.2,75.2,75.2,75.2
2026-03-05,83.83,83.83,83.83,83.83
2026-03-06,103.6,103.6,103.6,103.6
2026-03-09,100.53,100.53,100.53,100.53
2026-03-10,108.19,108.19,108.19,108.19
2026-03-11,120.91,120.91,120.91,120.91
2026-03-12,120.22,120.22,120.22,120.22
2026-03-13,119.02,119.02,119.02,119.02
2026-03-16,101.97,101.97,101.97,101.97
2026-03-17,95.92,95.92,95.92,95.92
2026-03-18,97.28,97.28,97.28,97.28
2026-03-19,92.68,92.68,92.68,92.68
2026-03-20,91.85,91.85,91.85,91.85
2026-03-23,89.78,89.78,89.78,89.78
2026-03-24,89.34,89.34,89.34,89.34
2026-03-25,90.16,90.16,90.16,90.16
2026-03-26,92.37,92.37,92.37,92.37
2026-03-27,96.64,96.64,96.64,96.64
2026-03-30,95.84,95.84,95.84,95.84
2026-03-31,89.39,89.39,89.39,89.39
2026-04-01,91.8,91.8,91.8,91.8
2026-04-02,93.14,93.14,93.14,93.14
2026-04-06,96.14,96.14,96.14,96.14
2026-04-07,98.79,98.79,98.79,98.79
2026-04-08,83.91,83.91,83.91,83.91
2026-04-09,81.74,81.74,81.74,81.74
2026-04-10,78.01,78.01,78.01,78.01
2026-04-13,80.55,80.55,80.55,80.55
2026-04-14,75.35,75.35,75.35,75.35
2026-04-15,72.23,72.23,72.23,72.23
2026-04-16,73.04,73.04,73.04,73.04
2026-04-17,69.01,69.01,69.01,69.01
2026-04-20,73.79,73.79,73.79,73.79
2026-04-21,85.57,85.57,85.57,85.57
2026-04-22,76.77,76.77,76.77,76.77
2026-04-23,78.67,78.67,78.67,78.67
2026-04-24,75.83,75.83,75.83,75.83
2026-04-27,73.11,73.11,73.11,73.11
2026-04-28,70.5,70.5,70.5,70.5
2026-04-29,75.96,75.96,75.96,75.96
2026-04-30,75.08,75.08,75.08,75.08
2026-05-01,75.4,75.4,75.4,75.4
2026-05-04,78.63,78.63,78.63,78.63
2026-05-05,74.73,74.73,74.73,74.73
2026-05-06,72.34,72.34,72.34,72.34
2026-05-07,72.25,72.25,72.25,72.25
2026-05-08,72.15,72.15,72.15,72.15
2026-05-11,75.66,75.66,75.66,75.66
2026-05-12,75.69,75.69,75.69,75.69
2026-05-13,70.94,70.94,70.94,70.94
2026-05-14,68.92,68.92,68.92,68.92
2026-05-15,72.35,72.35,72.35,72.35
2026-05-18,72.07,72.07,72.07,72.07
2026-05-19,72.89,72.89,72.89,72.89
2026-05-20,72.77,72.77,72.77,72.77
2026-05-21,73.54,73.54,73.54,73.54
2026-05-22,75.97,75.97,75.97,75.97
2026-05-26,65.06,65.06,65.06,65.06
2026-05-27,59.97,59.97,59.97,59.97
2026-05-28,58.3,58.3,58.3,58.3
2026-05-29,57.84,57.84,57.84,57.84
2026-06-01,61.24,61.24,61.24,61.24
2026-06-02,59.53,59.53,59.53,59.53
2026-06-03,60.52,60.52,60.52,60.52
2026-06-04,59.79,59.79,59.79,59.79
2026-06-05,57.75,57.75,57.75,57.75
2026-06-08,58.36,58.36,58.36,58.36
