candidate,year,n_trades,net_pts,PF_pts,avg_pts_per_trade,cap_norm_R_total,cap_norm_R_avg,max_dd_pts,max_dd_R,win_rate,avg_winner_pts,avg_loser_pts,payoff_ratio,n_TP,n_SL,n_BE,n_cutoff,trades_per_year,hold_median_min,hold_mean_min,hold_p25_min,hold_p75_min
blocked_0900_until1500,2018,83,165.38,1.3196,1.992,8.0,0.0964,-98.62,-4.0,0.3614,22.762,-23.523,0.968,30,22,31,0,83.0,106.0,179.7,63.5,248.5
blocked_0900_until1500,2020,107,843.29,1.3863,7.881,0.2868,0.0027,-460.79,-9.0,0.3738,75.663,-54.581,1.386,38,38,27,4,107.0,135.0,210.8,66.0,264.5
blocked_0900_until1500,2023,73,288.0,1.2759,3.945,8.0,0.1096,-309.0,-5.0,0.411,44.4,-47.455,0.936,30,22,21,0,73.0,75.0,136.2,56.0,150.0
blocked_0900_until1500,2026,45,2431.5,4.3365,54.033,18.0086,0.4002,-323.25,-4.0,0.6222,112.866,-80.972,1.394,27,9,8,1,45.0,114.0,196.3,58.0,309.0
blocked_0900_until1500,ALL,308,3728.16,1.8334,12.104,34.2954,0.1113,-460.79,-9.0,0.4156,64.075,-48.102,1.332,125,91,87,5,77.0,99.0,182.6,61.8,245.5
blocked_0900_until1500,ALL_ex2026,263,1296.66,1.3463,4.93,16.2868,0.0619,-460.79,-9.0,0.3802,50.414,-44.58,1.131,98,82,79,4,87.67,99.0,180.3,62.0,242.5
blocked_0900_until1500,ALL_ex_best_year(2026),263,1296.66,1.3463,4.93,16.2868,0.0619,-460.79,-9.0,0.3802,50.414,-44.58,1.131,98,82,79,4,87.67,99.0,180.3,62.0,242.5
blocked_0930_until1500,2018,85,244.12,1.4717,2.872,10.0,0.1176,-98.62,-4.0,0.3765,23.801,-23.523,1.012,32,22,31,0,85.0,99.0,176.7,62.0,245.0
blocked_0930_until1500,2020,109,1089.41,1.499,9.995,2.2868,0.021,-460.79,-8.0,0.3853,77.92,-54.581,1.428,40,38,27,4,109.0,122.0,208.0,66.0,263.0
blocked_0930_until1500,2023,78,310.51,1.2547,3.981,7.865,0.1008,-397.88,-5.0,0.4103,47.801,-48.765,0.98,32,24,21,1,78.0,74.0,134.6,53.8,146.0
blocked_0930_until1500,2026,47,2556.48,4.3467,54.393,18.8329,0.4007,-323.25,-4.0,0.617,114.496,-76.389,1.499,28,9,8,2,47.0,114.0,195.7,55.5,316.0
blocked_0930_until1500,ALL,319,4200.52,1.8968,13.168,38.9848,0.1222,-460.79,-8.0,0.4232,65.809,-48.286,1.363,132,93,87,7,79.75,91.0,179.9,61.0,244.0
blocked_0930_until1500,ALL_ex2026,272,1644.04,1.4194,6.044,20.1519,0.0741,-460.79,-8.0,0.3897,52.49,-45.056,1.165,104,84,79,5,90.67,91.0,177.2,62.0,239.0
blocked_0930_until1500,ALL_ex_best_year(2026),272,1644.04,1.4194,6.044,20.1519,0.0741,-460.79,-8.0,0.3897,52.49,-45.056,1.165,104,84,79,5,90.67,91.0,177.2,62.0,239.0
blocked_1000_until1500,2018,112,285.8,1.3439,2.552,10.3037,0.092,-139.08,-5.6963,0.3929,25.381,-24.44,1.038,44,33,34,1,112.0,77.0,144.2,43.0,206.8
blocked_1000_until1500,2020,131,1478.9,1.5635,11.289,2.6981,0.0206,-563.16,-9.5677,0.4046,77.426,-51.464,1.504,49,47,27,8,131.0,98.0,187.8,61.5,254.0
blocked_1000_until1500,2023,100,543.09,1.303,5.431,11.6362,0.1164,-378.11,-3.7536,0.44,53.079,-52.717,1.007,43,30,22,5,100.0,69.5,127.7,41.8,147.0
blocked_1000_until1500,2026,57,2703.3,3.3838,47.426,20.3202,0.3565,-402.75,-5.0,0.5965,112.862,-87.232,1.294,32,12,10,3,57.0,79.0,172.8,42.0,264.0
blocked_1000_until1500,ALL,400,5011.09,1.7852,12.528,44.9583,0.1124,-563.16,-9.5677,0.4375,65.103,-48.349,1.347,168,122,93,17,100.0,79.0,158.4,48.8,210.2
blocked_1000_until1500,ALL_ex2026,343,2307.78,1.4397,6.728,24.6381,0.0718,-563.16,-9.5677,0.4111,53.587,-44.101,1.215,136,110,83,14,114.33,79.0,156.1,49.5,204.5
blocked_1000_until1500,ALL_ex_best_year(2026),343,2307.78,1.4397,6.728,24.6381,0.0718,-563.16,-9.5677,0.4111,53.587,-44.101,1.215,136,110,83,14,114.33,79.0,156.1,49.5,204.5
blocked_1030_until1500,2018,131,63.61,1.0482,0.486,8.2227,0.0628,-419.74,-6.3826,0.3817,27.69,-30.02,0.922,49,39,37,6,131.0,80.0,151.4,53.0,229.0
blocked_1030_until1500,2020,140,937.25,1.285,6.695,-1.2625,-0.009,-563.16,-12.1947,0.3857,78.249,-57.688,1.356,50,51,29,10,140.0,102.0,185.3,61.8,250.5
blocked_1030_until1500,2023,124,183.27,1.0679,1.478,10.1506,0.0819,-953.82,-7.2893,0.4113,56.515,-59.977,0.942,47,35,28,14,124.0,79.0,138.8,51.2,209.2
blocked_1030_until1500,2026,65,2681.94,2.7243,41.261,20.2134,0.311,-623.81,-6.1053,0.5538,117.703,-91.493,1.286,34,14,12,5,65.0,94.0,174.2,49.0,280.0
blocked_1030_until1500,ALL,460,3866.08,1.4362,8.405,37.3242,0.0811,-1038.69,-12.1947,0.4152,66.647,-54.377,1.226,180,139,106,35,115.0,85.0,161.6,56.0,239.0
blocked_1030_until1500,ALL_ex2026,395,1184.14,1.162,2.998,17.1108,0.0433,-953.82,-12.1947,0.3924,54.788,-50.055,1.095,146,125,94,30,131.67,85.0,159.5,59.0,232.5
blocked_1030_until1500,ALL_ex_best_year(2026),395,1184.14,1.162,2.998,17.1108,0.0433,-953.82,-12.1947,0.3924,54.788,-50.055,1.095,146,125,94,30,131.67,85.0,159.5,59.0,232.5
blocked_1100_until1500,2018,140,103.61,1.0709,0.74,9.2009,0.0657,-317.36,-6.7493,0.3857,28.985,-30.449,0.952,52,40,38,10,140.0,87.5,154.9,58.2,238.0
blocked_1100_until1500,2020,150,1301.84,1.3819,8.679,0.4335,0.0029,-563.16,-10.4987,0.38,82.64,-56.81,1.455,53,51,33,13,150.0,109.0,184.0,62.0,251.8
blocked_1100_until1500,2023,137,99.04,1.0321,0.723,8.9167,0.0651,-793.77,-7.0448,0.4015,57.921,-60.521,0.957,48,38,31,20,137.0,83.0,141.5,56.0,247.0
blocked_1100_until1500,2026,73,2867.86,2.7313,39.286,21.143,0.2896,-423.81,-5.1053,0.5342,116.009,-82.824,1.401,35,14,14,10,73.0,113.0,176.0,57.0,264.0
blocked_1100_until1500,ALL,500,4372.34,1.4548,8.745,39.6941,0.0794,-793.77,-10.4987,0.41,68.222,-53.705,1.27,188,143,116,53,125.0,91.0,163.0,60.0,249.0
blocked_1100_until1500,ALL_ex2026,427,1504.48,1.1891,3.523,18.5511,0.0434,-793.77,-10.4987,0.3888,56.996,-50.043,1.139,153,129,102,43,142.33,90.0,160.8,61.0,247.0
blocked_1100_until1500,ALL_ex_best_year(2026),427,1504.48,1.1891,3.523,18.5511,0.0434,-793.77,-10.4987,0.3888,56.996,-50.043,1.139,153,129,102,43,142.33,90.0,160.8,61.0,247.0
blocked_1130_until1500,2018,153,-109.63,0.9384,-0.717,5.742,0.0375,-525.62,-9.5589,0.3595,30.353,-31.769,0.955,53,42,42,16,153.0,103.0,156.6,61.0,236.0
blocked_1130_until1500,2020,161,1632.01,1.4649,10.137,1.9073,0.0118,-563.16,-9.5892,0.3851,82.939,-55.718,1.489,54,52,36,19,161.0,115.0,182.4,63.0,242.0
blocked_1130_until1500,2023,142,198.68,1.0644,1.399,9.5509,0.0673,-793.77,-7.0448,0.3944,58.666,-60.521,0.969,48,38,35,21,142.0,83.0,140.0,59.0,237.0
blocked_1130_until1500,2026,76,2484.25,2.208,32.687,19.2517,0.2533,-423.81,-5.1053,0.5263,113.518,-93.476,1.214,35,16,14,11,76.0,113.5,175.0,57.8,253.5
blocked_1130_until1500,ALL,532,4205.31,1.4031,7.905,36.452,0.0685,-793.77,-11.6379,0.4004,68.721,-54.335,1.265,190,148,127,67,133.0,97.5,162.6,61.0,242.0
blocked_1130_until1500,ALL_ex2026,456,1721.06,1.2055,3.774,17.2003,0.0377,-793.77,-11.6379,0.3794,58.364,-49.27,1.185,155,132,113,56,152.0,95.0,160.5,61.0,238.2
blocked_1130_until1500,ALL_ex_best_year(2026),456,1721.06,1.2055,3.774,17.2003,0.0377,-793.77,-11.6379,0.3794,58.364,-49.27,1.185,155,132,113,56,152.0,95.0,160.5,61.0,238.2
blocked_1200_until1500,2018,165,-219.86,0.8901,-1.333,5.4139,0.0328,-557.46,-9.2111,0.3576,30.193,-32.278,0.935,54,43,44,24,165.0,110.0,157.9,62.0,229.0
blocked_1200_until1500,2020,169,1878.18,1.5236,11.114,4.438,0.0263,-567.08,-8.3111,0.3905,82.81,-54.352,1.524,57,52,37,23,169.0,119.0,180.8,63.0,240.0
blocked_1200_until1500,2023,154,350.19,1.1036,2.274,10.6202,0.069,-912.23,-7.9403,0.3896,62.18,-61.465,1.012,49,38,39,28,154.0,85.0,141.1,61.0,207.8
blocked_1200_until1500,2026,78,2484.25,2.1009,31.849,19.2517,0.2468,-423.81,-5.1053,0.5256,115.627,-98.108,1.179,36,17,14,11,78.0,110.5,172.6,58.8,249.8
blocked_1200_until1500,ALL,566,4492.76,1.4002,7.938,39.7238,0.0702,-912.23,-9.2111,0.3993,69.55,-54.493,1.276,196,150,134,86,141.5,106.0,162.2,61.0,236.0
blocked_1200_until1500,ALL_ex2026,488,2008.51,1.2239,4.116,20.4721,0.042,-912.23,-9.2111,0.3791,59.338,-49.011,1.211,160,133,120,75,162.67,106.0,160.5,61.0,229.0
blocked_1200_until1500,ALL_ex_best_year(2026),488,2008.51,1.2239,4.116,20.4721,0.042,-912.23,-9.2111,0.3791,59.338,-49.011,1.211,160,133,120,75,162.67,106.0,160.5,61.0,229.0
blocked_0900_until1600,2018,83,165.38,1.3196,1.992,8.0,0.0964,-98.62,-4.0,0.3614,22.762,-23.523,0.968,30,22,31,0,83.0,106.0,179.7,63.5,248.5
blocked_0900_until1600,2020,107,843.29,1.3863,7.881,0.2868,0.0027,-460.79,-9.0,0.3738,75.663,-54.581,1.386,38,38,27,4,107.0,135.0,210.8,66.0,264.5
blocked_0900_until1600,2023,73,288.0,1.2759,3.945,8.0,0.1096,-309.0,-5.0,0.411,44.4,-47.455,0.936,30,22,21,0,73.0,75.0,136.2,56.0,150.0
blocked_0900_until1600,2026,45,2431.5,4.3365,54.033,18.0086,0.4002,-323.25,-4.0,0.6222,112.866,-80.972,1.394,27,9,8,1,45.0,114.0,196.3,58.0,309.0
blocked_0900_until1600,ALL,308,3728.16,1.8334,12.104,34.2954,0.1113,-460.79,-9.0,0.4156,64.075,-48.102,1.332,125,91,87,5,77.0,99.0,182.6,61.8,245.5
blocked_0900_until1600,ALL_ex2026,263,1296.66,1.3463,4.93,16.2868,0.0619,-460.79,-9.0,0.3802,50.414,-44.58,1.131,98,82,79,4,87.67,99.0,180.3,62.0,242.5
blocked_0900_until1600,ALL_ex_best_year(2026),263,1296.66,1.3463,4.93,16.2868,0.0619,-460.79,-9.0,0.3802,50.414,-44.58,1.131,98,82,79,4,87.67,99.0,180.3,62.0,242.5
blocked_0930_until1600,2018,85,244.12,1.4717,2.872,10.0,0.1176,-98.62,-4.0,0.3765,23.801,-23.523,1.012,32,22,31,0,85.0,99.0,176.7,62.0,245.0
blocked_0930_until1600,2020,109,1089.41,1.499,9.995,2.2868,0.021,-460.79,-8.0,0.3853,77.92,-54.581,1.428,40,38,27,4,109.0,122.0,208.0,66.0,263.0
blocked_0930_until1600,2023,78,310.51,1.2547,3.981,7.865,0.1008,-397.88,-5.0,0.4103,47.801,-48.765,0.98,32,24,21,1,78.0,74.0,134.6,53.8,146.0
blocked_0930_until1600,2026,47,2556.48,4.3467,54.393,18.8329,0.4007,-323.25,-4.0,0.617,114.496,-76.389,1.499,28,9,8,2,47.0,114.0,195.7,55.5,316.0
blocked_0930_until1600,ALL,319,4200.52,1.8968,13.168,38.9848,0.1222,-460.79,-8.0,0.4232,65.809,-48.286,1.363,132,93,87,7,79.75,91.0,179.9,61.0,244.0
blocked_0930_until1600,ALL_ex2026,272,1644.04,1.4194,6.044,20.1519,0.0741,-460.79,-8.0,0.3897,52.49,-45.056,1.165,104,84,79,5,90.67,91.0,177.2,62.0,239.0
blocked_0930_until1600,ALL_ex_best_year(2026),272,1644.04,1.4194,6.044,20.1519,0.0741,-460.79,-8.0,0.3897,52.49,-45.056,1.165,104,84,79,5,90.67,91.0,177.2,62.0,239.0
blocked_1000_until1600,2018,112,285.8,1.3439,2.552,10.3037,0.092,-139.08,-5.6963,0.3929,25.381,-24.44,1.038,44,33,34,1,112.0,77.0,144.2,43.0,206.8
blocked_1000_until1600,2020,131,1478.9,1.5635,11.289,2.6981,0.0206,-563.16,-9.5677,0.4046,77.426,-51.464,1.504,49,47,27,8,131.0,98.0,187.8,61.5,254.0
blocked_1000_until1600,2023,100,543.09,1.303,5.431,11.6362,0.1164,-378.11,-3.7536,0.44,53.079,-52.717,1.007,43,30,22,5,100.0,69.5,127.7,41.8,147.0
blocked_1000_until1600,2026,57,2703.3,3.3838,47.426,20.3202,0.3565,-402.75,-5.0,0.5965,112.862,-87.232,1.294,32,12,10,3,57.0,79.0,172.8,42.0,264.0
blocked_1000_until1600,ALL,400,5011.09,1.7852,12.528,44.9583,0.1124,-563.16,-9.5677,0.4375,65.103,-48.349,1.347,168,122,93,17,100.0,79.0,158.4,48.8,210.2
blocked_1000_until1600,ALL_ex2026,343,2307.78,1.4397,6.728,24.6381,0.0718,-563.16,-9.5677,0.4111,53.587,-44.101,1.215,136,110,83,14,114.33,79.0,156.1,49.5,204.5
blocked_1000_until1600,ALL_ex_best_year(2026),343,2307.78,1.4397,6.728,24.6381,0.0718,-563.16,-9.5677,0.4111,53.587,-44.101,1.215,136,110,83,14,114.33,79.0,156.1,49.5,204.5
blocked_1030_until1600,2018,131,63.61,1.0482,0.486,8.2227,0.0628,-419.74,-6.3826,0.3817,27.69,-30.02,0.922,49,39,37,6,131.0,80.0,151.4,53.0,229.0
blocked_1030_until1600,2020,140,937.25,1.285,6.695,-1.2625,-0.009,-563.16,-12.1947,0.3857,78.249,-57.688,1.356,50,51,29,10,140.0,102.0,185.3,61.8,250.5
blocked_1030_until1600,2023,124,183.27,1.0679,1.478,10.1506,0.0819,-953.82,-7.2893,0.4113,56.515,-59.977,0.942,47,35,28,14,124.0,79.0,138.8,51.2,209.2
blocked_1030_until1600,2026,65,2681.94,2.7243,41.261,20.2134,0.311,-623.81,-6.1053,0.5538,117.703,-91.493,1.286,34,14,12,5,65.0,94.0,174.2,49.0,280.0
blocked_1030_until1600,ALL,460,3866.08,1.4362,8.405,37.3242,0.0811,-1038.69,-12.1947,0.4152,66.647,-54.377,1.226,180,139,106,35,115.0,85.0,161.6,56.0,239.0
blocked_1030_until1600,ALL_ex2026,395,1184.14,1.162,2.998,17.1108,0.0433,-953.82,-12.1947,0.3924,54.788,-50.055,1.095,146,125,94,30,131.67,85.0,159.5,59.0,232.5
blocked_1030_until1600,ALL_ex_best_year(2026),395,1184.14,1.162,2.998,17.1108,0.0433,-953.82,-12.1947,0.3924,54.788,-50.055,1.095,146,125,94,30,131.67,85.0,159.5,59.0,232.5
blocked_1100_until1600,2018,140,103.61,1.0709,0.74,9.2009,0.0657,-317.36,-6.7493,0.3857,28.985,-30.449,0.952,52,40,38,10,140.0,87.5,154.9,58.2,238.0
blocked_1100_until1600,2020,150,1301.84,1.3819,8.679,0.4335,0.0029,-563.16,-10.4987,0.38,82.64,-56.81,1.455,53,51,33,13,150.0,109.0,184.0,62.0,251.8
blocked_1100_until1600,2023,137,99.04,1.0321,0.723,8.9167,0.0651,-793.77,-7.0448,0.4015,57.921,-60.521,0.957,48,38,31,20,137.0,83.0,141.5,56.0,247.0
blocked_1100_until1600,2026,73,2867.86,2.7313,39.286,21.143,0.2896,-423.81,-5.1053,0.5342,116.009,-82.824,1.401,35,14,14,10,73.0,113.0,176.0,57.0,264.0
blocked_1100_until1600,ALL,500,4372.34,1.4548,8.745,39.6941,0.0794,-793.77,-10.4987,0.41,68.222,-53.705,1.27,188,143,116,53,125.0,91.0,163.0,60.0,249.0
blocked_1100_until1600,ALL_ex2026,427,1504.48,1.1891,3.523,18.5511,0.0434,-793.77,-10.4987,0.3888,56.996,-50.043,1.139,153,129,102,43,142.33,90.0,160.8,61.0,247.0
blocked_1100_until1600,ALL_ex_best_year(2026),427,1504.48,1.1891,3.523,18.5511,0.0434,-793.77,-10.4987,0.3888,56.996,-50.043,1.139,153,129,102,43,142.33,90.0,160.8,61.0,247.0
blocked_1130_until1600,2018,153,-109.63,0.9384,-0.717,5.742,0.0375,-525.62,-9.5589,0.3595,30.353,-31.769,0.955,53,42,42,16,153.0,103.0,156.6,61.0,236.0
blocked_1130_until1600,2020,161,1632.01,1.4649,10.137,1.9073,0.0118,-563.16,-9.5892,0.3851,82.939,-55.718,1.489,54,52,36,19,161.0,115.0,182.4,63.0,242.0
blocked_1130_until1600,2023,142,198.68,1.0644,1.399,9.5509,0.0673,-793.77,-7.0448,0.3944,58.666,-60.521,0.969,48,38,35,21,142.0,83.0,140.0,59.0,237.0
blocked_1130_until1600,2026,76,2484.25,2.208,32.687,19.2517,0.2533,-423.81,-5.1053,0.5263,113.518,-93.476,1.214,35,16,14,11,76.0,113.5,175.0,57.8,253.5
blocked_1130_until1600,ALL,532,4205.31,1.4031,7.905,36.452,0.0685,-793.77,-11.6379,0.4004,68.721,-54.335,1.265,190,148,127,67,133.0,97.5,162.6,61.0,242.0
blocked_1130_until1600,ALL_ex2026,456,1721.06,1.2055,3.774,17.2003,0.0377,-793.77,-11.6379,0.3794,58.364,-49.27,1.185,155,132,113,56,152.0,95.0,160.5,61.0,238.2
blocked_1130_until1600,ALL_ex_best_year(2026),456,1721.06,1.2055,3.774,17.2003,0.0377,-793.77,-11.6379,0.3794,58.364,-49.27,1.185,155,132,113,56,152.0,95.0,160.5,61.0,238.2
blocked_1200_until1600,2018,165,-219.86,0.8901,-1.333,5.4139,0.0328,-557.46,-9.2111,0.3576,30.193,-32.278,0.935,54,43,44,24,165.0,110.0,157.9,62.0,229.0
blocked_1200_until1600,2020,169,1878.18,1.5236,11.114,4.438,0.0263,-567.08,-8.3111,0.3905,82.81,-54.352,1.524,57,52,37,23,169.0,119.0,180.8,63.0,240.0
blocked_1200_until1600,2023,154,350.19,1.1036,2.274,10.6202,0.069,-912.23,-7.9403,0.3896,62.18,-61.465,1.012,49,38,39,28,154.0,85.0,141.1,61.0,207.8
blocked_1200_until1600,2026,78,2484.25,2.1009,31.849,19.2517,0.2468,-423.81,-5.1053,0.5256,115.627,-98.108,1.179,36,17,14,11,78.0,110.5,172.6,58.8,249.8
blocked_1200_until1600,ALL,566,4492.76,1.4002,7.938,39.7238,0.0702,-912.23,-9.2111,0.3993,69.55,-54.493,1.276,196,150,134,86,141.5,106.0,162.2,61.0,236.0
blocked_1200_until1600,ALL_ex2026,488,2008.51,1.2239,4.116,20.4721,0.042,-912.23,-9.2111,0.3791,59.338,-49.011,1.211,160,133,120,75,162.67,106.0,160.5,61.0,229.0
blocked_1200_until1600,ALL_ex_best_year(2026),488,2008.51,1.2239,4.116,20.4721,0.042,-912.23,-9.2111,0.3791,59.338,-49.011,1.211,160,133,120,75,162.67,106.0,160.5,61.0,229.0
asia_only,2018,44,202.88,1.8493,4.611,7.0,0.1591,-70.88,-2.0,0.4318,23.25,-19.906,1.168,19,12,13,0,44.0,121.5,222.3,63.8,319.0
asia_only,2020,63,217.57,1.1363,3.454,-5.3498,-0.0849,-479.25,-12.0,0.3651,78.851,-57.0,1.383,22,28,12,1,63.0,136.0,231.0,67.0,319.0
asia_only,2023,25,180.0,2.1111,7.2,7.0,0.28,-50.25,-1.0,0.44,31.091,-40.5,0.768,11,4,10,0,25.0,85.0,199.8,61.0,271.0
asia_only,2026,27,1236.0,3.4176,45.778,9.0086,0.3337,-236.62,-3.0,0.5926,109.203,-85.208,1.282,15,6,5,1,27.0,181.0,246.0,62.5,364.0
asia_only,ALL,159,1836.44,1.7322,11.55,17.6588,0.1111,-479.25,-12.0,0.434,62.965,-50.163,1.255,67,50,40,2,39.75,133.0,226.3,63.0,327.0
asia_only,ALL_ex2026,132,600.45,1.3007,4.549,8.6502,0.0655,-479.25,-12.0,0.4015,49.006,-45.384,1.08,52,44,35,1,44.0,123.0,222.2,63.0,316.5
asia_only,ALL_ex_best_year(2026),132,600.45,1.3007,4.549,8.6502,0.0655,-479.25,-12.0,0.4015,49.006,-45.384,1.08,52,44,35,1,44.0,123.0,222.2,63.0,316.5
london_only,2018,31,-38.25,0.835,-1.234,1.0,0.0323,-113.62,-3.0,0.2903,21.5,-28.969,0.742,9,8,14,0,31.0,114.0,157.5,78.0,240.5
london_only,2020,41,471.97,1.9147,11.511,2.6367,0.0643,-157.82,-3.2493,0.3415,70.568,-42.999,1.641,13,10,15,3,41.0,137.0,200.8,66.0,339.0
london_only,2023,33,94.12,1.1524,2.852,2.0,0.0606,-229.88,-4.0,0.3939,54.75,-56.148,0.975,13,11,9,0,33.0,106.0,141.0,68.0,180.0
london_only,2026,11,863.88,6.7592,78.534,6.0,0.5455,-95.62,-1.0,0.7273,126.734,-75.0,1.69,8,2,1,0,11.0,129.0,173.5,70.0,202.5
london_only,ALL,116,1391.72,1.9184,11.998,11.6367,0.1003,-229.88,-4.2493,0.3793,66.07,-45.92,1.439,43,31,39,3,29.0,115.5,169.6,72.5,238.5
london_only,ALL_ex2026,105,527.84,1.3866,5.027,5.6367,0.0537,-229.88,-4.2493,0.3429,52.589,-44.044,1.194,35,29,38,3,35.0,114.0,169.2,73.0,243.0
london_only,ALL_ex_best_year(2026),105,527.84,1.3866,5.027,5.6367,0.0537,-229.88,-4.2493,0.3429,52.589,-44.044,1.194,35,29,38,3,35.0,114.0,169.2,73.0,243.0
ny_pre10_only,2018,40,177.05,1.4913,4.426,5.3037,0.1326,-202.45,-6.6963,0.475,28.283,-25.738,1.099,19,13,7,1,40.0,36.0,43.7,12.2,61.0
ny_pre10_only,2020,35,773.61,2.1713,22.103,5.4113,0.1546,-238.58,-3.7161,0.5429,75.477,-47.175,1.6,17,12,2,4,35.0,61.0,81.8,22.0,82.0
ny_pre10_only,2023,45,202.59,1.1877,4.502,0.6362,0.0141,-373.23,-5.2288,0.4444,64.085,-51.387,1.247,19,17,4,5,45.0,43.0,74.6,14.0,75.0
ny_pre10_only,2026,19,603.43,2.2764,31.76,5.3116,0.2796,-172.5,-2.0,0.5263,107.62,-94.553,1.138,9,4,4,2,19.0,27.0,68.4,14.0,64.0
ny_pre10_only,ALL,139,1756.68,1.6828,12.638,16.6629,0.1199,-373.23,-6.6963,0.4892,63.667,-47.642,1.336,64,46,17,12,34.75,43.0,66.7,15.0,69.5
ny_pre10_only,ALL_ex2026,120,1153.25,1.5492,9.61,11.3513,0.0946,-373.23,-6.6963,0.4833,56.089,-42.855,1.309,55,42,13,10,40.0,44.0,66.4,15.5,70.2
ny_pre10_only,ALL_ex_best_year(2020),104,983.07,1.5141,9.453,11.2515,0.1082,-373.23,-6.6963,0.4712,59.087,-47.805,1.236,47,34,15,8,34.67,40.0,61.6,13.0,64.0
asia_or_london,2018,74,153.38,1.3259,2.073,7.0,0.0946,-83.25,-3.0,0.3649,23.111,-23.531,0.982,27,20,27,0,74.0,121.5,195.6,71.8,270.2
asia_or_london,2020,98,789.29,1.4018,8.054,-0.7132,-0.0073,-406.79,-8.1141,0.3673,76.487,-53.087,1.441,34,35,25,4,98.0,137.0,222.6,68.2,326.2
asia_or_london,2023,56,308.25,1.4135,5.504,10.0,0.1786,-240.75,-3.0,0.4286,43.906,-53.25,0.825,24,14,18,0,56.0,98.5,169.7,63.5,215.2
asia_or_london,2026,38,2099.87,4.1756,55.26,15.0086,0.395,-323.25,-4.0,0.6316,115.047,-82.656,1.392,23,8,6,1,38.0,147.5,225.0,61.8,329.0
asia_or_london,ALL,266,3350.78,1.8722,12.597,31.2954,0.1177,-406.79,-8.1141,0.4173,64.796,-48.628,1.332,108,77,76,5,66.5,124.0,204.3,66.0,270.0
asia_or_london,ALL_ex2026,228,1250.91,1.3933,5.486,16.2868,0.0714,-406.79,-8.1141,0.3816,50.934,-44.794,1.137,85,69,70,4,76.0,121.0,200.8,66.8,263.8
asia_or_london,ALL_ex_best_year(2026),228,1250.91,1.3933,5.486,16.2868,0.0714,-406.79,-8.1141,0.3816,50.934,-44.794,1.137,85,69,70,4,76.0,121.0,200.8,66.8,263.8
asia_or_ny_pre10,2018,83,363.42,1.6065,4.379,11.3037,0.1362,-151.45,-5.6963,0.4458,26.017,-23.046,1.129,37,25,20,1,83.0,63.0,138.7,28.5,162.0
asia_or_ny_pre10,2020,98,991.18,1.4393,10.114,0.0615,0.0006,-529.75,-11.5677,0.4286,77.325,-53.725,1.439,39,40,14,5,98.0,82.0,177.7,46.2,235.2
asia_or_ny_pre10,2023,70,382.59,1.3083,5.466,7.6362,0.1091,-344.36,-4.7536,0.4429,52.378,-49.645,1.055,30,21,14,5,70.0,61.5,119.3,26.2,121.8
asia_or_ny_pre10,2026,46,1839.43,2.8693,39.988,14.3202,0.3113,-316.12,-4.0,0.5652,108.594,-89.456,1.214,24,10,9,3,46.0,67.5,172.6,32.2,297.8
asia_or_ny_pre10,ALL,297,3576.62,1.704,12.042,33.3216,0.1122,-529.75,-11.5677,0.4579,63.657,-48.854,1.303,130,96,57,14,74.25,68.0,152.3,32.0,186.0
asia_or_ny_pre10,ALL_ex2026,251,1737.19,1.424,6.921,19.0014,0.0757,-529.75,-11.5677,0.4382,53.036,-44.051,1.204,106,86,48,11,83.67,68.0,148.5,32.5,179.0
asia_or_ny_pre10,ALL_ex_best_year(2026),251,1737.19,1.424,6.921,19.0014,0.0757,-529.75,-11.5677,0.4382,53.036,-44.051,1.204,106,86,48,11,83.67,68.0,148.5,32.5,179.0
london_or_ny_pre10,2018,70,110.67,1.1869,1.581,5.3037,0.0758,-202.45,-5.6963,0.3857,26.028,-26.913,0.967,27,21,21,1,70.0,63.0,94.0,26.2,108.2
london_or_ny_pre10,2020,74,1161.58,1.9874,15.697,6.048,0.0817,-295.58,-5.7161,0.4189,75.42,-45.247,1.667,28,22,17,7,74.0,79.5,149.0,53.0,199.5
london_or_ny_pre10,2023,77,328.97,1.1976,4.272,3.6362,0.0472,-406.98,-5.4753,0.4286,60.408,-53.693,1.125,32,27,13,5,77.0,67.0,102.9,27.0,124.0
london_or_ny_pre10,2026,30,1467.31,3.3561,48.91,11.3116,0.3771,-175.12,-2.0,0.6,116.115,-88.967,1.305,17,6,5,2,30.0,61.0,106.9,23.0,125.2
london_or_ny_pre10,ALL,251,3068.52,1.7566,12.225,26.2995,0.1048,-406.98,-6.9458,0.4343,65.36,-47.16,1.386,104,76,56,15,62.75,68.0,114.5,28.0,138.5
london_or_ny_pre10,ALL_ex2026,221,1601.21,1.4664,7.245,14.9879,0.0678,-406.98,-6.9458,0.4118,55.321,-43.456,1.273,87,70,51,13,73.67,69.0,115.5,29.0,140.0
london_or_ny_pre10,ALL_ex_best_year(2026),221,1601.21,1.4664,7.245,14.9879,0.0678,-406.98,-6.9458,0.4118,55.321,-43.456,1.273,87,70,51,13,73.67,69.0,115.5,29.0,140.0
all_canonical_permitted_hours,2018,140,103.61,1.0709,0.74,9.2009,0.0657,-317.36,-6.7493,0.3857,28.985,-30.449,0.952,52,40,38,10,140.0,87.5,154.9,58.2,238.0
all_canonical_permitted_hours,2020,150,1301.84,1.3819,8.679,0.4335,0.0029,-563.16,-10.4987,0.38,82.64,-56.81,1.455,53,51,33,13,150.0,109.0,184.0,62.0,251.8
all_canonical_permitted_hours,2023,137,99.04,1.0321,0.723,8.9167,0.0651,-793.77,-7.0448,0.4015,57.921,-60.521,0.957,48,38,31,20,137.0,83.0,141.5,56.0,247.0
all_canonical_permitted_hours,2026,73,2867.86,2.7313,39.286,21.143,0.2896,-423.81,-5.1053,0.5342,116.009,-82.824,1.401,35,14,14,10,73.0,113.0,176.0,57.0,264.0
all_canonical_permitted_hours,ALL,500,4372.34,1.4548,8.745,39.6941,0.0794,-793.77,-10.4987,0.41,68.222,-53.705,1.27,188,143,116,53,125.0,91.0,163.0,60.0,249.0
all_canonical_permitted_hours,ALL_ex2026,427,1504.48,1.1891,3.523,18.5511,0.0434,-793.77,-10.4987,0.3888,56.996,-50.043,1.139,153,129,102,43,142.33,90.0,160.8,61.0,247.0
all_canonical_permitted_hours,ALL_ex_best_year(2026),427,1504.48,1.1891,3.523,18.5511,0.0434,-793.77,-10.4987,0.3888,56.996,-50.043,1.139,153,129,102,43,142.33,90.0,160.8,61.0,247.0
