level_id,session_date,year,side,entry_time,exit_time,entry_price,exit_price,level,anchor,cap,exit_reason,pnl,gap_through
0_upper,2018-01-03,2018,upper,2018-01-03 04:06:00-05:00,2018-01-03 06:10:00-05:00,6529.134910517963,6529.134910517963,6529.134910517963,5.75,8.625,BE,-0.0,False
1_upper,2018-01-04,2018,upper,2018-01-03 19:09:00-05:00,2018-01-03 20:12:00-05:00,6591.363648739487,6582.363648739487,6591.363648739487,6.0,9.0,TP,9.0,False
4_upper,2018-01-09,2018,upper,2018-01-09 08:26:00-05:00,2018-01-09 09:35:00-05:00,6700.852925468027,6692.227925468027,6700.852925468027,5.75,8.625,TP,8.625,False
5_lower,2018-01-10,2018,lower,2018-01-10 05:59:00-05:00,2018-01-10 06:24:00-05:00,6644.365418961772,6654.865418961772,6644.365418961772,7.0,10.5,TP,10.5,False
4_lower,2018-01-10,2018,lower,2018-01-10 10:02:00-05:00,2018-01-10 15:00:00-05:00,6629.772074531973,6662.0,6629.772074531973,35.5,53.25,cutoff,32.227925468027024,False
5_upper,2018-01-12,2018,upper,2018-01-12 03:25:00-05:00,2018-01-12 07:44:00-05:00,6741.759581038228,6732.384581038228,6741.759581038228,6.25,9.375,TP,9.375,False
9_upper,2018-01-16,2018,upper,2018-01-16 05:23:00-05:00,2018-01-16 09:35:00-05:00,6809.770647884909,6826.270647884909,6809.770647884909,11.0,16.5,SL,-16.5,False
12_upper,2018-01-22,2018,upper,2018-01-22 10:09:00-05:00,2018-01-22 12:05:00-05:00,6862.577746742863,6898.202746742863,6862.577746742863,23.75,35.625,SL,-35.625,False
15_upper,2018-01-24,2018,upper,2018-01-24 10:14:00-05:00,2018-01-24 11:13:00-05:00,6998.255469793344,6955.880469793344,6998.255469793344,28.25,42.375,TP,42.375,False
19_lower,2018-01-30,2018,lower,2018-01-29 22:52:00-05:00,2018-01-29 22:56:00-05:00,6956.366742923148,6964.616742923148,6956.366742923148,5.5,8.25,TP,8.25,False
18_lower,2018-01-30,2018,lower,2018-01-30 10:05:00-05:00,2018-01-30 11:09:00-05:00,6909.722612509674,6964.847612509674,6909.722612509674,36.75,55.125,TP,55.125,False
17_lower,2018-02-02,2018,lower,2018-02-02 04:21:00-05:00,2018-02-02 10:01:00-05:00,6880.975997086674,6831.850997086674,6880.975997086674,32.75,49.125,SL,-49.125,False
25_upper,2018-02-07,2018,upper,2018-02-07 10:08:00-05:00,2018-02-07 13:06:00-05:00,6684.944584107352,6617.819584107352,6684.944584107352,44.75,67.125,TP,67.125,False
27_lower,2018-02-08,2018,lower,2018-02-08 10:54:00-05:00,2018-02-08 15:00:00-05:00,6489.755992857791,6418.5,6489.755992857791,69.0,103.5,cutoff,-71.25599285779117,False
28_upper,2018-02-12,2018,upper,2018-02-12 09:44:00-05:00,2018-02-12 10:13:00-05:00,6513.528021066135,6463.653021066135,6513.528021066135,33.25,49.875,TP,49.875,False
30_upper,2018-02-14,2018,upper,2018-02-14 02:34:00-05:00,2018-02-14 08:30:00-05:00,6590.569710186437,6578.569710186437,6590.569710186437,8.0,12.0,TP,12.0,False
34_lower,2018-02-20,2018,lower,2018-02-20 05:04:00-05:00,2018-02-20 06:23:00-05:00,6727.800168995409,6727.800168995409,6727.800168995409,34.0,51.0,BE,0.0,False
35_lower,2018-03-02,2018,lower,2018-03-02 08:01:00-05:00,2018-03-02 11:43:00-05:00,6674.644394150568,6741.394394150568,6674.644394150568,44.5,66.75,TP,66.75,False
46_upper,2018-03-08,2018,upper,2018-03-08 02:11:00-05:00,2018-03-08 05:49:00-05:00,6945.66025015068,6945.66025015068,6945.66025015068,11.0,16.5,BE,-0.0,False
42_upper,2018-03-08,2018,upper,2018-03-08 09:08:00-05:00,2018-03-08 10:04:00-05:00,6967.241668711537,6948.866668711537,6967.241668711537,12.25,18.375,TP,18.375,False
45_upper,2018-03-09,2018,upper,2018-03-08 19:00:00-05:00,2018-03-09 08:30:00-05:00,7000.75,7024.75,6989.60835460164,16.0,24.0,SL,-24.0,True
40_upper,2018-03-09,2018,upper,2018-03-09 08:36:00-05:00,2018-03-09 08:38:00-05:00,7057.28680551017,7047.53680551017,7057.28680551017,6.5,9.75,TP,9.75,False
49_upper,2018-03-13,2018,upper,2018-03-13 09:42:00-04:00,2018-03-13 10:55:00-04:00,7211.202029295153,7160.202029295153,7211.202029295153,34.0,51.0,TP,51.0,False
51_lower,2018-03-15,2018,lower,2018-03-14 21:10:00-04:00,2018-03-15 11:25:00-04:00,7027.927462033644,7095.802462033644,7027.927462033644,45.25,67.875,TP,67.875,False
53_lower,2018-03-19,2018,lower,2018-03-18 20:59:00-04:00,2018-03-18 21:09:00-04:00,7019.536644549242,7006.411644549242,7019.536644549242,8.75,13.125,SL,-13.125,False
48_lower,2018-03-19,2018,lower,2018-03-19 01:09:00-04:00,2018-03-19 01:17:00-04:00,6984.070799723797,6993.445799723797,6984.070799723797,6.25,9.375,TP,9.375,False
55_lower,2018-03-22,2018,lower,2018-03-22 03:59:00-04:00,2018-03-22 09:01:00-04:00,6815.833165584705,6775.708165584705,6815.833165584705,26.75,40.125,SL,-40.125,False
58_upper,2018-03-27,2018,upper,2018-03-26 20:01:00-04:00,2018-03-26 21:20:00-04:00,6796.0404081907745,6820.4154081907745,6796.0404081907745,16.25,24.375,SL,-24.375,False
68_upper,2018-04-10,2018,upper,2018-04-09 22:42:00-04:00,2018-04-10 02:31:00-04:00,6618.015361193202,6618.015361193202,6618.015361193202,70.5,105.75,BE,-0.0,False
69_upper,2018-04-12,2018,upper,2018-04-12 09:59:00-04:00,2018-04-12 11:52:00-04:00,6674.120573515432,6656.495573515432,6674.120573515432,11.75,17.625,TP,17.625,False
71_upper,2018-04-17,2018,upper,2018-04-17 02:19:00-04:00,2018-04-17 04:18:00-04:00,6742.225463751627,6729.475463751627,6742.225463751627,8.5,12.75,TP,12.75,False
73_upper,2018-04-17,2018,upper,2018-04-17 06:13:00-04:00,2018-04-17 07:41:00-04:00,6747.283059462454,6747.283059462454,6747.283059462454,11.25,16.875,BE,-0.0,False
72_upper,2018-04-17,2018,upper,2018-04-17 10:54:00-04:00,2018-04-17 14:52:00-04:00,6791.429923534902,6835.679923534902,6791.429923534902,29.5,44.25,SL,-44.25,False
75_lower,2018-04-20,2018,lower,2018-04-20 03:30:00-04:00,2018-04-20 06:53:00-04:00,6754.992006121582,6776.367006121582,6754.992006121582,14.25,21.375,TP,21.375,False
78_lower,2018-04-24,2018,lower,2018-04-24 10:24:00-04:00,2018-04-24 12:27:00-04:00,6615.554947578565,6543.554947578565,6615.554947578565,48.0,72.0,SL,-72.0,False
80_upper,2018-04-26,2018,upper,2018-04-26 10:04:00-04:00,2018-04-26 14:42:00-04:00,6618.426920574853,6672.051920574853,6618.426920574853,35.75,53.625,SL,-53.625,False
78_upper,2018-04-27,2018,upper,2018-04-27 08:47:00-04:00,2018-04-27 09:31:00-04:00,6767.945052421435,6745.070052421435,6767.945052421435,15.25,22.875,TP,22.875,False
86_upper,2018-05-04,2018,upper,2018-05-04 10:25:00-04:00,2018-05-04 14:21:00-04:00,6692.836225843241,6773.086225843241,6692.836225843241,53.5,80.25,SL,-80.25,False
77_upper,2018-05-07,2018,upper,2018-05-07 00:30:00-04:00,2018-05-07 02:53:00-04:00,6828.16377343615,6815.41377343615,6828.16377343615,8.5,12.75,TP,12.75,False
92_upper,2018-05-14,2018,upper,2018-05-14 10:30:00-04:00,2018-05-14 13:21:00-04:00,7007.349699090812,6966.474699090812,7007.349699090812,27.25,40.875,TP,40.875,False
93_lower,2018-05-15,2018,lower,2018-05-15 08:39:00-04:00,2018-05-15 09:32:00-04:00,6928.543047509258,6897.043047509258,6928.543047509258,21.0,31.5,SL,-31.5,False
91_lower,2018-05-15,2018,lower,2018-05-15 09:55:00-04:00,2018-05-15 15:00:00-04:00,6870.515226696004,6876.5,6870.515226696004,47.75,71.625,cutoff,5.984773303996008,False
95_upper,2018-05-17,2018,upper,2018-05-17 10:57:00-04:00,2018-05-17 12:40:00-04:00,6960.568010688974,6931.318010688974,6960.568010688974,19.5,29.25,TP,29.25,False
98_lower,2018-05-23,2018,lower,2018-05-22 21:51:00-04:00,2018-05-23 03:24:00-04:00,6878.121273342689,6862.746273342689,6878.121273342689,10.25,15.375,SL,-15.375,False
95_lower,2018-05-23,2018,lower,2018-05-23 03:30:00-04:00,2018-05-23 05:41:00-04:00,6851.181989311026,6833.181989311026,6851.181989311026,12.0,18.0,SL,-18.0,False
94_lower,2018-05-23,2018,lower,2018-05-23 05:42:00-04:00,2018-05-23 09:31:00-04:00,6829.859454475612,6856.859454475612,6829.859454475612,18.0,27.0,TP,27.0,False
94_upper,2018-05-24,2018,upper,2018-05-24 03:19:00-04:00,2018-05-24 04:48:00-04:00,6971.765545524388,6971.765545524388,6971.765545524388,16.5,24.75,BE,-0.0,False
98_upper,2018-05-25,2018,upper,2018-05-24 21:33:00-04:00,2018-05-24 22:49:00-04:00,6988.503726657311,6988.503726657311,6988.503726657311,11.75,17.625,BE,-0.0,False
103_lower,2018-05-29,2018,lower,2018-05-29 02:47:00-04:00,2018-05-29 03:15:00-04:00,6935.904766379892,6955.029766379892,6935.904766379892,12.75,19.125,TP,19.125,False
102_lower,2018-05-29,2018,lower,2018-05-29 04:32:00-04:00,2018-05-29 09:42:00-04:00,6899.922722627305,6943.797722627305,6899.922722627305,29.25,43.875,TP,43.875,False
93_upper,2018-06-01,2018,upper,2018-06-01 09:55:00-04:00,2018-06-01 10:55:00-04:00,7036.581952490742,7069.206952490742,7036.581952490742,21.75,32.625,SL,-32.625,False
107_upper,2018-06-04,2018,upper,2018-06-03 20:18:00-04:00,2018-06-04 03:53:00-04:00,7092.43659505992,7115.68659505992,7092.43659505992,15.5,23.25,SL,-23.25,False
108_upper,2018-06-05,2018,upper,2018-06-05 04:00:00-04:00,2018-06-05 10:04:00-04:00,7156.635231374005,7180.635231374005,7156.635231374005,16.0,24.0,SL,-24.0,False
110_upper,2018-06-07,2018,upper,2018-06-07 02:32:00-04:00,2018-06-07 03:05:00-04:00,7231.326699234774,7226.451699234774,7231.326699234774,3.25,4.875,TP,4.875,False
110_lower,2018-06-08,2018,lower,2018-06-08 04:10:00-04:00,2018-06-08 05:29:00-04:00,7113.548300765226,7113.548300765226,7113.548300765226,27.25,40.875,BE,0.0,False
112_upper,2018-06-11,2018,upper,2018-06-11 09:46:00-04:00,2018-06-11 10:18:00-04:00,7194.487916844135,7177.987916844135,7194.487916844135,11.0,16.5,TP,16.5,False
114_upper,2018-06-13,2018,upper,2018-06-12 20:23:00-04:00,2018-06-12 22:04:00-04:00,7254.301705073458,7246.426705073458,7254.301705073458,5.25,7.875,TP,7.875,False
111_upper,2018-06-13,2018,upper,2018-06-13 10:20:00-04:00,2018-06-13 14:06:00-04:00,7269.677208812118,7247.177208812118,7269.677208812118,15.0,22.5,TP,22.5,False
115_upper,2018-06-14,2018,upper,2018-06-14 10:20:00-04:00,2018-06-14 15:00:00-04:00,7303.289655676041,7291.25,7303.289655676041,33.0,49.5,cutoff,12.039655676040638,False
117_lower,2018-06-18,2018,lower,2018-06-18 09:34:00-04:00,2018-06-18 09:48:00-04:00,7214.541889345101,7237.041889345101,7214.541889345101,15.0,22.5,TP,22.5,False
116_lower,2018-06-19,2018,lower,2018-06-18 21:55:00-04:00,2018-06-19 02:00:00-04:00,7207.821104982877,7187.946104982877,7207.821104982877,13.25,19.875,SL,-19.875,False
118_lower,2018-06-19,2018,lower,2018-06-19 03:07:00-04:00,2018-06-19 04:26:00-04:00,7172.345652503716,7172.345652503716,7172.345652503716,18.0,27.0,BE,0.0,False
114_lower,2018-06-19,2018,lower,2018-06-19 10:30:00-04:00,2018-06-19 13:53:00-04:00,7161.698294926542,7230.323294926542,7161.698294926542,45.75,68.625,TP,68.625,False
119_upper,2018-06-20,2018,upper,2018-06-19 20:02:00-04:00,2018-06-19 21:03:00-04:00,7262.911183414944,7241.536183414944,7262.911183414944,14.25,21.375,TP,21.375,False
118_upper,2018-06-20,2018,upper,2018-06-20 08:54:00-04:00,2018-06-20 09:42:00-04:00,7287.904347496284,7303.279347496284,7287.904347496284,10.25,15.375,SL,-15.375,False
116_upper,2018-06-21,2018,upper,2018-06-20 21:57:00-04:00,2018-06-20 22:19:00-04:00,7342.428895017123,7357.053895017123,7342.428895017123,9.75,14.625,SL,-14.625,False
120_lower,2018-06-21,2018,lower,2018-06-21 10:22:00-04:00,2018-06-21 11:44:00-04:00,7237.780430387864,7286.155430387864,7237.780430387864,32.25,48.375,TP,48.375,False
121_lower,2018-06-22,2018,lower,2018-06-22 10:34:00-04:00,2018-06-22 15:00:00-04:00,7198.555087663368,7240.5,7198.555087663368,54.5,81.75,cutoff,41.944912336632115,False
122_lower,2018-06-25,2018,lower,2018-06-25 05:03:00-04:00,2018-06-25 09:39:00-04:00,7161.205449367277,7130.830449367277,7161.205449367277,20.25,30.375,SL,-30.375,False
119_lower,2018-06-25,2018,lower,2018-06-25 10:03:00-04:00,2018-06-25 12:11:00-04:00,7107.463816585056,7020.463816585056,7107.463816585056,58.0,87.0,SL,-87.0,False
126_upper,2018-06-29,2018,upper,2018-06-28 22:36:00-04:00,2018-06-29 03:29:00-04:00,7076.796525590399,7104.546525590399,7076.796525590399,18.5,27.75,SL,-27.75,False
127_lower,2018-07-02,2018,lower,2018-07-02 02:24:00-04:00,2018-07-02 10:39:00-04:00,7021.939275551633,7058.314275551633,7021.939275551633,24.25,36.375,TP,36.375,False
127_upper,2018-07-03,2018,upper,2018-07-03 07:36:00-04:00,2018-07-03 09:30:00-04:00,7161.685724448367,7140.685724448367,7161.685724448367,14.0,21.0,TP,21.0,False
131_upper,2018-07-06,2018,upper,2018-07-06 01:32:00-04:00,2018-07-06 09:40:00-04:00,7154.980786813723,7154.980786813723,7154.980786813723,37.5,56.25,BE,-0.0,False
124_upper,2018-07-06,2018,upper,2018-07-06 10:12:00-04:00,2018-07-06 15:00:00-04:00,7169.8256782714725,7224.75,7169.8256782714725,39.25,58.875,cutoff,-54.9243217285275,False
123_upper,2018-07-09,2018,upper,2018-07-08 20:08:00-04:00,2018-07-08 21:14:00-04:00,7245.184324224052,7257.559324224052,7245.184324224052,8.25,12.375,SL,-12.375,False
133_upper,2018-07-10,2018,upper,2018-07-09 20:54:00-04:00,2018-07-09 21:44:00-04:00,7333.438705783388,7322.938705783388,7333.438705783388,7.0,10.5,TP,10.5,False
135_upper,2018-07-12,2018,upper,2018-07-12 10:07:00-04:00,2018-07-12 13:43:00-04:00,7328.303579632185,7374.803579632185,7328.303579632185,31.0,46.5,SL,-46.5,False
121_upper,2018-07-13,2018,upper,2018-07-12 23:46:00-04:00,2018-07-13 04:20:00-04:00,7406.569912336632,7397.944912336632,7406.569912336632,5.75,8.625,TP,8.625,False
140_lower,2018-07-23,2018,lower,2018-07-22 21:00:00-04:00,2018-07-23 09:40:00-04:00,7346.6858821268015,7318.9358821268015,7346.6858821268015,18.5,27.75,SL,-27.75,False
142_upper,2018-07-24,2018,upper,2018-07-23 19:52:00-04:00,2018-07-23 21:31:00-04:00,7438.102087580435,7438.102087580435,7438.102087580435,10.5,15.75,BE,-0.0,False
137_upper,2018-07-24,2018,upper,2018-07-23 21:45:00-04:00,2018-07-24 03:00:00-04:00,7442.534348931817,7431.284348931817,7442.534348931817,7.5,11.25,TP,11.25,False
140_upper,2018-07-24,2018,upper,2018-07-24 09:36:00-04:00,2018-07-24 11:03:00-04:00,7478.0641178731985,7449.9391178731985,7478.0641178731985,18.75,28.125,TP,28.125,False
136_lower,2018-07-30,2018,lower,2018-07-30 09:44:00-04:00,2018-07-30 12:32:00-04:00,7226.908261951898,7196.158261951898,7226.908261951898,20.5,30.75,SL,-30.75,False
153_upper,2018-08-07,2018,upper,2018-08-06 23:02:00-04:00,2018-08-07 00:41:00-04:00,7459.432390640652,7459.432390640652,7459.432390640652,5.5,8.25,BE,-0.0,False
146_upper,2018-08-07,2018,upper,2018-08-07 09:35:00-04:00,2018-08-07 09:44:00-04:00,7482.682503501307,7475.182503501307,7482.682503501307,5.0,7.5,TP,7.5,False
156_lower,2018-08-10,2018,lower,2018-08-10 06:04:00-04:00,2018-08-10 09:02:00-04:00,7424.720023865139,7424.720023865139,7424.720023865139,21.0,31.5,BE,0.0,False
154_lower,2018-08-10,2018,lower,2018-08-10 10:04:00-04:00,2018-08-10 13:46:00-04:00,7413.1515343948895,7413.1515343948895,7413.1515343948895,28.75,43.125,BE,0.0,False
157_lower,2018-08-15,2018,lower,2018-08-15 10:00:00-04:00,2018-08-15 15:00:00-04:00,7372.920652415312,7352.25,7372.920652415312,44.5,66.75,cutoff,-20.67065241531236,False
161_lower,2018-08-17,2018,lower,2018-08-17 08:08:00-04:00,2018-08-17 09:28:00-04:00,7360.173904777643,7360.173904777643,7360.173904777643,10.25,15.375,BE,0.0,False
164_lower,2018-08-22,2018,lower,2018-08-21 19:14:00-04:00,2018-08-21 23:12:00-04:00,7352.896833553673,7380.646833553673,7352.896833553673,18.5,27.75,TP,27.75,False
165_upper,2018-08-23,2018,upper,2018-08-23 09:42:00-04:00,2018-08-23 09:49:00-04:00,7452.447510363063,7463.322510363063,7452.447510363063,7.25,10.875,SL,-10.875,False
161_upper,2018-08-23,2018,upper,2018-08-23 09:53:00-04:00,2018-08-23 10:57:00-04:00,7466.576095222357,7455.701095222357,7466.576095222357,7.25,10.875,TP,10.875,False
157_upper,2018-08-24,2018,upper,2018-08-24 10:35:00-04:00,2018-08-24 15:00:00-04:00,7480.329347584688,7492.75,7480.329347584688,19.0,28.5,cutoff,-12.420652415312361,False
154_upper,2018-08-27,2018,upper,2018-08-26 19:44:00-04:00,2018-08-26 21:10:00-04:00,7522.8484656051105,7522.8484656051105,7522.8484656051105,18.75,28.125,BE,-0.0,False
156_upper,2018-08-27,2018,upper,2018-08-27 09:30:00-04:00,2018-08-27 09:38:00-04:00,7534.904976134861,7522.529976134861,7534.904976134861,8.25,12.375,TP,12.375,False
168_upper,2018-08-29,2018,upper,2018-08-28 22:28:00-04:00,2018-08-29 00:32:00-04:00,7599.9516883498845,7599.9516883498845,7599.9516883498845,5.25,7.875,BE,-0.0,False
169_upper,2018-08-29,2018,upper,2018-08-29 10:41:00-04:00,2018-08-29 15:00:00-04:00,7634.351839522623,7662.0,7634.351839522623,30.25,45.375,cutoff,-27.648160477377132,False
173_lower,2018-09-04,2018,lower,2018-09-04 07:41:00-04:00,2018-09-04 09:30:00-04:00,7633.061168833607,7633.061168833607,7633.061168833607,14.5,21.75,BE,0.0,False
171_lower,2018-09-04,2018,lower,2018-09-04 09:39:00-04:00,2018-09-04 09:42:00-04:00,7604.500703523443,7590.250703523443,7604.500703523443,9.5,14.25,SL,-14.25,False
174_lower,2018-09-05,2018,lower,2018-09-05 10:01:00-04:00,2018-09-05 15:00:00-04:00,7549.8898326392355,7537.5,7549.8898326392355,69.5,104.25,cutoff,-12.389832639235465,False
168_lower,2018-09-06,2018,lower,2018-09-06 10:12:00-04:00,2018-09-06 15:00:00-04:00,7472.1733116501155,7445.25,7472.1733116501155,55.25,82.875,cutoff,-26.923311650115465,False
167_lower,2018-09-07,2018,lower,2018-09-07 09:00:00-04:00,2018-09-07 09:53:00-04:00,7401.824362995334,7462.199362995334,7401.824362995334,40.25,60.375,TP,60.375,False
179_upper,2018-09-12,2018,upper,2018-09-12 03:47:00-04:00,2018-09-12 04:00:00-04:00,7527.395003291416,7537.895003291416,7527.395003291416,7.0,10.5,SL,-10.5,False
178_upper,2018-09-13,2018,upper,2018-09-13 09:32:00-04:00,2018-09-13 09:45:00-04:00,7547.622652900693,7578.372652900693,7547.622652900693,20.5,30.75,SL,-30.75,False
176_upper,2018-09-14,2018,upper,2018-09-14 02:25:00-04:00,2018-09-14 09:30:00-04:00,7612.28905045813,7596.53905045813,7612.28905045813,10.5,15.75,TP,15.75,False
182_lower,2018-09-17,2018,lower,2018-09-17 09:36:00-04:00,2018-09-17 09:37:00-04:00,7544.14004620946,7531.01504620946,7544.14004620946,8.75,13.125,SL,-13.125,False
184_upper,2018-09-20,2018,upper,2018-09-20 09:43:00-04:00,2018-09-20 15:00:00-04:00,7584.795092564204,7607.25,7584.795092564204,21.5,32.25,cutoff,-22.454907435795576,False
183_upper,2018-09-21,2018,upper,2018-09-21 02:47:00-04:00,2018-09-21 05:28:00-04:00,7631.354115860666,7618.229115860666,7631.354115860666,8.75,13.125,TP,13.125,False
186_lower,2018-09-24,2018,lower,2018-09-24 09:31:00-04:00,2018-09-24 09:32:00-04:00,7499.12113621541,7485.24613621541,7499.12113621541,9.25,13.875,SL,-13.875,False
187_upper,2018-10-01,2018,upper,2018-09-30 19:08:00-04:00,2018-09-30 20:24:00-04:00,7688.758399715875,7688.758399715875,7688.758399715875,16.0,24.0,BE,-0.0,False
175_upper,2018-10-01,2018,upper,2018-09-30 22:17:00-04:00,2018-10-01 03:48:00-04:00,7702.894612183031,7714.894612183031,7702.894612183031,8.0,12.0,SL,-12.0,False
193_lower,2018-10-02,2018,lower,2018-10-02 04:46:00-04:00,2018-10-02 09:30:00-04:00,7641.621028945046,7664.496028945046,7641.621028945046,15.25,22.875,TP,22.875,False
195_lower,2018-10-04,2018,lower,2018-10-03 21:36:00-04:00,2018-10-04 05:00:00-04:00,7629.524241982807,7605.149241982807,7629.524241982807,16.25,24.375,SL,-24.375,False
194_lower,2018-10-04,2018,lower,2018-10-04 09:40:00-04:00,2018-10-04 10:20:00-04:00,7588.947492919474,7560.447492919474,7588.947492919474,19.0,28.5,SL,-28.5,False
190_lower,2018-10-04,2018,lower,2018-10-04 10:25:00-04:00,2018-10-04 14:20:00-04:00,7545.196349324198,7460.821349324198,7545.196349324198,56.25,84.375,SL,-84.375,False
198_lower,2018-10-10,2018,lower,2018-10-10 09:50:00-04:00,2018-10-10 09:57:00-04:00,7286.224538054712,7250.974538054712,7286.224538054712,23.5,35.25,SL,-35.25,False
208_lower,2018-10-23,2018,lower,2018-10-23 05:17:00-04:00,2018-10-23 06:52:00-04:00,7032.3496815496055,7058.5996815496055,7032.3496815496055,17.5,26.25,TP,26.25,False
203_lower,2018-10-23,2018,lower,2018-10-23 09:30:00-04:00,2018-10-23 09:32:00-04:00,7000.761047057629,7031.511047057629,7000.761047057629,20.5,30.75,TP,30.75,False
211_lower,2018-10-26,2018,lower,2018-10-26 05:25:00-04:00,2018-10-26 06:42:00-04:00,6762.610909414232,6762.610909414232,6762.610909414232,37.25,55.875,BE,0.0,False
214_upper,2018-10-31,2018,upper,2018-10-31 04:37:00-04:00,2018-10-31 06:44:00-04:00,6889.683844244571,6889.683844244571,6889.683844244571,21.25,31.875,BE,-0.0,False
215_upper,2018-11-02,2018,upper,2018-11-02 01:04:00-04:00,2018-11-02 10:29:00-04:00,7089.567462295751,6993.942462295751,7089.567462295751,63.75,95.625,TP,95.625,False
217_lower,2018-11-05,2018,lower,2018-11-05 09:44:00-05:00,2018-11-05 10:11:00-05:00,6903.866612075746,6877.241612075746,6903.866612075746,17.75,26.625,SL,-26.625,False
218_upper,2018-11-07,2018,upper,2018-11-07 03:20:00-05:00,2018-11-07 04:37:00-05:00,7081.0047610942565,7114.0047610942565,7081.0047610942565,22.0,33.0,SL,-33.0,False
221_lower,2018-11-09,2018,lower,2018-11-09 06:37:00-05:00,2018-11-09 09:35:00-05:00,7094.461029890275,7094.461029890275,7094.461029890275,24.75,37.125,BE,0.0,False
220_lower,2018-11-12,2018,lower,2018-11-12 09:32:00-05:00,2018-11-12 10:03:00-05:00,6976.819470200613,6914.194470200613,6976.819470200613,41.75,62.625,SL,-62.625,False
215_lower,2018-11-13,2018,lower,2018-11-12 19:44:00-05:00,2018-11-12 22:27:00-05:00,6812.432537704249,6845.057537704249,6812.432537704249,21.75,32.625,TP,32.625,False
227_lower,2018-11-19,2018,lower,2018-11-19 10:34:00-05:00,2018-11-19 15:00:00-05:00,6729.6333303671845,6673.25,6729.6333303671845,76.75,115.125,cutoff,-56.3833303671845,False
214_lower,2018-11-20,2018,lower,2018-11-20 08:40:00-05:00,2018-11-20 10:14:00-05:00,6537.816155755429,6456.441155755429,6537.816155755429,54.25,81.375,SL,-81.375,False
229_upper,2018-11-21,2018,upper,2018-11-21 09:31:00-05:00,2018-11-21 09:41:00-05:00,6638.488855974993,6600.988855974993,6638.488855974993,25.0,37.5,TP,37.5,False
230_lower,2018-11-23,2018,lower,2018-11-23 08:43:00-05:00,2018-11-23 09:01:00-05:00,6499.389445867615,6525.639445867615,6499.389445867615,17.5,26.25,TP,26.25,False
231_upper,2018-11-26,2018,upper,2018-11-26 03:15:00-05:00,2018-11-26 10:00:00-05:00,6623.8814122187305,6660.2564122187305,6623.8814122187305,24.25,36.375,SL,-36.375,False
233_upper,2018-11-28,2018,upper,2018-11-28 01:10:00-05:00,2018-11-28 03:00:00-05:00,6735.842929241806,6725.342929241806,6735.842929241806,7.0,10.5,TP,10.5,False
242_upper,2018-12-11,2018,upper,2018-12-11 05:53:00-05:00,2018-12-11 08:26:00-05:00,6741.269055832232,6785.519055832232,6741.269055832232,29.5,44.25,SL,-44.25,False
245_lower,2018-12-14,2018,lower,2018-12-13 21:06:00-05:00,2018-12-14 00:49:00-05:00,6708.7658878650445,6708.7658878650445,6708.7658878650445,46.25,69.375,BE,0.0,False
234_lower,2018-12-17,2018,lower,2018-12-17 09:53:00-05:00,2018-12-17 10:09:00-05:00,6528.160513975401,6570.910513975401,6528.160513975401,28.5,42.75,TP,42.75,False
254_upper,2018-12-28,2018,upper,2018-12-27 23:30:00-05:00,2018-12-28 00:48:00-05:00,6340.354224240451,6313.354224240451,6340.354224240451,18.0,27.0,TP,27.0,False
514_lower,2020-01-03,2020,lower,2020-01-03 05:56:00-05:00,2020-01-03 08:13:00-05:00,8743.715344071625,8793.965344071625,8743.715344071625,33.5,50.25,TP,50.25,False
515_upper,2020-01-07,2020,upper,2020-01-06 21:23:00-05:00,2020-01-06 23:25:00-05:00,8881.00840595395,8881.00840595395,8881.00840595395,14.0,21.0,BE,-0.0,False
515_lower,2020-01-08,2020,lower,2020-01-07 19:32:00-05:00,2020-01-08 06:28:00-05:00,8696.61659404605,8876.99159404605,8696.61659404605,120.25,180.375,TP,180.375,False
524_upper,2020-01-17,2020,upper,2020-01-17 04:51:00-05:00,2020-01-17 11:13:00-05:00,9163.275526241003,9136.650526241003,9163.275526241003,17.75,26.625,TP,26.625,False
526_lower,2020-01-21,2020,lower,2020-01-20 21:35:00-05:00,2020-01-21 01:42:00-05:00,9121.972242453598,9121.972242453598,9121.972242453598,39.75,59.625,BE,0.0,False
526_upper,2020-01-22,2020,upper,2020-01-21 21:51:00-05:00,2020-01-21 21:57:00-05:00,9212.777757546402,9230.027757546402,9212.777757546402,11.5,17.25,SL,-17.25,False
525_upper,2020-01-22,2020,upper,2020-01-22 01:06:00-05:00,2020-01-22 03:47:00-05:00,9236.007077102986,9224.757077102986,9236.007077102986,7.5,11.25,TP,11.25,False
528_lower,2020-01-23,2020,lower,2020-01-23 09:35:00-05:00,2020-01-23 09:58:00-05:00,9157.475099792833,9184.100099792833,9157.475099792833,17.75,26.625,TP,26.625,False
529_upper,2020-01-24,2020,upper,2020-01-24 03:07:00-05:00,2020-01-24 03:35:00-05:00,9274.55896358009,9285.05896358009,9274.55896358009,7.0,10.5,SL,-10.5,False
523_lower,2020-01-27,2020,lower,2020-01-27 05:03:00-05:00,2020-01-27 15:00:00-05:00,8991.946156459002,8974.0,8991.946156459002,48.0,72.0,cutoff,-17.94615645900194,False
531_upper,2020-01-28,2020,upper,2020-01-28 10:25:00-05:00,2020-01-28 14:14:00-05:00,9053.02925865888,9111.15425865888,9053.02925865888,38.75,58.125,SL,-58.125,False
533_lower,2020-01-30,2020,lower,2020-01-30 02:06:00-05:00,2020-01-30 04:06:00-05:00,9012.488205660382,9041.738205660382,9012.488205660382,19.5,29.25,TP,29.25,False
536_upper,2020-02-04,2020,upper,2020-02-04 03:23:00-05:00,2020-02-04 08:31:00-05:00,9218.804595713065,9260.804595713065,9218.804595713065,28.0,42.0,SL,-42.0,False
535_upper,2020-02-04,2020,upper,2020-02-04 10:40:00-05:00,2020-02-04 15:00:00-05:00,9289.789046206857,9345.75,9289.789046206857,49.0,73.5,cutoff,-55.960953793142835,False
538_upper,2020-02-11,2020,upper,2020-02-10 20:45:00-05:00,2020-02-11 15:00:00-05:00,9567.69569543655,9536.0,9567.69569543655,32.5,48.75,cutoff,31.695695436550523,False
544_upper,2020-02-14,2020,upper,2020-02-13 22:02:00-05:00,2020-02-14 08:46:00-05:00,9650.077889608092,9618.577889608092,9650.077889608092,21.0,31.5,TP,31.5,False
543_upper,2020-02-17,2020,upper,2020-02-16 20:47:00-05:00,2020-02-16 22:07:00-05:00,9673.031877068039,9673.031877068039,9673.031877068039,13.25,19.875,BE,-0.0,False
542_upper,2020-02-17,2020,upper,2020-02-17 00:41:00-05:00,2020-02-17 01:19:00-05:00,9676.808177323495,9683.183177323495,9676.808177323495,4.25,6.375,SL,-6.375,False
547_upper,2020-02-19,2020,upper,2020-02-19 07:58:00-05:00,2020-02-19 09:32:00-05:00,9684.604784625351,9698.854784625351,9684.604784625351,9.5,14.25,SL,-14.25,False
545_upper,2020-02-19,2020,upper,2020-02-19 09:36:00-05:00,2020-02-19 10:20:00-05:00,9706.908512159982,9720.033512159982,9706.908512159982,8.75,13.125,SL,-13.125,False
543_lower,2020-02-21,2020,lower,2020-02-21 09:49:00-05:00,2020-02-21 09:57:00-05:00,9489.093122931961,9521.343122931961,9489.093122931961,21.5,32.25,TP,32.25,False
541_lower,2020-02-24,2020,lower,2020-02-23 21:27:00-05:00,2020-02-24 02:15:00-05:00,9281.154486973353,9251.904486973353,9281.154486973353,19.5,29.25,SL,-29.25,False
537_lower,2020-02-24,2020,lower,2020-02-24 04:16:00-05:00,2020-02-24 05:47:00-05:00,9156.767105704166,9156.767105704166,9156.767105704166,87.0,130.5,BE,0.0,False
553_lower,2020-02-27,2020,lower,2020-02-26 22:58:00-05:00,2020-02-27 00:17:00-05:00,8724.757467992544,8724.757467992544,8724.757467992544,50.25,75.375,BE,0.0,False
555_upper,2020-03-02,2020,upper,2020-03-01 20:31:00-05:00,2020-03-02 02:45:00-05:00,8455.361761076416,8565.236761076416,8455.361761076416,73.25,109.875,SL,-109.875,False
559_lower,2020-03-06,2020,lower,2020-03-05 22:53:00-05:00,2020-03-06 04:58:00-05:00,8551.275749585217,8466.900749585217,8551.275749585217,56.25,84.375,SL,-84.375,False
561_lower,2020-03-12,2020,lower,2020-03-12 09:30:00-04:00,2020-03-12 09:30:00-04:00,7504.25,7497.875,7595.5999259774835,4.25,6.375,SL,-6.375,True
568_upper,2020-03-20,2020,upper,2020-03-20 03:26:00-04:00,2020-03-20 09:44:00-04:00,7511.458736501807,7311.458736501807,7511.458736501807,169.5,200.0,TP,200.0,False
571_upper,2020-03-24,2020,upper,2020-03-24 04:07:00-04:00,2020-03-24 05:24:00-04:00,7322.838733246481,7322.838733246481,7322.838733246481,60.5,90.75,BE,-0.0,False
572_upper,2020-03-25,2020,upper,2020-03-25 03:59:00-04:00,2020-03-25 06:53:00-04:00,7646.30369503761,7492.55369503761,7646.30369503761,102.5,153.75,TP,153.75,False
575_upper,2020-03-31,2020,upper,2020-03-30 20:01:00-04:00,2020-03-30 21:09:00-04:00,7888.718408387388,7935.218408387388,7888.718408387388,31.0,46.5,SL,-46.5,False
576_upper,2020-03-31,2020,upper,2020-03-31 05:22:00-04:00,2020-03-31 06:21:00-04:00,7949.624439029813,7893.374439029813,7949.624439029813,37.5,56.25,TP,56.25,False
577_lower,2020-04-01,2020,lower,2020-04-01 01:49:00-04:00,2020-04-01 03:29:00-04:00,7578.254553993011,7578.254553993011,7578.254553993011,38.0,57.0,BE,0.0,False
578_lower,2020-04-02,2020,lower,2020-04-02 09:14:00-04:00,2020-04-02 10:35:00-04:00,7388.1058233536705,7588.1058233536705,7388.1058233536705,145.0,200.0,TP,200.0,False
579_upper,2020-04-06,2020,upper,2020-04-05 20:17:00-04:00,2020-04-05 20:31:00-04:00,7703.231612359354,7751.981612359354,7703.231612359354,32.5,48.75,SL,-48.75,False
580_upper,2020-04-06,2020,upper,2020-04-05 20:35:00-04:00,2020-04-05 22:30:00-04:00,7808.464622827671,7759.714622827671,7808.464622827671,32.5,48.75,TP,48.75,False
577_upper,2020-04-07,2020,upper,2020-04-07 02:58:00-04:00,2020-04-07 06:02:00-04:00,8151.870446006989,8260.62044600699,8151.870446006989,72.5,108.75,SL,-108.75,False
583_upper,2020-04-09,2020,upper,2020-04-09 09:43:00-04:00,2020-04-09 15:00:00-04:00,8316.921889912834,8173.75,8316.921889912834,171.75,200.0,cutoff,143.17188991283365,False
585_upper,2020-04-14,2020,upper,2020-04-13 21:33:00-04:00,2020-04-13 22:34:00-04:00,8377.974427210953,8448.474427210953,8377.974427210953,47.0,70.5,SL,-70.5,False
582_upper,2020-04-14,2020,upper,2020-04-14 09:34:00-04:00,2020-04-14 09:50:00-04:00,8503.366634118818,8564.116634118818,8503.366634118818,40.5,60.75,SL,-60.75,False
587_upper,2020-04-16,2020,upper,2020-04-16 10:58:00-04:00,2020-04-16 12:33:00-04:00,8708.551354323605,8620.801354323605,8708.551354323605,58.5,87.75,TP,87.75,False
589_lower,2020-04-21,2020,lower,2020-04-20 22:38:00-04:00,2020-04-21 03:04:00-04:00,8627.887119112991,8702.512119112991,8627.887119112991,49.75,74.625,TP,74.625,False
590_lower,2020-04-21,2020,lower,2020-04-21 09:37:00-04:00,2020-04-21 09:45:00-04:00,8582.137175759435,8533.387175759435,8582.137175759435,32.5,48.75,SL,-48.75,False
588_lower,2020-04-21,2020,lower,2020-04-21 10:49:00-04:00,2020-04-21 15:00:00-04:00,8458.051185239154,8432.0,8458.051185239154,121.75,182.625,cutoff,-26.05118523915371,False
592_upper,2020-04-23,2020,upper,2020-04-23 10:23:00-04:00,2020-04-23 12:24:00-04:00,8752.552576739732,8752.552576739732,8752.552576739732,81.25,121.875,BE,-0.0,False
594_upper,2020-04-27,2020,upper,2020-04-26 22:06:00-04:00,2020-04-27 00:48:00-04:00,8823.787808365498,8884.912808365498,8823.787808365498,40.75,61.125,SL,-61.125,False
593_upper,2020-04-28,2020,upper,2020-04-28 05:20:00-04:00,2020-04-28 05:50:00-04:00,8898.367238360446,8930.992238360446,8898.367238360446,21.75,32.625,SL,-32.625,False
595_lower,2020-04-28,2020,lower,2020-04-28 10:58:00-04:00,2020-04-28 12:15:00-04:00,8698.205896333413,8698.205896333413,8698.205896333413,96.5,144.75,BE,0.0,False
600_upper,2020-05-05,2020,upper,2020-05-05 03:30:00-04:00,2020-05-05 04:49:00-04:00,8892.408305458119,8856.783305458119,8892.408305458119,23.75,35.625,TP,35.625,False
601_upper,2020-05-07,2020,upper,2020-05-07 05:36:00-04:00,2020-05-07 07:56:00-04:00,9092.014338145143,9092.014338145143,9092.014338145143,23.75,35.625,BE,-0.0,False
598_upper,2020-05-08,2020,upper,2020-05-07 20:00:00-04:00,2020-05-07 22:16:00-04:00,9157.354943061793,9200.479943061793,9157.354943061793,28.75,43.125,SL,-43.125,False
603_upper,2020-05-11,2020,upper,2020-05-10 19:33:00-04:00,2020-05-11 07:40:00-04:00,9243.358037197813,9175.108037197813,9243.358037197813,45.5,68.25,TP,68.25,False
605_lower,2020-05-13,2020,lower,2020-05-12 19:45:00-04:00,2020-05-12 22:44:00-04:00,9008.407743009884,9078.907743009884,9008.407743009884,47.0,70.5,TP,70.5,False
608_upper,2020-05-15,2020,upper,2020-05-15 03:07:00-04:00,2020-05-15 05:05:00-04:00,9130.678190866347,9130.678190866347,9130.678190866347,25.75,38.625,BE,-0.0,False
609_upper,2020-05-18,2020,upper,2020-05-17 19:04:00-04:00,2020-05-17 20:20:00-04:00,9169.976526088944,9169.976526088944,9169.976526088944,57.75,86.625,BE,-0.0,False
607_upper,2020-05-18,2020,upper,2020-05-18 10:59:00-04:00,2020-05-18 12:16:00-04:00,9331.220279581725,9331.220279581725,9331.220279581725,60.5,90.75,BE,-0.0,False
610_upper,2020-05-20,2020,upper,2020-05-20 09:30:00-04:00,2020-05-20 09:58:00-04:00,9425.837628444118,9456.212628444118,9425.837628444118,20.25,30.375,SL,-30.375,False
613_lower,2020-05-22,2020,lower,2020-05-21 22:54:00-04:00,2020-05-22 03:15:00-04:00,9317.397405779739,9251.397405779739,9317.397405779739,44.0,66.0,SL,-66.0,False
614_upper,2020-05-25,2020,upper,2020-05-25 06:50:00-04:00,2020-05-25 08:42:00-04:00,9515.473595904761,9515.473595904761,9515.473595904761,16.25,24.375,BE,-0.0,False
612_upper,2020-05-26,2020,upper,2020-05-25 23:54:00-04:00,2020-05-26 02:11:00-04:00,9572.289936151348,9595.164936151348,9572.289936151348,15.25,22.875,SL,-22.875,False
614_lower,2020-05-27,2020,lower,2020-05-27 10:46:00-04:00,2020-05-27 14:58:00-04:00,9202.026404095239,9399.276404095239,9202.026404095239,131.5,197.25,TP,197.25,False
619_upper,2020-06-02,2020,upper,2020-06-02 02:29:00-04:00,2020-06-02 04:45:00-04:00,9608.202720566167,9648.702720566167,9608.202720566167,27.0,40.5,SL,-40.5,False
620_upper,2020-06-03,2020,upper,2020-06-02 20:45:00-04:00,2020-06-03 01:38:00-04:00,9681.300958053465,9681.300958053465,9681.300958053465,37.5,56.25,BE,-0.0,False
616_upper,2020-06-03,2020,upper,2020-06-03 10:01:00-04:00,2020-06-03 14:52:00-04:00,9702.493545767029,9702.493545767029,9702.493545767029,48.75,73.125,BE,-0.0,False
621_upper,2020-06-04,2020,upper,2020-06-04 09:50:00-04:00,2020-06-04 11:13:00-04:00,9728.37040825345,9667.24540825345,9728.37040825345,40.75,61.125,TP,61.125,False
625_upper,2020-06-09,2020,upper,2020-06-09 10:45:00-04:00,2020-06-09 15:00:00-04:00,9943.600120332674,9982.0,9943.600120332674,64.0,96.0,cutoff,-38.39987966732588,False
626_upper,2020-06-10,2020,upper,2020-06-09 21:32:00-04:00,2020-06-10 05:03:00-04:00,10005.261489168231,9979.761489168231,10005.261489168231,17.0,25.5,TP,25.5,False
627_lower,2020-06-11,2020,lower,2020-06-11 08:22:00-04:00,2020-06-11 09:38:00-04:00,9906.19433490329,9906.19433490329,9906.19433490329,45.5,68.25,BE,0.0,False
621_lower,2020-06-15,2020,lower,2020-06-15 01:36:00-04:00,2020-06-15 02:01:00-04:00,9460.75459174655,9396.25459174655,9460.75459174655,43.0,64.5,SL,-64.5,False
620_lower,2020-06-15,2020,lower,2020-06-15 02:05:00-04:00,2020-06-15 09:57:00-04:00,9384.324041946535,9571.074041946535,9384.324041946535,124.5,186.75,TP,186.75,False
629_upper,2020-06-16,2020,upper,2020-06-16 08:57:00-04:00,2020-06-16 09:35:00-04:00,9998.480141994416,9943.355141994416,9998.480141994416,36.75,55.125,TP,55.125,False
628_upper,2020-06-19,2020,upper,2020-06-19 08:36:00-04:00,2020-06-19 11:20:00-04:00,10095.593960731061,10063.343960731061,10095.593960731061,21.5,32.25,TP,32.25,False
632_upper,2020-06-23,2020,upper,2020-06-23 03:15:00-04:00,2020-06-23 11:23:00-04:00,10164.240165724947,10249.365165724947,10164.240165724947,56.75,85.125,SL,-85.125,False
638_lower,2020-06-29,2020,lower,2020-06-29 09:41:00-04:00,2020-06-29 10:02:00-04:00,9758.955832485262,9823.830832485262,9758.955832485262,43.25,64.875,TP,64.875,False
640_upper,2020-06-30,2020,upper,2020-06-30 01:21:00-04:00,2020-06-30 01:27:00-04:00,10024.81294832396,10016.56294832396,10024.81294832396,5.5,8.25,TP,8.25,False
638_upper,2020-07-01,2020,upper,2020-07-01 09:33:00-04:00,2020-07-01 15:00:00-04:00,10189.419167514738,10263.0,10189.419167514738,68.5,102.75,cutoff,-73.58083248526236,False
641_upper,2020-07-02,2020,upper,2020-07-02 04:27:00-04:00,2020-07-02 07:42:00-04:00,10329.492613096521,10329.492613096521,10329.492613096521,29.25,43.875,BE,-0.0,False
636_upper,2020-07-02,2020,upper,2020-07-02 08:30:00-04:00,2020-07-02 09:32:00-04:00,10344.29260296773,10385.54260296773,10344.29260296773,27.5,41.25,SL,-41.25,False
643_upper,2020-07-06,2020,upper,2020-07-05 21:46:00-04:00,2020-07-06 09:56:00-04:00,10467.840840343804,10509.840840343804,10467.840840343804,28.0,42.0,SL,-42.0,False
642_upper,2020-07-06,2020,upper,2020-07-06 10:00:00-04:00,2020-07-06 11:35:00-04:00,10530.716111433376,10610.966111433376,10530.716111433376,53.5,80.25,SL,-80.25,False
644_upper,2020-07-07,2020,upper,2020-07-06 19:33:00-04:00,2020-07-06 21:53:00-04:00,10645.149837633802,10599.399837633802,10645.149837633802,30.5,45.75,TP,45.75,False
648_upper,2020-07-13,2020,upper,2020-07-13 07:06:00-04:00,2020-07-13 09:33:00-04:00,10926.109448111816,10958.359448111816,10926.109448111816,21.5,32.25,SL,-32.25,False
647_lower,2020-07-14,2020,lower,2020-07-14 08:51:00-04:00,2020-07-14 09:52:00-04:00,10556.529124282211,10432.779124282211,10556.529124282211,82.5,123.75,SL,-123.75,False
645_lower,2020-07-14,2020,lower,2020-07-14 09:53:00-04:00,2020-07-14 12:22:00-04:00,10402.458341307061,10602.458341307061,10402.458341307061,164.5,200.0,TP,200.0,False
651_lower,2020-07-16,2020,lower,2020-07-16 05:11:00-04:00,2020-07-16 06:31:00-04:00,10513.317772147313,10513.317772147313,10513.317772147313,68.25,102.375,BE,0.0,False
652_upper,2020-07-20,2020,upper,2020-07-20 10:27:00-04:00,2020-07-20 15:00:00-04:00,10766.167459552898,10888.5,10766.167459552898,89.25,133.875,cutoff,-122.33254044710156,False
654_lower,2020-07-24,2020,lower,2020-07-24 02:57:00-04:00,2020-07-24 03:32:00-04:00,10437.617993932472,10386.617993932472,10437.617993932472,34.0,51.0,SL,-51.0,False
652_lower,2020-07-24,2020,lower,2020-07-24 09:37:00-04:00,2020-07-24 09:40:00-04:00,10357.582540447102,10305.832540447102,10357.582540447102,34.5,51.75,SL,-51.75,False
656_upper,2020-08-03,2020,upper,2020-08-03 09:33:00-04:00,2020-08-03 10:00:00-04:00,11023.64486768893,11053.26986768893,11023.64486768893,19.75,29.625,SL,-29.625,False
663_upper,2020-08-05,2020,upper,2020-08-05 02:05:00-04:00,2020-08-05 03:11:00-04:00,11106.176913153135,11131.676913153135,11106.176913153135,17.0,25.5,SL,-25.5,False
670_upper,2020-08-13,2020,upper,2020-08-13 09:31:00-04:00,2020-08-13 15:00:00-04:00,11198.889330594502,11158.5,11198.889330594502,62.25,93.375,cutoff,40.3893305945021,False
669_upper,2020-08-18,2020,upper,2020-08-17 19:31:00-04:00,2020-08-17 20:52:00-04:00,11308.249889090679,11308.249889090679,11308.249889090679,11.5,17.25,BE,-0.0,False
672_upper,2020-08-18,2020,upper,2020-08-18 09:35:00-04:00,2020-08-18 10:28:00-04:00,11353.428427392624,11290.803427392624,11353.428427392624,41.75,62.625,TP,62.625,False
677_upper,2020-08-21,2020,upper,2020-08-20 20:00:00-04:00,2020-08-20 21:00:00-04:00,11503.059627482893,11522.559627482893,11503.059627482893,13.0,19.5,SL,-19.5,False
676_upper,2020-08-21,2020,upper,2020-08-21 10:55:00-04:00,2020-08-21 14:35:00-04:00,11549.90659303957,11549.90659303957,11549.90659303957,55.5,83.25,BE,-0.0,False
678_upper,2020-08-24,2020,upper,2020-08-24 04:00:00-04:00,2020-08-24 09:39:00-04:00,11657.182826359074,11713.807826359074,11657.182826359074,37.75,56.625,SL,-56.625,False
680_upper,2020-08-26,2020,upper,2020-08-26 06:54:00-04:00,2020-08-26 08:16:00-04:00,11773.882955083516,11747.257955083516,11773.882955083516,17.75,26.625,TP,26.625,False
683_upper,2020-09-01,2020,upper,2020-09-01 02:16:00-04:00,2020-09-01 03:21:00-04:00,12175.52827197218,12203.65327197218,12175.52827197218,18.75,28.125,SL,-28.125,False
684_upper,2020-09-01,2020,upper,2020-09-01 03:22:00-04:00,2020-09-01 09:31:00-04:00,12216.688193135331,12169.813193135331,12216.688193135331,31.25,46.875,TP,46.875,False
685_upper,2020-09-02,2020,upper,2020-09-02 05:56:00-04:00,2020-09-02 09:30:00-04:00,12458.311956416417,12414.061956416417,12458.311956416417,29.5,44.25,TP,44.25,False
686_lower,2020-09-03,2020,lower,2020-09-03 10:19:00-04:00,2020-09-03 11:08:00-04:00,12087.299430239142,11887.299430239142,12087.299430239142,138.0,200.0,SL,-200.0,False
681_lower,2020-09-04,2020,lower,2020-09-03 19:06:00-04:00,2020-09-03 22:51:00-04:00,11622.124257880094,11622.124257880094,11622.124257880094,119.25,178.875,BE,0.0,False
679_lower,2020-09-04,2020,lower,2020-09-04 10:15:00-04:00,2020-09-04 10:37:00-04:00,11457.682293514365,11257.682293514365,11457.682293514365,342.0,200.0,SL,-200.0,False
676_lower,2020-09-04,2020,lower,2020-09-04 10:42:00-04:00,2020-09-04 11:39:00-04:00,11216.34340696043,11416.34340696043,11216.34340696043,342.0,200.0,TP,200.0,False
689_lower,2020-09-08,2020,lower,2020-09-08 06:25:00-04:00,2020-09-08 15:00:00-04:00,11253.833137562138,11138.0,11253.833137562138,126.75,190.125,cutoff,-115.83313756213829,False
693_upper,2020-09-16,2020,upper,2020-09-16 04:08:00-04:00,2020-09-16 07:29:00-04:00,11505.250841805442,11464.750841805442,11505.250841805442,27.0,40.5,TP,40.5,False
694_lower,2020-09-17,2020,lower,2020-09-17 08:30:00-04:00,2020-09-17 10:45:00-04:00,10994.689272151754,11116.939272151754,10994.689272151754,81.5,122.25,TP,122.25,False
697_lower,2020-09-21,2020,lower,2020-09-21 04:48:00-04:00,2020-09-21 07:25:00-04:00,10727.425618727215,10727.425618727215,10727.425618727215,123.25,184.875,BE,0.0,False
697_upper,2020-09-28,2020,upper,2020-09-28 04:10:00-04:00,2020-09-28 06:09:00-04:00,11249.324381272785,11301.074381272785,11249.324381272785,34.5,51.75,SL,-51.75,False
698_upper,2020-09-28,2020,upper,2020-09-28 06:17:00-04:00,2020-09-28 07:33:00-04:00,11326.604011271396,11326.604011271396,11326.604011271396,29.25,43.875,BE,-0.0,False
701_upper,2020-09-28,2020,upper,2020-09-28 08:06:00-04:00,2020-09-28 09:37:00-04:00,11360.491702084564,11297.116702084564,11360.491702084564,42.25,63.375,TP,63.375,False
705_lower,2020-09-30,2020,lower,2020-09-30 02:10:00-04:00,2020-09-30 08:39:00-04:00,11169.921437132627,11309.796437132627,11169.921437132627,93.25,139.875,TP,139.875,False
704_upper,2020-10-01,2020,upper,2020-10-01 05:41:00-04:00,2020-10-01 15:00:00-04:00,11532.33747309487,11585.25,11532.33747309487,56.75,85.125,cutoff,-52.9125269051292,False
707_lower,2020-10-02,2020,lower,2020-10-02 01:30:00-04:00,2020-10-02 05:32:00-04:00,11332.60493006846,11332.60493006846,11332.60493006846,116.25,174.375,BE,0.0,False
709_upper,2020-10-08,2020,upper,2020-10-08 02:42:00-04:00,2020-10-08 04:10:00-04:00,11565.107239575818,11545.607239575818,11565.107239575818,13.0,19.5,TP,19.5,False
711_upper,2020-10-09,2020,upper,2020-10-08 23:08:00-04:00,2020-10-09 00:39:00-04:00,11596.252640737981,11596.252640737981,11596.252640737981,16.75,25.125,BE,-0.0,False
708_upper,2020-10-09,2020,upper,2020-10-09 08:56:00-04:00,2020-10-09 11:31:00-04:00,11616.392866816183,11670.392866816183,11616.392866816183,36.0,54.0,SL,-54.0,False
707_upper,2020-10-12,2020,upper,2020-10-11 19:46:00-04:00,2020-10-11 21:32:00-04:00,11749.39506993154,11749.39506993154,11749.39506993154,57.25,85.875,BE,-0.0,False
712_upper,2020-10-12,2020,upper,2020-10-11 21:52:00-04:00,2020-10-11 23:18:00-04:00,11765.108817550014,11765.108817550014,11765.108817550014,27.25,40.875,BE,-0.0,False
713_upper,2020-10-12,2020,upper,2020-10-12 03:58:00-04:00,2020-10-12 04:18:00-04:00,11794.396357206313,11818.771357206313,11794.396357206313,16.25,24.375,SL,-24.375,False
715_lower,2020-10-15,2020,lower,2020-10-14 22:50:00-04:00,2020-10-15 04:40:00-04:00,11886.27611815851,11771.90111815851,11886.27611815851,76.25,114.375,SL,-114.375,False
717_lower,2020-10-22,2020,lower,2020-10-22 10:32:00-04:00,2020-10-22 12:32:00-04:00,11559.063209803786,11559.063209803786,11559.063209803786,59.25,88.875,BE,0.0,False
712_lower,2020-10-28,2020,lower,2020-10-28 09:40:00-04:00,2020-10-28 10:17:00-04:00,11338.641182449986,11236.266182449986,11338.641182449986,68.25,102.375,SL,-102.375,False
708_lower,2020-10-30,2020,lower,2020-10-30 01:45:00-04:00,2020-10-30 02:10:00-04:00,11084.857133183817,11043.232133183817,11084.857133183817,27.75,41.625,SL,-41.625,False
729_upper,2020-11-04,2020,upper,2020-11-03 20:52:00-05:00,2020-11-03 22:03:00-05:00,11392.75306250971,11564.50306250971,11392.75306250971,114.5,171.75,SL,-171.75,False
726_upper,2020-11-04,2020,upper,2020-11-03 22:10:00-05:00,2020-11-04 01:45:00-05:00,11667.350479194514,11467.350479194514,11667.350479194514,175.5,200.0,TP,200.0,False
723_upper,2020-11-05,2020,upper,2020-11-04 22:27:00-05:00,2020-11-04 22:40:00-05:00,11875.730155823774,11974.355155823774,11875.730155823774,65.75,98.625,SL,-98.625,False
731_upper,2020-11-05,2020,upper,2020-11-05 02:26:00-05:00,2020-11-05 05:21:00-05:00,11991.199723329857,12097.324723329857,11991.199723329857,70.75,106.125,SL,-106.125,False
733_upper,2020-11-09,2020,upper,2020-11-08 19:40:00-05:00,2020-11-09 07:36:00-05:00,12264.887181720746,12064.887181720746,12264.887181720746,135.75,200.0,TP,200.0,False
732_lower,2020-11-10,2020,lower,2020-11-09 19:24:00-05:00,2020-11-09 20:39:00-05:00,11791.119783901191,11867.994783901191,11791.119783901191,51.25,76.875,TP,76.875,False
733_lower,2020-11-10,2020,lower,2020-11-09 22:38:00-05:00,2020-11-10 10:37:00-05:00,11736.362818279254,11536.362818279254,11736.362818279254,141.25,200.0,SL,-200.0,False
735_upper,2020-11-12,2020,upper,2020-11-12 04:58:00-05:00,2020-11-12 06:16:00-05:00,11943.547030998563,11943.547030998563,11943.547030998563,35.75,53.625,BE,-0.0,False
740_lower,2020-11-19,2020,lower,2020-11-18 22:11:00-05:00,2020-11-19 00:36:00-05:00,11840.639868789596,11866.139868789596,11840.639868789596,17.0,25.5,TP,25.5,False
739_upper,2020-11-25,2020,upper,2020-11-24 19:10:00-05:00,2020-11-25 08:17:00-05:00,12141.813069613383,12090.063069613383,12141.813069613383,34.5,51.75,TP,51.75,False
740_upper,2020-11-26,2020,upper,2020-11-25 20:33:00-05:00,2020-11-26 03:11:00-05:00,12188.735131210404,12214.235131210404,12188.735131210404,17.0,25.5,SL,-25.5,False
746_upper,2020-11-27,2020,upper,2020-11-27 10:17:00-05:00,2020-11-27 13:14:00-05:00,12270.439816503806,12273.25,12270.439816503806,40.0,60.0,cutoff,-2.8101834961944405,False
748_upper,2020-12-01,2020,upper,2020-12-01 10:02:00-05:00,2020-12-01 13:48:00-05:00,12410.052418330972,12501.552418330972,12410.052418330972,61.0,91.5,SL,-91.5,False
751_upper,2020-12-07,2020,upper,2020-12-07 09:58:00-05:00,2020-12-07 11:10:00-05:00,12586.464225177839,12609.714225177839,12586.464225177839,15.5,23.25,SL,-23.25,False
752_lower,2020-12-10,2020,lower,2020-12-10 01:44:00-05:00,2020-12-10 03:22:00-05:00,12306.297441328374,12339.672441328374,12306.297441328374,22.25,33.375,TP,33.375,False
758_upper,2020-12-14,2020,upper,2020-12-14 09:57:00-05:00,2020-12-14 15:00:00-05:00,12513.505255950953,12515.0,12513.505255950953,47.5,71.25,cutoff,-1.494744049046858,False
757_upper,2020-12-15,2020,upper,2020-12-15 09:30:00-05:00,2020-12-15 10:39:00-05:00,12569.580163178834,12536.205163178834,12569.580163178834,22.25,33.375,TP,33.375,False
754_upper,2020-12-17,2020,upper,2020-12-17 02:21:00-05:00,2020-12-17 02:42:00-05:00,12722.324964145053,12733.574964145053,12722.324964145053,7.5,11.25,SL,-11.25,False
755_upper,2020-12-17,2020,upper,2020-12-17 03:22:00-05:00,2020-12-17 04:44:00-05:00,12743.687013793919,12743.687013793919,12743.687013793919,28.75,43.125,BE,-0.0,False
761_upper,2020-12-18,2020,upper,2020-12-18 04:09:00-05:00,2020-12-18 08:32:00-05:00,12771.969398294714,12771.969398294714,12771.969398294714,31.25,46.875,BE,-0.0,False
756_upper,2020-12-18,2020,upper,2020-12-18 09:18:00-05:00,2020-12-18 09:45:00-05:00,12787.820547812002,12741.695547812002,12787.820547812002,30.75,46.125,TP,46.125,False
762_lower,2020-12-21,2020,lower,2020-12-21 05:07:00-05:00,2020-12-21 13:55:00-05:00,12570.712238347565,12697.462238347565,12570.712238347565,84.5,126.75,TP,126.75,False
764_upper,2020-12-28,2020,upper,2020-12-28 08:45:00-05:00,2020-12-28 09:52:00-05:00,12816.798684725329,12784.548684725329,12816.798684725329,21.5,32.25,TP,32.25,False
766_upper,2020-12-29,2020,upper,2020-12-29 00:37:00-05:00,2020-12-29 03:09:00-05:00,12879.983338357597,12896.858338357597,12879.983338357597,11.25,16.875,SL,-16.875,False
762_upper,2020-12-29,2020,upper,2020-12-29 09:30:00-05:00,2020-12-29 09:31:00-05:00,12901.412761652435,12887.162761652435,12901.412761652435,9.5,14.25,TP,14.25,False
1287_lower,2023-01-06,2023,lower,2023-01-06 04:35:00-05:00,2023-01-06 05:17:00-05:00,10779.425622787592,10815.800622787592,10779.425622787592,24.25,36.375,TP,36.375,False
1282_upper,2023-01-09,2023,upper,2023-01-09 09:30:00-05:00,2023-01-09 09:52:00-05:00,11211.791251359777,11287.916251359777,11211.791251359777,50.75,76.125,SL,-76.125,False
1287_upper,2023-01-11,2023,upper,2023-01-11 10:30:00-05:00,2023-01-11 12:07:00-05:00,11388.574377212408,11388.574377212408,11388.574377212408,72.25,108.375,BE,-0.0,False
1293_upper,2023-01-12,2023,upper,2023-01-12 08:18:00-05:00,2023-01-12 08:29:00-05:00,11509.481806465741,11457.731806465741,11509.481806465741,34.5,51.75,TP,51.75,False
1295_upper,2023-01-16,2023,upper,2023-01-15 20:58:00-05:00,2023-01-16 01:29:00-05:00,11631.48996521479,11593.61496521479,11631.48996521479,25.25,37.875,TP,37.875,False
1277_upper,2023-01-17,2023,upper,2023-01-17 10:00:00-05:00,2023-01-17 13:39:00-05:00,11644.39805068837,11644.39805068837,11644.39805068837,77.75,116.625,BE,-0.0,False
1294_upper,2023-01-18,2023,upper,2023-01-18 08:30:00-05:00,2023-01-18 08:33:00-05:00,11716.054661598511,11669.554661598511,11716.054661598511,31.0,46.5,TP,46.5,False
1297_lower,2023-01-19,2023,lower,2023-01-19 05:26:00-05:00,2023-01-19 08:30:00-05:00,11413.349099754087,11351.099099754087,11413.349099754087,41.5,62.25,SL,-62.25,False
1297_upper,2023-01-23,2023,upper,2023-01-23 09:51:00-05:00,2023-01-23 10:31:00-05:00,11802.650900245913,11860.775900245913,11802.650900245913,38.75,58.125,SL,-58.125,False
1298_upper,2023-01-23,2023,upper,2023-01-23 10:47:00-05:00,2023-01-23 15:00:00-05:00,11869.08571788345,11888.0,11869.08571788345,149.75,200.0,cutoff,-18.914282116549657,False
1302_lower,2023-01-25,2023,lower,2023-01-25 09:30:00-05:00,2023-01-25 11:56:00-05:00,11693.33517488565,11784.83517488565,11693.33517488565,61.0,91.5,TP,91.5,False
1302_upper,2023-01-26,2023,upper,2023-01-26 09:32:00-05:00,2023-01-26 10:54:00-05:00,12061.53982511435,11941.53982511435,12061.53982511435,80.0,120.0,TP,120.0,False
1306_lower,2023-01-31,2023,lower,2023-01-31 05:34:00-05:00,2023-01-31 07:47:00-05:00,11895.872014981738,11932.997014981738,11895.872014981738,24.75,37.125,TP,37.125,False
1309_lower,2023-02-06,2023,lower,2023-02-06 04:53:00-05:00,2023-02-06 09:45:00-05:00,12500.098735179718,12568.723735179718,12500.098735179718,45.75,68.625,TP,68.625,False
1312_lower,2023-02-10,2023,lower,2023-02-10 04:56:00-05:00,2023-02-10 07:09:00-05:00,12340.168862818882,12271.168862818882,12340.168862818882,46.0,69.0,SL,-69.0,False
1316_upper,2023-02-14,2023,upper,2023-02-14 08:29:00-05:00,2023-02-14 08:30:00-05:00,12614.653492198106,12575.653492198106,12614.653492198106,26.0,39.0,TP,39.0,False
1318_lower,2023-02-17,2023,lower,2023-02-17 02:02:00-05:00,2023-02-17 03:22:00-05:00,12377.141552724202,12377.141552724202,12377.141552724202,26.75,40.125,BE,0.0,False
1319_lower,2023-02-17,2023,lower,2023-02-17 03:36:00-05:00,2023-02-17 04:32:00-05:00,12344.34054521155,12404.34054521155,12344.34054521155,40.0,60.0,TP,60.0,False
1321_lower,2023-02-21,2023,lower,2023-02-21 03:46:00-05:00,2023-02-21 04:54:00-05:00,12259.764318305486,12313.389318305486,12259.764318305486,35.75,53.625,TP,53.625,False
1316_lower,2023-02-21,2023,lower,2023-02-21 10:12:00-05:00,2023-02-21 15:00:00-05:00,12200.096507801894,12127.5,12200.096507801894,73.5,110.25,cutoff,-72.5965078018944,False
1322_lower,2023-02-22,2023,lower,2023-02-22 10:16:00-05:00,2023-02-22 12:25:00-05:00,12041.934029496524,12130.434029496524,12041.934029496524,59.0,88.5,TP,88.5,False
1308_lower,2023-02-24,2023,lower,2023-02-24 08:39:00-05:00,2023-02-24 09:32:00-05:00,11986.569081537058,12017.694081537058,11986.569081537058,20.75,31.125,TP,31.125,False
1325_upper,2023-02-27,2023,upper,2023-02-27 10:09:00-05:00,2023-02-27 10:36:00-05:00,12183.818814027736,12115.943814027736,12183.818814027736,45.25,67.875,TP,67.875,False
1326_lower,2023-03-01,2023,lower,2023-03-01 10:11:00-05:00,2023-03-01 15:00:00-05:00,11962.934722229944,11956.5,11962.934722229944,75.5,113.25,cutoff,-6.434722229943873,False
1327_lower,2023-03-02,2023,lower,2023-03-01 20:39:00-05:00,2023-03-01 22:09:00-05:00,11896.630632581931,11896.630632581931,11896.630632581931,46.25,69.375,BE,0.0,False
1323_upper,2023-03-06,2023,upper,2023-03-05 21:37:00-05:00,2023-03-06 09:33:00-05:00,12335.463802876478,12385.713802876478,12335.463802876478,33.5,50.25,SL,-50.25,False
1322_upper,2023-03-06,2023,upper,2023-03-06 10:17:00-05:00,2023-03-06 14:27:00-05:00,12422.565970503476,12348.690970503476,12422.565970503476,49.25,73.875,TP,73.875,False
1331_lower,2023-03-07,2023,lower,2023-03-07 10:08:00-05:00,2023-03-07 10:33:00-05:00,12203.699916401045,12278.324916401045,12203.699916401045,49.75,74.625,TP,74.625,False
1335_upper,2023-03-13,2023,upper,2023-03-13 02:12:00-04:00,2023-03-13 03:13:00-04:00,12213.8751113092,12165.1251113092,12213.8751113092,32.5,48.75,TP,48.75,False
1336_upper,2023-03-14,2023,upper,2023-03-14 09:16:00-04:00,2023-03-14 15:00:00-04:00,12215.005555992415,12242.0,12215.005555992415,170.75,200.0,cutoff,-26.994444007585116,False
1333_upper,2023-03-15,2023,upper,2023-03-14 22:08:00-04:00,2023-03-15 01:34:00-04:00,12357.00815734723,12322.88315734723,12357.00815734723,22.75,34.125,TP,34.125,False
1337_upper,2023-03-16,2023,upper,2023-03-15 20:29:00-04:00,2023-03-16 05:52:00-04:00,12439.642295720492,12384.892295720492,12439.642295720492,36.5,54.75,TP,54.75,False
1321_upper,2023-03-16,2023,upper,2023-03-16 10:54:00-04:00,2023-03-16 12:50:00-04:00,12516.985681694514,12673.735681694514,12516.985681694514,104.5,156.75,SL,-156.75,False
1341_upper,2023-03-21,2023,upper,2023-03-21 09:32:00-04:00,2023-03-21 10:24:00-04:00,12804.894940581522,12752.019940581522,12804.894940581522,35.25,52.875,TP,52.875,False
1346_lower,2023-03-28,2023,lower,2023-03-28 09:33:00-04:00,2023-03-28 10:00:00-04:00,12736.870630244797,12678.745630244797,12736.870630244797,38.75,58.125,SL,-58.125,False
1345_upper,2023-03-30,2023,upper,2023-03-30 05:27:00-04:00,2023-03-30 06:57:00-04:00,13008.379541218379,13033.129541218379,13008.379541218379,16.5,24.75,SL,-24.75,False
1348_upper,2023-03-30,2023,upper,2023-03-30 08:11:00-04:00,2023-03-30 08:44:00-04:00,13044.435005252406,13068.810005252406,13044.435005252406,16.25,24.375,SL,-24.375,False
1344_upper,2023-03-30,2023,upper,2023-03-30 10:00:00-04:00,2023-03-30 15:00:00-04:00,13081.252403799639,13063.25,13081.252403799639,47.0,70.5,cutoff,18.00240379963907,False
1352_lower,2023-04-05,2023,lower,2023-04-05 10:19:00-04:00,2023-04-05 15:00:00-04:00,13100.946936245124,13074.0,13100.946936245124,88.0,132.0,cutoff,-26.946936245123652,False
1353_lower,2023-04-06,2023,lower,2023-04-06 09:34:00-04:00,2023-04-06 10:15:00-04:00,12969.69249010037,13053.69249010037,12969.69249010037,56.0,84.0,TP,84.0,False
1355_upper,2023-04-11,2023,upper,2023-04-11 05:02:00-04:00,2023-04-11 07:06:00-04:00,13195.157886365982,13154.657886365982,13195.157886365982,27.0,40.5,TP,40.5,False
1358_upper,2023-04-14,2023,upper,2023-04-14 10:04:00-04:00,2023-04-14 15:00:00-04:00,13252.1139706832,13164.5,13252.1139706832,136.5,200.0,cutoff,87.61397068320002,False
1361_lower,2023-04-20,2023,lower,2023-04-20 04:37:00-04:00,2023-04-20 12:33:00-04:00,13049.068378614229,13158.193378614229,13049.068378614229,72.75,109.125,TP,109.125,False
1360_lower,2023-04-21,2023,lower,2023-04-21 06:50:00-04:00,2023-04-21 08:06:00-04:00,13017.100469293404,13017.100469293404,13017.100469293404,26.0,39.0,BE,0.0,False
1362_lower,2023-04-25,2023,lower,2023-04-25 10:07:00-04:00,2023-04-25 12:35:00-04:00,12962.19925758433,12887.94925758433,12962.19925758433,49.5,74.25,SL,-74.25,False
1367_upper,2023-04-27,2023,upper,2023-04-27 10:34:00-04:00,2023-04-27 12:44:00-04:00,13095.741714779244,13169.241714779244,13095.741714779244,49.0,73.5,SL,-73.5,False
1353_upper,2023-05-01,2023,upper,2023-04-30 22:55:00-04:00,2023-05-01 01:54:00-04:00,13337.05750989963,13337.05750989963,13337.05750989963,14.5,21.75,BE,-0.0,False
1357_upper,2023-05-01,2023,upper,2023-05-01 02:42:00-04:00,2023-05-01 04:07:00-04:00,13354.499817652139,13321.124817652139,13354.499817652139,22.25,33.375,TP,33.375,False
1370_lower,2023-05-02,2023,lower,2023-05-02 10:36:00-04:00,2023-05-02 15:00:00-04:00,13176.138032476792,13205.5,13176.138032476792,47.5,71.25,cutoff,29.361967523207568,False
1369_lower,2023-05-04,2023,lower,2023-05-04 09:44:00-04:00,2023-05-04 11:00:00-04:00,13042.435086729922,13042.435086729922,13042.435086729922,39.25,58.875,BE,0.0,False
1373_upper,2023-05-05,2023,upper,2023-05-05 10:09:00-04:00,2023-05-05 14:52:00-04:00,13224.223199417047,13345.723199417047,13224.223199417047,81.0,121.5,SL,-121.5,False
1369_upper,2023-05-10,2023,upper,2023-05-10 09:32:00-04:00,2023-05-10 15:00:00-04:00,13410.064913270078,13390.0,13410.064913270078,139.25,200.0,cutoff,20.06491327007825,False
1371_upper,2023-05-11,2023,upper,2023-05-11 03:46:00-04:00,2023-05-11 05:03:00-04:00,13454.855520657635,13454.855520657635,13454.855520657635,22.0,33.0,BE,-0.0,False
1385_lower,2023-05-24,2023,lower,2023-05-24 03:03:00-04:00,2023-05-24 07:10:00-04:00,13706.076931880389,13674.951931880389,13706.076931880389,20.75,31.125,SL,-31.125,False
1386_upper,2023-05-25,2023,upper,2023-05-25 09:06:00-04:00,2023-05-25 09:32:00-04:00,13975.37052097448,13904.87052097448,13975.37052097448,47.0,70.5,TP,70.5,False
1384_upper,2023-05-26,2023,upper,2023-05-26 07:26:00-04:00,2023-05-26 09:33:00-04:00,14037.217523662237,14037.217523662237,14037.217523662237,58.25,87.375,BE,-0.0,False
1388_upper,2023-05-26,2023,upper,2023-05-26 10:00:00-04:00,2023-05-26 11:47:00-04:00,14124.819324931072,14288.694324931072,14124.819324931072,109.25,163.875,SL,-163.875,False
1390_upper,2023-05-30,2023,upper,2023-05-30 05:20:00-04:00,2023-05-30 06:36:00-04:00,14500.603669049202,14500.603669049202,14500.603669049202,62.25,93.375,BE,-0.0,False
1392_upper,2023-06-02,2023,upper,2023-06-02 05:14:00-04:00,2023-06-02 07:15:00-04:00,14550.866559532675,14550.866559532675,14550.866559532675,26.75,40.125,BE,-0.0,False
1391_upper,2023-06-12,2023,upper,2023-06-11 20:00:00-04:00,2023-06-11 21:16:00-04:00,14767.75,14767.75,14725.630739165332,24.25,36.375,BE,-0.0,True
1399_upper,2023-06-12,2023,upper,2023-06-12 02:16:00-04:00,2023-06-12 04:00:00-04:00,14781.10558132931,14804.73058132931,14781.10558132931,15.75,23.625,SL,-23.625,False
1404_lower,2023-06-20,2023,lower,2023-06-20 01:20:00-04:00,2023-06-20 02:19:00-04:00,15222.97180417187,15235.34680417187,15222.97180417187,8.25,12.375,TP,12.375,False
1405_lower,2023-06-20,2023,lower,2023-06-20 10:30:00-04:00,2023-06-20 15:00:00-04:00,15127.861700125628,15250.5,15127.861700125628,106.25,159.375,cutoff,122.63829987437202,False
1406_lower,2023-06-22,2023,lower,2023-06-22 02:13:00-04:00,2023-06-22 03:51:00-04:00,14975.540735129565,15015.290735129565,14975.540735129565,26.5,39.75,TP,39.75,False
1412_upper,2023-06-30,2023,upper,2023-06-30 08:38:00-04:00,2023-06-30 09:41:00-04:00,15254.069572783555,15282.944572783555,15254.069572783555,19.25,28.875,SL,-28.875,False
1413_upper,2023-06-30,2023,upper,2023-06-30 09:43:00-04:00,2023-06-30 15:00:00-04:00,15290.171958931223,15336.75,15290.171958931223,87.5,131.25,cutoff,-46.578041068776656,False
1407_upper,2023-07-03,2023,upper,2023-07-03 04:11:00-04:00,2023-07-03 06:05:00-04:00,15385.778277982936,15358.403277982936,15385.778277982936,18.25,27.375,TP,27.375,False
1416_lower,2023-07-06,2023,lower,2023-07-06 08:30:00-04:00,2023-07-06 08:41:00-04:00,15242.18319312509,15208.43319312509,15242.18319312509,22.5,33.75,SL,-33.75,False
1417_lower,2023-07-06,2023,lower,2023-07-06 10:05:00-04:00,2023-07-06 11:25:00-04:00,15123.607764319166,15123.607764319166,15123.607764319166,85.0,127.5,BE,0.0,False
1418_upper,2023-07-12,2023,upper,2023-07-12 08:30:00-04:00,2023-07-12 08:31:00-04:00,15359.868794196565,15407.118794196565,15359.868794196565,31.5,47.25,SL,-47.25,False
1406_upper,2023-07-12,2023,upper,2023-07-12 09:48:00-04:00,2023-07-12 15:00:00-04:00,15454.584264870435,15454.25,15454.584264870435,124.75,187.125,cutoff,0.3342648704347084,False
1417_upper,2023-07-13,2023,upper,2023-07-13 00:13:00-04:00,2023-07-13 00:56:00-04:00,15527.892235680834,15500.142235680834,15527.892235680834,18.5,27.75,TP,27.75,False
1430_upper,2023-07-27,2023,upper,2023-07-27 03:49:00-04:00,2023-07-27 05:49:00-04:00,15770.652112320444,15808.152112320444,15770.652112320444,25.0,37.5,SL,-37.5,False
1429_upper,2023-07-27,2023,upper,2023-07-27 09:45:00-04:00,2023-07-27 10:08:00-04:00,15897.89369544417,15843.14369544417,15897.89369544417,36.5,54.75,TP,54.75,False
1435_lower,2023-08-02,2023,lower,2023-08-02 02:53:00-04:00,2023-08-02 03:52:00-04:00,15680.358069343134,15638.733069343134,15680.358069343134,27.75,41.625,SL,-41.625,False
1436_lower,2023-08-02,2023,lower,2023-08-02 04:02:00-04:00,2023-08-02 07:02:00-04:00,15614.468371465435,15710.843371465435,15614.468371465435,64.25,96.375,TP,96.375,False
1434_lower,2023-08-02,2023,lower,2023-08-02 10:08:00-04:00,2023-08-02 12:12:00-04:00,15562.880214080487,15414.380214080487,15562.880214080487,99.0,148.5,SL,-148.5,False
1430_lower,2023-08-03,2023,lower,2023-08-03 03:31:00-04:00,2023-08-03 09:12:00-04:00,15359.097887679556,15359.097887679556,15359.097887679556,67.25,100.875,BE,0.0,False
1422_lower,2023-08-08,2023,lower,2023-08-08 10:11:00-04:00,2023-08-08 15:00:00-04:00,15258.530623284445,15331.75,15258.530623284445,114.0,171.0,cutoff,73.21937671555497,False
1441_lower,2023-08-11,2023,lower,2023-08-11 08:31:00-04:00,2023-08-11 08:49:00-04:00,15133.43673161332,15091.43673161332,15133.43673161332,28.0,42.0,SL,-42.0,False
1447_lower,2023-08-17,2023,lower,2023-08-16 20:19:00-04:00,2023-08-16 22:32:00-04:00,14907.749306880967,14932.124306880967,14907.749306880967,16.25,24.375,TP,24.375,False
1445_lower,2023-08-17,2023,lower,2023-08-17 10:33:00-04:00,2023-08-17 15:00:00-04:00,14877.054024812234,14817.0,14877.054024812234,106.25,159.375,cutoff,-60.054024812234275,False
1449_upper,2023-08-21,2023,upper,2023-08-21 04:24:00-04:00,2023-08-21 13:26:00-04:00,14823.580191280835,14944.330191280835,14823.580191280835,80.5,120.75,SL,-120.75,False
1450_upper,2023-08-22,2023,upper,2023-08-22 03:44:00-04:00,2023-08-22 07:47:00-04:00,15046.702045487342,15102.952045487342,15046.702045487342,37.5,56.25,SL,-56.25,False
1448_upper,2023-08-23,2023,upper,2023-08-23 10:51:00-04:00,2023-08-23 15:00:00-04:00,15178.222756936233,15206.0,15178.222756936233,125.0,187.5,cutoff,-27.777243063766946,False
1454_upper,2023-08-29,2023,upper,2023-08-29 10:00:00-04:00,2023-08-29 11:23:00-04:00,15179.062138640245,15351.562138640245,15179.062138640245,115.0,172.5,SL,-172.5,False
1442_upper,2023-08-31,2023,upper,2023-08-31 08:16:00-04:00,2023-08-31 15:00:00-04:00,15532.052676827978,15566.75,15532.052676827978,57.5,86.25,cutoff,-34.69732317202215,False
1440_upper,2023-09-01,2023,upper,2023-09-01 08:32:00-04:00,2023-09-01 08:33:00-04:00,15629.551658579476,15594.676658579476,15629.551658579476,23.25,34.875,TP,34.875,False
1460_lower,2023-09-05,2023,lower,2023-09-05 04:12:00-04:00,2023-09-05 08:39:00-04:00,15439.378375806675,15439.378375806675,15439.378375806675,46.25,69.375,BE,0.0,False
1459_lower,2023-09-06,2023,lower,2023-09-06 10:13:00-04:00,2023-09-06 11:29:00-04:00,15389.281890276656,15389.281890276656,15389.281890276656,53.75,80.625,BE,0.0,False
1462_lower,2023-09-07,2023,lower,2023-09-07 08:14:00-04:00,2023-09-07 08:38:00-04:00,15268.239324433607,15211.614324433607,15268.239324433607,37.75,56.625,SL,-56.625,False
1463_upper,2023-09-08,2023,upper,2023-09-08 09:50:00-04:00,2023-09-08 11:00:00-04:00,15365.185919182659,15290.185919182659,15365.185919182659,50.0,75.0,TP,75.0,False
1464_upper,2023-09-11,2023,upper,2023-09-10 20:00:00-04:00,2023-09-10 21:20:00-04:00,15522.5,15499.625,15496.462916416425,15.25,22.875,TP,22.875,True
1461_upper,2023-09-11,2023,upper,2023-09-11 09:33:00-04:00,2023-09-11 09:39:00-04:00,15639.465689431374,15590.340689431374,15639.465689431374,32.75,49.125,TP,49.125,False
1465_lower,2023-09-13,2023,lower,2023-09-13 08:30:00-04:00,2023-09-13 08:37:00-04:00,15421.240815329766,15496.240815329766,15421.240815329766,50.0,75.0,TP,75.0,False
1468_lower,2023-09-15,2023,lower,2023-09-15 10:59:00-04:00,2023-09-15 12:16:00-04:00,15426.248171057954,15426.248171057954,15426.248171057954,144.5,200.0,BE,0.0,False
1467_lower,2023-09-19,2023,lower,2023-09-19 09:50:00-04:00,2023-09-19 10:39:00-04:00,15323.86663134196,15255.24163134196,15323.86663134196,45.75,68.625,SL,-68.625,False
1464_lower,2023-09-21,2023,lower,2023-09-20 20:07:00-04:00,2023-09-21 03:31:00-04:00,15106.912083583575,15073.162083583575,15106.912083583575,22.5,33.75,SL,-33.75,False
1463_lower,2023-09-21,2023,lower,2023-09-21 06:01:00-04:00,2023-09-21 07:58:00-04:00,15034.564080817341,14981.689080817341,15034.564080817341,35.25,52.875,SL,-52.875,False
1473_lower,2023-09-25,2023,lower,2023-09-25 04:44:00-04:00,2023-09-25 05:02:00-04:00,14797.891152351334,14845.891152351334,14797.891152351334,32.0,48.0,TP,48.0,False
1474_lower,2023-09-26,2023,lower,2023-09-26 10:13:00-04:00,2023-09-26 15:00:00-04:00,14756.293148302426,14698.5,14756.293148302426,82.5,123.75,cutoff,-57.793148302425834,False
1476_upper,2023-09-29,2023,upper,2023-09-29 08:30:00-04:00,2023-09-29 11:34:00-04:00,15007.11661205743,14945.99161205743,15007.11661205743,40.75,61.125,TP,61.125,False
1481_lower,2023-10-04,2023,lower,2023-10-04 02:18:00-04:00,2023-10-04 03:36:00-04:00,14608.482636343826,14608.482636343826,14608.482636343826,50.0,75.0,BE,0.0,False
1486_upper,2023-10-12,2023,upper,2023-10-11 20:06:00-04:00,2023-10-11 21:27:00-04:00,15423.339015007881,15423.339015007881,15423.339015007881,14.25,21.375,BE,-0.0,False
1490_lower,2023-10-19,2023,lower,2023-10-19 03:46:00-04:00,2023-10-19 05:32:00-04:00,14977.196253654805,15021.446253654805,14977.196253654805,29.5,44.25,TP,44.25,False
1485_lower,2023-10-20,2023,lower,2023-10-20 02:21:00-04:00,2023-10-20 04:06:00-04:00,14811.455813199624,14845.955813199624,14811.455813199624,23.0,34.5,TP,34.5,False
1483_lower,2023-10-23,2023,lower,2023-10-23 03:43:00-04:00,2023-10-23 04:12:00-04:00,14637.371414457424,14664.746414457424,14637.371414457424,18.25,27.375,TP,27.375,False
1494_lower,2023-10-23,2023,lower,2023-10-23 05:05:00-04:00,2023-10-23 05:33:00-04:00,14609.982422914665,14546.982422914665,14609.982422914665,42.0,63.0,SL,-63.0,False
1484_lower,2023-10-23,2023,lower,2023-10-23 05:48:00-04:00,2023-10-23 07:19:00-04:00,14524.195341913888,14587.195341913888,14524.195341913888,42.0,63.0,TP,63.0,False
1495_upper,2023-10-24,2023,upper,2023-10-24 10:38:00-04:00,2023-10-24 12:28:00-04:00,14861.637096466304,14742.387096466304,14861.637096466304,79.5,119.25,TP,119.25,False
1496_lower,2023-10-25,2023,lower,2023-10-25 10:27:00-04:00,2023-10-25 15:00:00-04:00,14596.908218834995,14473.25,14596.908218834995,153.0,200.0,cutoff,-123.65821883499484,False
1495_lower,2023-10-26,2023,lower,2023-10-25 19:21:00-04:00,2023-10-25 20:49:00-04:00,14341.862903533696,14341.862903533696,14341.862903533696,76.5,114.75,BE,0.0,False
1501_upper,2023-11-01,2023,upper,2023-11-01 10:22:00-04:00,2023-11-01 11:45:00-04:00,14601.035061183555,14601.035061183555,14601.035061183555,114.5,171.75,BE,-0.0,False
1497_upper,2023-11-02,2023,upper,2023-11-02 08:30:00-04:00,2023-11-02 10:07:00-04:00,14935.534575520875,14891.659575520875,14935.534575520875,29.25,43.875,TP,43.875,False
1494_upper,2023-11-03,2023,upper,2023-11-03 09:31:00-04:00,2023-11-03 15:00:00-04:00,15070.892577085335,15212.75,15070.892577085335,125.5,188.25,cutoff,-141.85742291466522,False
1504_upper,2023-11-07,2023,upper,2023-11-07 09:17:00-05:00,2023-11-07 10:00:00-05:00,15268.539634336601,15319.164634336601,15268.539634336601,33.75,50.625,SL,-50.625,False
1492_upper,2023-11-07,2023,upper,2023-11-07 10:28:00-05:00,2023-11-07 15:00:00-05:00,15343.319510651938,15386.0,15343.319510651938,79.25,118.875,cutoff,-42.68048934806211,False
1510_upper,2023-11-14,2023,upper,2023-11-14 08:30:00-05:00,2023-11-14 08:30:00-05:00,15665.251049723287,15694.876049723287,15665.251049723287,19.75,29.625,SL,-29.625,False
1511_upper,2023-11-15,2023,upper,2023-11-15 08:25:00-05:00,2023-11-15 08:30:00-05:00,15999.786834905073,16035.786834905073,15999.786834905073,24.0,36.0,SL,-36.0,False
1514_upper,2023-11-20,2023,upper,2023-11-20 09:58:00-05:00,2023-11-20 10:23:00-05:00,15994.229960445984,15945.479960445984,15994.229960445984,32.5,48.75,TP,48.75,False
1516_upper,2023-11-22,2023,upper,2023-11-22 09:36:00-05:00,2023-11-22 09:50:00-05:00,16158.55957440403,16118.43457440403,16158.55957440403,26.75,40.125,TP,40.125,False
1518_lower,2023-11-27,2023,lower,2023-11-26 21:04:00-05:00,2023-11-27 03:03:00-05:00,15958.763632343205,15987.638632343205,15958.763632343205,19.25,28.875,TP,28.875,False
1521_upper,2023-11-29,2023,upper,2023-11-29 04:23:00-05:00,2023-11-29 08:30:00-05:00,16103.147216602607,16169.147216602607,16103.147216602607,44.0,66.0,SL,-66.0,False
1522_lower,2023-11-30,2023,lower,2023-11-30 09:42:00-05:00,2023-11-30 10:46:00-05:00,15967.453281160262,15893.203281160262,15967.453281160262,49.5,74.25,SL,-74.25,False
1519_lower,2023-11-30,2023,lower,2023-11-30 10:48:00-05:00,2023-11-30 12:04:00-05:00,15888.614926757957,15888.614926757957,15888.614926757957,105.0,157.5,BE,0.0,False
1521_lower,2023-12-04,2023,lower,2023-12-04 09:24:00-05:00,2023-12-04 10:26:00-05:00,15854.352783397393,15756.852783397393,15854.352783397393,65.0,97.5,SL,-97.5,False
1515_lower,2023-12-04,2023,lower,2023-12-04 10:28:00-05:00,2023-12-04 15:00:00-05:00,15747.922036739732,15829.0,15747.922036739732,85.0,127.5,cutoff,81.077963260268,False
1525_upper,2023-12-06,2023,upper,2023-12-06 09:00:00-05:00,2023-12-06 10:25:00-05:00,16019.860859026965,15892.735859026965,16019.860859026965,84.75,127.125,TP,127.125,False
1524_upper,2023-12-08,2023,upper,2023-12-08 10:11:00-05:00,2023-12-08 13:28:00-05:00,16085.76333390208,16085.76333390208,16085.76333390208,87.5,131.25,BE,-0.0,False
1517_upper,2023-12-11,2023,upper,2023-12-10 19:00:00-05:00,2023-12-10 21:30:00-05:00,16313.0,16264.625,16300.91155252398,32.25,48.375,TP,48.375,True
1522_upper,2023-12-11,2023,upper,2023-12-11 09:33:00-05:00,2023-12-11 09:46:00-05:00,16326.546718839738,16366.671718839738,16326.546718839738,26.75,40.125,SL,-40.125,False
1530_upper,2023-12-12,2023,upper,2023-12-11 19:21:00-05:00,2023-12-12 00:42:00-05:00,16478.359105597912,16478.359105597912,16478.359105597912,15.25,22.875,BE,-0.0,False
1533_upper,2023-12-19,2023,upper,2023-12-19 07:17:00-05:00,2023-12-19 09:31:00-05:00,16980.404600724352,16980.404600724352,16980.404600724352,24.75,37.125,BE,-0.0,False
1535_upper,2023-12-19,2023,upper,2023-12-19 10:31:00-05:00,2023-12-19 15:00:00-05:00,16999.357653136416,17002.0,16999.357653136416,51.0,76.5,cutoff,-2.6423468635839527,False
1539_upper,2023-12-28,2023,upper,2023-12-27 20:09:00-05:00,2023-12-28 09:38:00-05:00,17145.732745703783,17122.482745703783,17145.732745703783,15.5,23.25,TP,23.25,False
1542_lower,2023-12-29,2023,lower,2023-12-29 10:48:00-05:00,2023-12-29 11:16:00-05:00,17003.61585585585,16952.99085585585,17003.61585585585,33.75,50.625,SL,-50.625,False
2053_lower,2026-01-02,2026,lower,2026-01-02 10:57:00-05:00,2026-01-02 15:00:00-05:00,25410.2779278674,25406.5,25410.2779278674,165.5,200.0,cutoff,-3.77792786739883,False
2052_upper,2026-01-13,2026,upper,2026-01-13 08:31:00-05:00,2026-01-13 08:39:00-05:00,26021.232009355885,25975.482009355885,26021.232009355885,30.5,45.75,TP,45.75,False
2066_lower,2026-01-14,2026,lower,2026-01-14 09:59:00-05:00,2026-01-14 10:15:00-05:00,25582.086025672208,25691.586025672208,25582.086025672208,73.0,109.5,TP,109.5,False
2065_lower,2026-01-14,2026,lower,2026-01-14 10:51:00-05:00,2026-01-14 12:16:00-05:00,25472.4207777887,25472.4207777887,25472.4207777887,208.25,200.0,BE,0.0,False
2068_lower,2026-01-16,2026,lower,2026-01-16 10:36:00-05:00,2026-01-16 15:00:00-05:00,25629.313156713768,25714.75,25629.313156713768,164.75,200.0,cutoff,85.43684328623203,False
2063_lower,2026-01-19,2026,lower,2026-01-18 22:24:00-05:00,2026-01-19 00:19:00-05:00,25373.145816891818,25373.145816891818,25373.145816891818,32.75,49.125,BE,0.0,False
2061_lower,2026-01-19,2026,lower,2026-01-19 02:10:00-05:00,2026-01-19 03:23:00-05:00,25350.284539800687,25400.159539800687,25350.284539800687,33.25,49.875,TP,49.875,False
2067_lower,2026-01-19,2026,lower,2026-01-19 04:25:00-05:00,2026-01-19 12:30:00-05:00,25317.811823945234,25411.936823945234,25317.811823945234,62.75,94.125,TP,94.125,False
2059_lower,2026-01-20,2026,lower,2026-01-20 03:31:00-05:00,2026-01-20 04:32:00-05:00,25216.808747005507,25121.183747005507,25216.808747005507,63.75,95.625,SL,-95.625,False
2074_upper,2026-01-27,2026,upper,2026-01-26 21:57:00-05:00,2026-01-27 01:05:00-05:00,25972.950621766613,26020.575621766613,25972.950621766613,31.75,47.625,SL,-47.625,False
2073_upper,2026-01-27,2026,upper,2026-01-27 01:06:00-05:00,2026-01-27 03:36:00-05:00,26026.77634869439,25970.15134869439,26026.77634869439,37.75,56.625,TP,56.625,False
2062_upper,2026-01-27,2026,upper,2026-01-27 10:10:00-05:00,2026-01-27 15:00:00-05:00,26072.435622228648,26093.5,26072.435622228648,140.75,200.0,cutoff,-21.064377771352156,False
2068_upper,2026-01-28,2026,upper,2026-01-27 19:35:00-05:00,2026-01-28 00:58:00-05:00,26192.561843286232,26247.686843286232,26192.561843286232,36.75,55.125,SL,-55.125,False
2066_upper,2026-01-28,2026,upper,2026-01-28 01:00:00-05:00,2026-01-28 01:31:00-05:00,26295.788974327792,26338.538974327792,26295.788974327792,28.5,42.75,SL,-42.75,False
2077_lower,2026-01-29,2026,lower,2026-01-29 09:42:00-05:00,2026-01-29 09:54:00-05:00,25984.096228371418,25904.596228371418,25984.096228371418,53.0,79.5,SL,-79.5,False
2076_lower,2026-01-29,2026,lower,2026-01-29 10:36:00-05:00,2026-01-29 12:38:00-05:00,25678.006280754824,25878.006280754824,25678.006280754824,338.75,200.0,TP,200.0,False
2073_lower,2026-02-02,2026,lower,2026-02-01 22:14:00-05:00,2026-02-02 01:15:00-05:00,25336.47365130561,25197.72365130561,25336.47365130561,92.5,138.75,SL,-138.75,False
2080_lower,2026-02-04,2026,lower,2026-02-04 10:01:00-05:00,2026-02-04 11:49:00-05:00,25144.154549493003,24944.154549493003,25144.154549493003,204.0,200.0,SL,-200.0,False
2083_upper,2026-02-09,2026,upper,2026-02-08 19:02:00-05:00,2026-02-09 04:51:00-05:00,25308.784126629384,25108.784126629384,25308.784126629384,140.75,200.0,TP,200.0,False
2085_lower,2026-02-13,2026,lower,2026-02-13 06:30:00-05:00,2026-02-13 07:00:00-05:00,24633.391857165167,24741.391857165167,24633.391857165167,72.0,108.0,TP,108.0,False
2090_upper,2026-02-18,2026,upper,2026-02-18 10:17:00-05:00,2026-02-18 14:57:00-05:00,25073.84211892498,24873.84211892498,25073.84211892498,206.5,200.0,TP,200.0,False
2091_upper,2026-02-25,2026,upper,2026-02-25 08:55:00-05:00,2026-02-25 09:31:00-05:00,25154.51755998832,25222.01755998832,25154.51755998832,45.0,67.5,SL,-67.5,False
2096_upper,2026-02-25,2026,upper,2026-02-25 09:47:00-05:00,2026-02-25 11:40:00-05:00,25317.93310463668,25317.93310463668,25317.93310463668,42.0,63.0,BE,-0.0,False
2097_lower,2026-02-27,2026,lower,2026-02-27 08:30:00-05:00,2026-02-27 10:08:00-05:00,24825.88513501576,24969.88513501576,24825.88513501576,96.0,144.0,TP,144.0,False
2095_lower,2026-03-02,2026,lower,2026-03-02 01:48:00-05:00,2026-03-02 08:25:00-05:00,24588.439612813825,24734.689612813825,24588.439612813825,97.5,146.25,TP,146.25,False
2093_lower,2026-03-03,2026,lower,2026-03-03 04:46:00-05:00,2026-03-03 11:45:00-05:00,24473.331852930034,24673.331852930034,24473.331852930034,189.5,200.0,TP,200.0,False
2101_upper,2026-03-04,2026,upper,2026-03-04 10:01:00-05:00,2026-03-04 13:00:00-05:00,24982.357602534,25182.357602534,24982.357602534,144.25,200.0,SL,-200.0,False
2099_upper,2026-03-05,2026,upper,2026-03-04 19:15:00-05:00,2026-03-04 20:19:00-05:00,25229.04674451065,25152.92174451065,25229.04674451065,50.75,76.125,TP,76.125,False
2091_lower,2026-03-09,2026,lower,2026-03-08 20:23:00-04:00,2026-03-09 05:14:00-04:00,24143.73244001168,24343.73244001168,24143.73244001168,158.0,200.0,TP,200.0,False
2104_upper,2026-03-10,2026,upper,2026-03-10 04:08:00-04:00,2026-03-10 05:33:00-04:00,25119.94149499076,25119.94149499076,25119.94149499076,137.5,200.0,BE,-0.0,False
2107_lower,2026-03-12,2026,lower,2026-03-12 09:55:00-04:00,2026-03-12 10:04:00-04:00,24652.496682358294,24744.746682358294,24652.496682358294,61.5,92.25,TP,92.25,False
2106_lower,2026-03-12,2026,lower,2026-03-12 10:37:00-04:00,2026-03-12 12:09:00-04:00,24590.175292751177,24590.175292751177,24590.175292751177,222.25,200.0,BE,0.0,False
2109_upper,2026-03-17,2026,upper,2026-03-17 09:46:00-04:00,2026-03-17 15:00:00-04:00,25096.19805301506,25003.0,25096.19805301506,127.5,191.25,cutoff,93.1980530150613,False
2108_upper,2026-03-18,2026,upper,2026-03-18 01:27:00-04:00,2026-03-18 02:20:00-04:00,25161.616617122825,25188.616617122825,25161.616617122825,18.0,27.0,SL,-27.0,False
2112_lower,2026-03-19,2026,lower,2026-03-19 03:57:00-04:00,2026-03-19 05:25:00-04:00,24550.4725595392,24550.4725595392,24550.4725595392,65.25,97.875,BE,0.0,False
2109_lower,2026-03-20,2026,lower,2026-03-20 10:12:00-04:00,2026-03-20 11:28:00-04:00,24257.42694698494,24257.42694698494,24257.42694698494,247.75,200.0,BE,0.0,False
2115_lower,2026-03-26,2026,lower,2026-03-26 08:35:00-04:00,2026-03-26 09:51:00-04:00,24069.165318483185,24203.790318483185,24069.165318483185,89.75,134.625,TP,134.625,False
2120_lower,2026-03-31,2026,lower,2026-03-30 20:17:00-04:00,2026-03-30 20:43:00-04:00,22983.31380287526,23101.43880287526,22983.31380287526,78.75,118.125,TP,118.125,False
2119_upper,2026-04-01,2026,upper,2026-03-31 19:58:00-04:00,2026-04-01 01:05:00-04:00,24027.08869351358,24027.08869351358,24027.08869351358,94.0,141.0,BE,-0.0,False
2122_lower,2026-04-02,2026,lower,2026-04-02 07:28:00-04:00,2026-04-02 08:58:00-04:00,23729.68143980739,23729.68143980739,23729.68143980739,65.75,98.625,BE,0.0,False
2123_upper,2026-04-06,2026,upper,2026-04-05 22:19:00-04:00,2026-04-05 23:08:00-04:00,24289.10131924296,24204.72631924296,24289.10131924296,56.25,84.375,TP,84.375,False
2115_upper,2026-04-08,2026,upper,2026-04-07 19:04:00-04:00,2026-04-08 01:51:00-04:00,24984.459681516815,25184.459681516815,24984.459681516815,569.5,200.0,SL,-200.0,False
2110_upper,2026-04-10,2026,upper,2026-04-09 20:59:00-04:00,2026-04-09 22:15:00-04:00,25273.09253845201,25273.09253845201,25273.09253845201,45.0,67.5,BE,-0.0,False
2111_upper,2026-04-10,2026,upper,2026-04-10 08:29:00-04:00,2026-04-10 08:30:00-04:00,25378.695918099,25317.945918099,25378.695918099,40.5,60.75,TP,60.75,False
2128_upper,2026-04-14,2026,upper,2026-04-13 19:07:00-04:00,2026-04-13 20:05:00-04:00,25611.34815671422,25561.47315671422,25611.34815671422,33.25,49.875,TP,49.875,False
2130_upper,2026-04-15,2026,upper,2026-04-14 19:34:00-04:00,2026-04-14 20:55:00-04:00,26016.020610526048,26016.020610526048,26016.020610526048,38.5,57.75,BE,-0.0,False
2132_upper,2026-04-17,2026,upper,2026-04-17 09:07:00-04:00,2026-04-17 10:30:00-04:00,26750.85865637195,26750.85865637195,26750.85865637195,184.25,200.0,BE,-0.0,False
2136_upper,2026-04-24,2026,upper,2026-04-24 07:07:00-04:00,2026-04-24 09:55:00-04:00,27267.134887108085,27140.009887108085,27267.134887108085,84.75,127.125,TP,127.125,False
2138_upper,2026-04-27,2026,upper,2026-04-26 22:00:00-04:00,2026-04-27 03:09:00-04:00,27541.200536733537,27415.200536733537,27541.200536733537,84.0,126.0,TP,126.0,False
2139_lower,2026-04-28,2026,lower,2026-04-28 08:23:00-04:00,2026-04-28 09:49:00-04:00,27049.808787510927,27249.808787510927,27049.808787510927,189.25,200.0,TP,200.0,False
2140_upper,2026-04-30,2026,upper,2026-04-29 19:48:00-04:00,2026-04-30 00:12:00-04:00,27529.434177961637,27329.434177961637,27529.434177961637,293.0,200.0,TP,200.0,False
2139_upper,2026-05-01,2026,upper,2026-05-01 09:33:00-04:00,2026-05-01 09:55:00-04:00,27727.691212489073,27845.816212489073,27727.691212489073,78.75,118.125,SL,-118.125,False
2142_upper,2026-05-01,2026,upper,2026-05-01 10:03:00-04:00,2026-05-01 11:37:00-04:00,27896.92021898806,27896.92021898806,27896.92021898806,300.0,200.0,BE,-0.0,False
2143_upper,2026-05-05,2026,upper,2026-05-05 10:36:00-04:00,2026-05-05 15:00:00-04:00,28138.06154108305,28171.5,28138.06154108305,141.0,200.0,cutoff,-33.43845891694946,False
2147_upper,2026-05-08,2026,upper,2026-05-08 10:58:00-04:00,2026-05-08 15:00:00-04:00,29174.65787972472,29255.5,29174.65787972472,251.75,200.0,cutoff,-80.84212027527974,False
2148_upper,2026-05-11,2026,upper,2026-05-11 09:32:00-04:00,2026-05-11 10:29:00-04:00,29422.9618069465,29281.9618069465,29422.9618069465,94.0,141.0,TP,141.0,False
2150_upper,2026-05-14,2026,upper,2026-05-13 19:05:00-04:00,2026-05-13 20:25:00-04:00,29646.42303898361,29646.42303898361,29646.42303898361,81.25,121.875,BE,-0.0,False
2149_upper,2026-05-14,2026,upper,2026-05-14 10:50:00-04:00,2026-05-14 15:00:00-04:00,29708.514501113983,29725.0,29708.514501113983,236.5,200.0,cutoff,-16.485498886017012,False
2152_lower,2026-05-18,2026,lower,2026-05-17 19:40:00-04:00,2026-05-18 08:39:00-04:00,29084.62855805579,29284.62855805579,29084.62855805579,173.75,200.0,TP,200.0,False
2151_lower,2026-05-19,2026,lower,2026-05-19 09:20:00-04:00,2026-05-19 09:32:00-04:00,28811.51963438418,28971.64463438418,28811.51963438418,106.75,160.125,TP,160.125,False
2153_lower,2026-05-19,2026,lower,2026-05-19 10:07:00-04:00,2026-05-19 11:23:00-04:00,28775.551734540284,28775.551734540284,28775.551734540284,265.25,200.0,BE,0.0,False
2155_upper,2026-05-21,2026,upper,2026-05-21 00:59:00-04:00,2026-05-21 01:47:00-04:00,29420.86955887296,29336.49455887296,29420.86955887296,56.25,84.375,TP,84.375,False
2157_upper,2026-05-22,2026,upper,2026-05-22 04:18:00-04:00,2026-05-22 05:00:00-04:00,29642.116120772633,29553.991120772633,29642.116120772633,58.75,88.125,TP,88.125,False
2152_upper,2026-05-25,2026,upper,2026-05-24 23:00:00-04:00,2026-05-25 12:59:00-04:00,29963.24644194421,29962.5,29963.24644194421,57.75,86.625,cutoff,0.7464419442112558,False
2158_upper,2026-05-26,2026,upper,2026-05-26 10:00:00-04:00,2026-05-26 15:00:00-04:00,30009.455726915767,30009.75,30009.455726915767,180.25,200.0,cutoff,-0.29427308423328213,False
2159_upper,2026-05-27,2026,upper,2026-05-27 07:00:00-04:00,2026-05-27 08:19:00-04:00,30248.501331652922,30302.876331652922,30248.501331652922,36.25,54.375,SL,-54.375,False
2160_upper,2026-05-27,2026,upper,2026-05-27 08:22:00-04:00,2026-05-27 08:49:00-04:00,30374.530427233534,30281.905427233534,30374.530427233534,61.75,92.625,TP,92.625,False
2162_upper,2026-05-29,2026,upper,2026-05-29 09:57:00-04:00,2026-05-29 10:15:00-04:00,30514.38147395403,30433.38147395403,30514.38147395403,54.0,81.0,TP,81.0,False
2166_lower,2026-06-04,2026,lower,2026-06-04 07:36:00-04:00,2026-06-04 09:45:00-04:00,30203.484160153974,30203.484160153974,30203.484160153974,132.75,199.125,BE,0.0,False
2165_lower,2026-06-05,2026,lower,2026-06-04 21:13:00-04:00,2026-06-05 02:44:00-04:00,30115.50365037811,30115.50365037811,30115.50365037811,133.25,199.875,BE,0.0,False
2163_lower,2026-06-05,2026,lower,2026-06-05 09:30:00-04:00,2026-06-05 09:56:00-04:00,30011.076790907744,29838.576790907744,30011.076790907744,115.0,172.5,SL,-172.5,False
2167_lower,2026-06-05,2026,lower,2026-06-05 09:57:00-04:00,2026-06-05 11:38:00-04:00,29834.523639704264,29662.023639704264,29834.523639704264,115.0,172.5,SL,-172.5,False
